사고년도,가해자성별,가해자연령,가해차종,가해자신체상해정도,피해자성별,피해자연령,피해차종,피해자신체상해정도,사고유형,가해자법규위반,기상상태,시각,사건번호
2015,남,55세,승용차,상해없음,남,27세,자전거,중상,차대차 - 기타,안전운전불이행,맑음,2015-08-19_23시,ID_352
2017,여,48세,승용차,상해없음,남,22세,자전거,경상,차대차 - 측면충돌,안전운전불이행,맑음,2017-12-20_7시,ID_4214
2015,여,36세,승용차,상해없음,남,17세,자전거,경상,차대차 - 기타,안전운전불이행,맑음,2015-08-22_12시,ID_1974
2015,남,75세,자전거,상해없음,여,63세,보행자,중상,차대사람 - 보도통행중,기타,맑음,2015-02-10_15시,ID_1105
2019,남,50세,자전거,상해없음,남,40세,자전거,경상,차대차 - 정면충돌,안전운전불이행,맑음,2019-07-15_22시,ID_6569
2017,여,54세,승용차,상해없음,남,58세,자전거,경상,차대차 - 측면충돌,안전운전불이행,맑음,2017-10-24_15시,ID_3921
2017,남,47세,화물차,상해없음,남,85세,자전거,중상,차대차 - 측면충돌,안전운전불이행,맑음,2017-03-08_13시,ID_3591
2020,남,26세,자전거,상해없음,남,34세,보행자,경상,차대사람 - 횡단중,보행자보호위반,맑음,2020-04-18_10시,ID_6833
2018,남,15세,자전거,상해없음,여,46세,보행자,중상,차대사람 - 기타,안전운전불이행,맑음,2018-05-08_7시,ID_5085
2019,남,46세,승용차,상해없음,여,55세,자전거,경상,차대차 - 측면충돌,안전운전불이행,맑음,2019-05-16_18시,ID_6131
2016,남,35세,이륜차,상해없음,여,62세,자전거,중상,차대차 - 추돌 - 진행중,안전운전불이행,맑음,2016-09-16_0시,ID_2636
2016,남,36세,승용차,상해없음,남,79세,자전거,경상,차대차 - 추돌 - 진행중,안전운전불이행,흐림,2016-11-04_16시,ID_2406
2015,남,34세,화물차,상해없음,여,48세,자전거,경상,차대차 - 측면직각충돌,안전운전불이행,맑음,2015-07-10_9시,ID_674
2016,남,22세,자전거,상해없음,여,51세,보행자,경상,차대사람 - 보도통행중,기타,맑음,2016-05-29_19시,ID_3022
2015,남,46세,승합차,상해없음,남,33세,자전거,중상,차대차 - 기타,교차로운행방법위반,맑음,2015-04-20_22시,ID_2034
2020,남,63세,승용차,상해없음,남,52세,자전거,경상,차대차 - 기타,안전운전불이행,맑음,2020-05-16_15시,ID_7240
2017,남,69세,자전거,상해없음,남,46세,이륜차,중상,차대차 - 정면충돌,중앙선침범,맑음,2017-05-19_11시,ID_3783
2017,여,63세,승용차,상해없음,남,51세,자전거,경상,차대차 - 측면충돌,교차로운행방법위반,맑음,2017-10-24_18시,ID_4339
2017,남,55세,화물차,상해없음,남,14세,자전거,경상,차대차 - 측면충돌,안전거리미확보,맑음,2017-01-05_14시,ID_4491
2020,여,68세,자전거,상해없음,여,72세,보행자,중상,차대사람 - 보도통행중,안전운전불이행,맑음,2020-06-10_15시,ID_7539
2015,남,65세,승용차,상해없음,여,10세,자전거,경상,차대차 - 측면직각충돌,교차로운행방법위반,맑음,2015-11-20_16시,ID_822
2016,남,32세,이륜차,상해없음,남,58세,자전거,경상,차대차 - 측면직각충돌,안전운전불이행,맑음,2016-08-13_10시,ID_2630
2020,남,75세,승용차,상해없음,여,69세,자전거,경상,차대차 - 측면충돌,안전거리미확보,맑음,2020-11-27_15시,ID_6887
2016,남,39세,승용차,상해없음,남,50세,자전거,경상,차대차 - 측면직각충돌,중앙선침범,맑음,2016-02-26_5시,ID_2884
2017,남,29세,승용차,상해없음,여,75세,자전거,중상,차대차 - 기타,안전운전불이행,맑음,2017-05-01_18시,ID_4636
2019,여,49세,승용차,상해없음,남,24세,자전거,경상,차대차 - 측면충돌,안전운전불이행,맑음,2019-04-23_11시,ID_6322
2016,남,24세,자전거,상해없음,남,30세,자전거,경상,차대차 - 추돌 - 진행중,안전운전불이행,맑음,2016-09-30_21시,ID_2443
2016,남,57세,승용차,상해없음,남,33세,자전거,경상,차대차 - 정면충돌,안전운전불이행,맑음,2016-08-03_17시,ID_2891
2018,여,51세,승용차,상해없음,남,32세,자전거,중상,차대차 - 측면충돌,안전운전불이행,맑음,2018-12-06_19시,ID_5266
2015,남,25세,승용차,상해없음,남,22세,자전거,경상,차대차 - 기타,중앙선침범,맑음,2015-08-11_23시,ID_1781
2020,남,46세,승용차,상해없음,남,82세,자전거,경상,차대차 - 측면충돌,안전운전불이행,비,2020-08-29_18시,ID_7687
2019,여,59세,승용차,상해없음,남,17세,자전거,경상,차대차 - 기타,신호위반,맑음,2019-11-11_7시,ID_6374
2018,남,74세,승용차,상해없음,남,53세,자전거,경상,차대차 - 기타,기타,맑음,2018-07-21_14시,ID_5225
2017,남,28세,승용차,상해없음,여,54세,자전거,경상,차대차 - 측면충돌,기타,맑음,2017-06-18_9시,ID_3949
2020,남,78세,화물차,상해없음,여,64세,자전거,중상,차대차 - 기타,교차로통행방법위반,맑음,2020-07-16_14시,ID_7601
2020,남,74세,승용차,상해없음,여,48세,자전거,경상,차대차 - 측면충돌,안전운전불이행,맑음,2020-07-05_19시,ID_6961
2020,남,50세,승용차,상해없음,여,18세,자전거,경상,차대차 - 측면충돌,안전운전불이행,맑음,2020-07-12_13시,ID_6885
2019,남,60세,승용차,상해없음,여,69세,자전거,중상,차대차 - 측면충돌,신호위반,맑음,2019-10-30_10시,ID_6001
2018,남,61세,승용차,상해없음,여,26세,자전거,중상,차대차 - 측면충돌,안전운전불이행,맑음,2018-04-30_21시,ID_4934
2017,남,66세,원동기장치자전거,상해없음,여,57세,자전거,경상,차대차 - 측면충돌,안전운전불이행,비,2017-04-06_8시,ID_4679
2016,남,11세,자전거,상해없음,여,60세,자전거,경상,차대차 - 측면직각충돌,안전운전불이행,맑음,2016-06-26_19시,ID_2833
2019,남,69세,화물차,상해없음,남,67세,자전거,경상,차대차 - 측면충돌,안전운전불이행,맑음,2019-06-18_9시,ID_6402
2016,여,37세,승용차,상해없음,남,14세,자전거,중상,차대차 - 기타,안전운전불이행,맑음,2016-08-29_8시,ID_3502
2015,남,35세,승용차,상해없음,남,72세,자전거,경상,차대차 - 기타,기타,맑음,2015-08-01_10시,ID_1540
2018,남,62세,승용차,상해없음,남,62세,자전거,중상,차대차 - 기타,안전운전불이행,맑음,2018-12-15_7시,ID_4881
2019,남,52세,승용차,상해없음,남,41세,자전거,중상,차대차 - 측면충돌,신호위반,맑음,2019-09-18_7시,ID_6667
2017,남,50세,승용차,상해없음,남,69세,자전거,중상,차대차 - 기타,안전운전불이행,맑음,2017-11-06_7시,ID_4168
2018,남,27세,승용차,상해없음,남,67세,자전거,중상,차대차 - 측면충돌,교차로통행방법위반,비,2018-05-02_5시,ID_5449
2016,남,42세,화물차,상해없음,남,63세,자전거,중상,차대차 - 측면직각충돌,안전운전불이행,맑음,2016-03-22_6시,ID_2699
2015,여,27세,자전거,경상,여,26세,원동기장치자전거,경상,차대차 - 기타,안전운전불이행,맑음,2015-08-15_22시,ID_1148
2016,남,63세,승용차,상해없음,남,73세,자전거,경상,차대차 - 측면직각충돌,기타,맑음,2016-02-13_11시,ID_3321
2016,남,65세,자전거,상해없음,남,66세,자전거,중상,차대차 - 측면직각충돌,안전운전불이행,맑음,2016-10-05_13시,ID_2517
2018,남,36세,화물차,상해없음,남,12세,자전거,중상,차대차 - 측면충돌,기타,맑음,2018-06-06_18시,ID_5657
2020,여,72세,자전거,상해없음,여,66세,보행자,중상,차대사람 - 보도통행중,기타,흐림,2020-01-31_14시,ID_7287
2016,남,44세,승용차,상해없음,남,56세,자전거,중상,차대차 - 측면직각충돌,교차로운행방법위반,맑음,2016-08-10_12시,ID_3239
2020,남,62세,승용차,상해없음,남,11세,자전거,경상,차대차 - 측면충돌,안전운전불이행,맑음,2020-06-13_18시,ID_7779
2015,남,37세,자전거,상해없음,여,63세,보행자,경상,차대사람 - 길가장자리구역통행중,안전운전불이행,맑음,2015-08-16_8시,ID_617
2019,남,85세,승용차,상해없음,남,77세,자전거,경상,차대차 - 기타,안전운전불이행,맑음,2019-12-19_13시,ID_5830
2018,여,61세,승용차,상해없음,남,45세,자전거,경상,차대차 - 기타,안전운전불이행,맑음,2018-06-20_22시,ID_5113
2015,남,69세,승용차,상해없음,남,24세,자전거,중상,차대차 - 측면직각충돌,신호위반,맑음,2015-10-24_17시,ID_195
2019,남,68세,화물차,상해없음,남,40세,자전거,경상,차대차 - 기타,신호위반,맑음,2019-10-15_18시,ID_6811
2016,남,55세,화물차,기타불명,남,10세,자전거,경상,차대차 - 기타,안전운전불이행,맑음,2016-06-03_14시,ID_2415
2018,남,73세,승용차,상해없음,남,47세,자전거,중상,차대차 - 추돌,신호위반,맑음,2018-03-22_13시,ID_5618
2019,남,55세,승용차,상해없음,남,23세,자전거,경상,차대차 - 추돌,교차로통행방법위반,맑음,2019-05-09_21시,ID_6180
2019,여,57세,승용차,상해없음,남,76세,자전거,중상,차대차 - 측면충돌,안전운전불이행,맑음,2019-08-23_12시,ID_6433
2019,여,49세,승용차,상해없음,남,97세,자전거,경상,차대차 - 기타,안전운전불이행,맑음,2019-06-18_9시,ID_6732
2020,남,47세,승용차,상해없음,남,72세,자전거,경상,차대차 - 추돌,안전운전불이행,맑음,2020-09-25_11시,ID_7551
2017,남,57세,승용차,상해없음,남,22세,자전거,중상,차대차 - 측면충돌,신호위반,맑음,2017-04-21_8시,ID_4344
2017,남,13세,자전거,경상,여,67세,보행자,중상,차대사람 - 차도통행중,안전운전불이행,흐림,2017-08-09_18시,ID_3728
2017,남,52세,승용차,상해없음,남,67세,자전거,경상,차대차 - 기타,기타,맑음,2017-11-07_6시,ID_3694
2016,남,30세,승용차,상해없음,여,26세,자전거,경상,차대차 - 기타,안전운전불이행,맑음,2016-06-21_19시,ID_3031
2015,남,19세,원동기장치자전거,상해없음,남,64세,자전거,경상,차대차 - 측면직각충돌,신호위반,맑음,2015-08-05_17시,ID_968
2015,남,52세,승용차,상해없음,남,11세,자전거,경상,차대차 - 측면직각충돌,교차로운행방법위반,맑음,2015-04-25_16시,ID_1291
2018,남,55세,승용차,상해없음,남,22세,자전거,경상,차대차 - 기타,안전운전불이행,맑음,2018-09-25_20시,ID_5249
2015,여,40세,승용차,상해없음,남,11세,자전거,경상,차대차 - 기타,기타,맑음,2015-06-08_8시,ID_1049
2015,여,55세,승용차,상해없음,남,25세,자전거,경상,차대차 - 측면직각충돌,안전운전불이행,맑음,2015-10-14_9시,ID_640
2017,남,79세,자전거,상해없음,남,53세,보행자,경상,차대사람 - 횡단중,기타,맑음,2017-05-16_11시,ID_4535
2017,남,52세,승용차,상해없음,남,82세,자전거,중상,차대차 - 측면충돌,안전운전불이행,맑음,2017-04-19_9시,ID_4313
2017,남,74세,승용차,상해없음,여,47세,자전거,경상,차대차 - 기타,신호위반,맑음,2017-11-11_9시,ID_3635
2020,남,41세,승용차,상해없음,남,38세,자전거,경상,차대차 - 측면충돌,안전운전불이행,맑음,2020-07-14_22시,ID_7005
2015,남,56세,승용차,기타불명,남,16세,자전거,경상,차대차 - 기타,기타,맑음,2015-12-23_21시,ID_21
2015,남,65세,승용차,상해없음,남,42세,자전거,경상,차대차 - 측면직각충돌,안전운전불이행,맑음,2015-06-14_22시,ID_1217
2019,남,60세,승용차,상해없음,남,78세,자전거,중상,차대차 - 기타,안전운전불이행,맑음,2019-06-23_8시,ID_6066
2018,남,70세,화물차,상해없음,여,61세,자전거,중상,차대차 - 측면충돌,안전운전불이행,맑음,2018-09-22_6시,ID_5764
2016,남,52세,승용차,상해없음,남,61세,자전거,경상,차대차 - 측면직각충돌,기타,맑음,2016-08-12_17시,ID_3108
2016,남,58세,승용차,상해없음,여,45세,자전거,경상,차대차 - 측면직각충돌,안전운전불이행,비,2016-05-02_21시,ID_2277
2015,남,16세,자전거,상해없음,여,27세,보행자,경상,차대사람 - 차도통행중,안전운전불이행,맑음,2015-05-16_20시,ID_448
2015,남,16세,자전거,부상신고,여,46세,보행자,경상,차대사람 - 기타,안전운전불이행,맑음,2015-08-08_14시,ID_1052
2017,남,79세,승용차,상해없음,남,63세,자전거,경상,차대차 - 측면충돌,신호위반,맑음,2017-10-03_14시,ID_4390
2016,남,36세,승용차,상해없음,남,24세,자전거,중상,차대차 - 기타,안전운전불이행,맑음,2016-07-17_4시,ID_2822
2020,여,49세,승용차,상해없음,남,28세,자전거,경상,차대차 - 기타,교차로통행방법위반,맑음,2020-06-12_15시,ID_7536
2020,여,48세,승용차,상해없음,남,79세,자전거,중상,차대차 - 측면충돌,안전운전불이행,맑음,2020-10-05_12시,ID_6999
2020,남,49세,승용차,상해없음,남,24세,자전거,경상,차대차 - 측면충돌,안전운전불이행,맑음,2020-12-20_21시,ID_7491
2015,남,26세,승용차,상해없음,여,69세,자전거,경상,차대차 - 추돌 - 주정차중,안전운전불이행,맑음,2015-03-10_15시,ID_1080
2016,여,67세,승용차,상해없음,여,34세,자전거,경상,차대차 - 기타,안전운전불이행,맑음,2016-06-28_13시,ID_2331
2020,남,64세,승용차,상해없음,남,67세,자전거,경상,차대차 - 정면충돌,신호위반,맑음,2020-09-13_9시,ID_7502
2015,남,44세,승용차,상해없음,남,62세,자전거,중상,차대차 - 측면직각충돌,안전운전불이행,맑음,2015-08-13_17시,ID_1047
2019,남,45세,승용차,상해없음,남,80세,자전거,경상,차대차 - 추돌,안전거리미확보,맑음,2019-07-01_8시,ID_6689
2019,남,63세,승용차,상해없음,여,24세,자전거,경상,차대차 - 측면충돌,안전운전불이행,맑음,2019-09-27_19시,ID_6407
2017,남,33세,자전거,상해없음,남,26세,자전거,경상,차대차 - 기타,안전운전불이행,맑음,2017-04-27_17시,ID_3675
2020,남,55세,승용차,상해없음,여,57세,자전거,경상,차대차 - 기타,신호위반,맑음,2020-04-26_21시,ID_7651
2016,남,35세,승합차,상해없음,남,71세,자전거,경상,차대차 - 측면직각충돌,교차로운행방법위반,맑음,2016-09-13_18시,ID_3309
2015,남,32세,화물차,상해없음,남,59세,자전거,경상,차대차 - 추돌 - 진행중,신호위반,맑음,2015-01-02_14시,ID_1284
2016,남,13세,자전거,상해없음,남,27세,자전거,경상,차대차 - 측면직각충돌,안전운전불이행,맑음,2016-03-20_21시,ID_2270
2015,남,51세,승용차,상해없음,남,66세,자전거,경상,차대차 - 측면직각충돌,직진우회전진행방해,맑음,2015-07-17_17시,ID_1279
2016,남,69세,화물차,상해없음,남,63세,자전거,경상,차대차 - 측면직각충돌,안전운전불이행,맑음,2016-08-05_21시,ID_2355
2018,남,56세,화물차,상해없음,남,25세,자전거,중상,차대차 - 측면충돌,안전운전불이행,맑음,2018-06-15_8시,ID_4855
2019,남,63세,자전거,상해없음,남,31세,보행자,경상,차대사람 - 기타,기타,맑음,2019-06-25_7시,ID_6516
2019,남,49세,화물차,상해없음,남,80세,자전거,경상,차대차 - 측면충돌,교차로통행방법위반,맑음,2019-05-13_17시,ID_6777
2015,남,54세,자전거,상해없음,남,25세,자전거,중상,차대차 - 기타,안전운전불이행,맑음,2015-07-11_7시,ID_134
2015,여,48세,승용차,상해없음,여,59세,자전거,경상,차대차 - 추돌 - 진행중,안전운전불이행,맑음,2015-02-05_18시,ID_963
2017,여,45세,자전거,상해없음,남,22세,보행자,경상,차대사람 - 차도통행중,안전운전불이행,비,2017-04-09_1시,ID_3734
2016,남,70세,자전거,상해없음,여,81세,보행자,중상,차대사람 - 횡단중,안전운전불이행,맑음,2016-03-17_10시,ID_2166
2019,여,41세,승용차,상해없음,남,17세,자전거,경상,차대차 - 측면충돌,신호위반,맑음,2019-10-25_7시,ID_6345
2015,남,45세,화물차,상해없음,남,75세,자전거,중상,차대차 - 측면직각충돌,직진우회전진행방해,맑음,2015-09-02_10시,ID_1818
2015,남,14세,자전거,상해없음,여,27세,승용차,경상,차대차 - 기타,신호위반,맑음,2015-04-14_22시,ID_1926
2015,여,46세,승용차,상해없음,남,27세,자전거,중상,차대차 - 기타,안전운전불이행,맑음,2015-05-09_23시,ID_1935
2015,남,55세,화물차,상해없음,남,83세,자전거,경상,차대차 - 측면직각충돌,안전운전불이행,맑음,2015-01-06_17시,ID_38
2016,남,26세,자전거,상해없음,여,24세,자전거,경상,차대차 - 정면충돌,안전운전불이행,맑음,2016-07-25_22시,ID_2065
2019,남,22세,승용차,상해없음,남,76세,자전거,중상,차대차 - 측면충돌,안전운전불이행,맑음,2019-03-07_8시,ID_6234
2016,남,29세,승용차,기타불명,남,62세,자전거,경상,차대차 - 기타,신호위반,맑음,2016-09-04_17시,ID_3535
2019,남,64세,승용차,상해없음,남,26세,자전거,중상,차대차 - 측면충돌,안전운전불이행,맑음,2019-09-18_19시,ID_6309
2016,남,37세,승용차,상해없음,여,30세,자전거,경상,차대차 - 측면직각충돌,안전운전불이행,맑음,2016-07-27_15시,ID_2751
2016,남,23세,자전거,상해없음,남,15세,자전거,경상,차대차 - 측면직각충돌,안전운전불이행,맑음,2016-05-02_15시,ID_3144
2018,남,71세,승용차,상해없음,여,61세,자전거,중상,차대차 - 측면충돌,안전운전불이행,맑음,2018-05-24_20시,ID_5310
2019,여,24세,자전거,상해없음,여,13세,보행자,경상,차대사람 - 기타,안전운전불이행,맑음,2019-10-18_9시,ID_6400
2016,남,25세,자전거,상해없음,남,26세,자전거,경상,차대차 - 기타,안전운전불이행,맑음,2016-05-27_18시,ID_3179
2018,남,50세,승용차,상해없음,남,42세,자전거,중상,차대차 - 기타,교차로통행방법위반,맑음,2018-08-25_17시,ID_5192
2015,남,43세,승용차,기타불명,남,13세,자전거,경상,차대차 - 기타,안전운전불이행,맑음,2015-09-20_16시,ID_1770
2018,남,38세,승합차,상해없음,여,38세,자전거,중상,차대차 - 측면충돌,신호위반,맑음,2018-12-08_8시,ID_5117
2018,남,66세,승용차,상해없음,남,9세,자전거,경상,차대차 - 기타,안전운전불이행,맑음,2018-03-31_17시,ID_5355
2017,남,62세,승용차,상해없음,여,55세,자전거,중상,차대차 - 기타,신호위반,맑음,2017-01-04_3시,ID_4813
2016,남,29세,승용차,상해없음,남,17세,자전거,경상,차대차 - 정면충돌,안전운전불이행,맑음,2016-01-27_23시,ID_3188
2015,남,26세,승용차,상해없음,남,52세,자전거,경상,차대차 - 측면직각충돌,안전운전불이행,맑음,2015-06-27_7시,ID_2001
2019,남,26세,자전거,상해없음,남,37세,자전거,경상,차대차 - 측면충돌,안전운전불이행,맑음,2019-10-13_14시,ID_6130
2016,남,32세,승용차,상해없음,여,56세,자전거,중상,차대차 - 측면직각충돌,신호위반,맑음,2016-05-06_15시,ID_2804
2016,남,52세,승용차,상해없음,여,54세,자전거,경상,차대차 - 측면직각충돌,안전운전불이행,맑음,2016-03-24_15시,ID_3120
2018,남,54세,화물차,상해없음,남,43세,자전거,경상,차대차 - 측면충돌,안전운전불이행,맑음,2018-04-28_13시,ID_4907
2016,남,31세,승용차,상해없음,여,55세,자전거,경상,차대차 - 측면직각충돌,안전운전불이행,맑음,2016-11-14_7시,ID_2127
2018,남,44세,자전거,상해없음,남,18세,이륜차,중상,차대차 - 기타,안전운전불이행,맑음,2018-06-13_15시,ID_4908
2015,남,46세,승용차,상해없음,남,65세,자전거,중상,차대차 - 측면직각충돌,기타,맑음,2015-03-25_19시,ID_1358
2016,남,42세,승용차,기타불명,남,65세,자전거,중상,차대차 - 기타,안전운전불이행,맑음,2016-01-16_19시,ID_2836
2020,남,50세,자전거,부상신고,남,12세,자전거,경상,차대차 - 기타,안전운전불이행,맑음,2020-10-03_15시,ID_7681
2020,남,40세,이륜차,상해없음,남,12세,자전거,경상,차대차 - 측면충돌,신호위반,맑음,2020-02-23_11시,ID_7208
2020,남,82세,승용차,상해없음,남,60세,자전거,경상,차대차 - 측면충돌,안전운전불이행,맑음,2020-11-09_12시,ID_7500
2018,남,71세,자전거,상해없음,여,28세,보행자,경상,차대사람 - 기타,안전운전불이행,맑음,2018-09-16_14시,ID_4888
2016,남,44세,자전거,상해없음,여,45세,보행자,경상,차대사람 - 횡단중,보행자보호위반,맑음,2016-02-19_21시,ID_3571
2015,남,30세,자전거,상해없음,남,51세,자전거,중상,차대차 - 추돌 - 진행중,안전운전불이행,맑음,2015-09-29_14시,ID_1404
2015,남,52세,승용차,상해없음,남,19세,자전거,중상,차대차 - 추돌 - 주정차중,안전운전불이행,맑음,2015-09-02_19시,ID_1598
2018,여,49세,승용차,상해없음,남,55세,자전거,경상,차대차 - 측면충돌,안전운전불이행,맑음,2018-04-01_19시,ID_5301
2018,여,49세,승용차,상해없음,남,24세,자전거,중상,차대차 - 기타,안전운전불이행,맑음,2018-05-21_15시,ID_5211
2015,여,56세,승용차,상해없음,여,48세,자전거,경상,차대차 - 측면직각충돌,안전운전불이행,맑음,2015-03-24_15시,ID_1507
2020,남,55세,승용차,상해없음,남,68세,자전거,경상,차대차 - 측면충돌,안전운전불이행,맑음,2020-06-11_13시,ID_7524
2015,남,63세,화물차,상해없음,남,69세,자전거,경상,차대차 - 측면직각충돌,신호위반,맑음,2015-11-05_3시,ID_169
2016,여,52세,승용차,상해없음,여,29세,자전거,경상,차대차 - 정면충돌,안전운전불이행,맑음,2016-09-22_19시,ID_3515
2020,남,70세,화물차,상해없음,여,50세,자전거,경상,차대차 - 기타,안전운전불이행,흐림,2020-05-18_9시,ID_6988
2015,여,57세,승용차,상해없음,남,76세,자전거,중상,차대차 - 측면직각충돌,안전운전불이행,흐림,2015-06-20_15시,ID_1882
2018,여,38세,승용차,상해없음,남,77세,자전거,중상,차대차 - 기타,신호위반,맑음,2018-12-22_15시,ID_5584
2016,남,74세,자전거,상해없음,남,47세,보행자,경상,차대사람 - 차도통행중,중앙선침범,맑음,2016-09-26_12시,ID_2202
2018,여,74세,자전거,상해없음,여,38세,보행자,중상,차대사람 - 길가장자리구역통행중,안전운전불이행,맑음,2018-04-30_8시,ID_5685
2019,남,28세,승용차,상해없음,남,74세,자전거,중상,차대차 - 측면충돌,안전운전불이행,맑음,2019-06-23_12시,ID_6577
2019,남,54세,승용차,상해없음,여,76세,자전거,중상,차대차 - 측면충돌,기타,맑음,2019-09-10_0시,ID_6807
2016,남,56세,자전거,상해없음,남,28세,보행자,경상,차대사람 - 보도통행중,기타,맑음,2016-10-31_19시,ID_3469
2019,남,49세,화물차,상해없음,여,66세,자전거,경상,차대차 - 측면충돌,안전운전불이행,맑음,2019-03-26_9시,ID_6206
2016,남,46세,승합차,상해없음,남,74세,자전거,경상,차대차 - 기타,안전운전불이행,맑음,2016-09-01_10시,ID_2421
2016,남,34세,자전거,상해없음,남,20세,자전거,중상,차대차 - 추돌 - 진행중,안전운전불이행,맑음,2016-08-15_11시,ID_2434
2017,남,54세,승용차,상해없음,남,54세,자전거,중상,차대차 - 기타,안전운전불이행,맑음,2017-04-14_19시,ID_4208
2015,남,62세,승용차,상해없음,남,20세,자전거,경상,차대차 - 측면직각충돌,신호위반,맑음,2015-10-03_1시,ID_1323
2015,남,54세,승용차,상해없음,남,32세,자전거,경상,차대차 - 측면직각충돌,안전거리미확보,맑음,2015-04-26_21시,ID_629
2019,남,27세,승용차,기타불명,여,64세,자전거,경상,차대차 - 기타,안전운전불이행,맑음,2019-04-06_6시,ID_6804
2015,남,44세,승용차,상해없음,남,43세,자전거,경상,차대차 - 측면직각충돌,신호위반,맑음,2015-09-22_19시,ID_2010
2017,남,63세,승용차,상해없음,남,73세,자전거,경상,차대차 - 기타,안전운전불이행,맑음,2017-11-08_5시,ID_4410
2015,남,35세,승용차,상해없음,여,39세,자전거,중상,차대차 - 기타,신호위반,맑음,2015-01-05_8시,ID_1178
2015,남,68세,승용차,상해없음,남,63세,자전거,경상,차대차 - 기타,안전운전불이행,맑음,2015-07-02_9시,ID_774
2015,남,67세,화물차,상해없음,남,73세,자전거,중상,차대차 - 기타,안전거리미확보,맑음,2015-03-19_11시,ID_108
2016,남,52세,화물차,상해없음,여,74세,자전거,경상,차대차 - 측면직각충돌,안전운전불이행,맑음,2016-06-15_7시,ID_3347
2015,남,69세,승용차,상해없음,남,77세,자전거,중상,차대차 - 측면직각충돌,안전운전불이행,맑음,2015-12-22_12시,ID_1736
2017,남,57세,승합차,상해없음,남,64세,자전거,경상,차대차 - 기타,안전운전불이행,맑음,2017-09-30_17시,ID_3984
2015,남,51세,화물차,상해없음,남,73세,자전거,경상,차대차 - 측면직각충돌,안전운전불이행,맑음,2015-12-17_19시,ID_419
2019,여,29세,승용차,상해없음,여,63세,자전거,중상,차대차 - 측면충돌,안전거리미확보,맑음,2019-02-22_10시,ID_5920
2020,남,34세,승용차,상해없음,여,19세,자전거,경상,차대차 - 기타,안전운전불이행,흐림,2020-08-03_17시,ID_7407
2019,남,74세,승용차,상해없음,남,52세,자전거,경상,차대차 - 기타,안전운전불이행,맑음,2019-05-31_15시,ID_6810
2015,남,43세,이륜차,상해없음,남,46세,자전거,경상,차대차 - 측면직각충돌,중앙선침범,맑음,2015-10-08_19시,ID_885
2018,남,57세,화물차,기타불명,남,58세,자전거,경상,차대차 - 측면충돌,안전운전불이행,맑음,2018-08-09_8시,ID_5264
2019,여,43세,승용차,상해없음,여,66세,자전거,중상,차대차 - 정면충돌,안전운전불이행,맑음,2019-07-19_20시,ID_6570
2015,여,39세,자전거,상해없음,여,31세,보행자,경상,차대사람 - 보도통행중,기타,맑음,2015-06-08_8시,ID_1718
2016,남,46세,자전거,경상,남,44세,자전거,경상,차대차 - 측면직각충돌,안전운전불이행,맑음,2016-11-29_7시,ID_3559
2015,남,42세,자전거,상해없음,남,69세,보행자,경상,차대사람 - 기타,신호위반,맑음,2015-09-06_19시,ID_1697
2017,남,50세,승용차,상해없음,남,87세,자전거,경상,차대차 - 정면충돌,기타,맑음,2017-08-08_16시,ID_4530
2016,남,43세,화물차,상해없음,남,22세,자전거,중상,차대차 - 측면직각충돌,안전운전불이행,맑음,2016-07-25_17시,ID_3015
2016,남,57세,승용차,상해없음,여,20세,자전거,경상,차대차 - 기타,안전운전불이행,맑음,2016-12-24_7시,ID_2553
2019,남,72세,승용차,상해없음,남,69세,자전거,경상,차대차 - 기타,안전운전불이행,맑음,2019-08-25_18시,ID_5983
2018,여,23세,자전거,상해없음,남,45세,보행자,경상,차대사람 - 횡단중,보행자보호위반,흐림,2018-09-19_21시,ID_4925
2015,남,14세,자전거,상해없음,여,57세,자전거,중상,차대차 - 측면직각충돌,안전운전불이행,맑음,2015-08-20_21시,ID_235
2020,남,81세,화물차,상해없음,여,53세,자전거,경상,차대차 - 측면충돌,교차로통행방법위반,맑음,2020-09-15_8시,ID_7171
2017,여,51세,승용차,상해없음,남,52세,자전거,중상,차대차 - 기타,교차로운행방법위반,맑음,2017-11-16_21시,ID_3646
2020,남,39세,이륜차,상해없음,여,36세,자전거,중상,차대차 - 측면충돌,신호위반,맑음,2020-06-13_17시,ID_7179
2016,남,55세,화물차,상해없음,여,63세,자전거,중상,차대차 - 측면직각충돌,교차로운행방법위반,맑음,2016-05-01_6시,ID_3425
2019,남,33세,승용차,상해없음,남,39세,자전거,경상,차대차 - 측면충돌,교차로통행방법위반,맑음,2019-09-11_18시,ID_6626
2019,남,67세,화물차,상해없음,남,25세,자전거,경상,차대차 - 측면충돌,신호위반,맑음,2019-11-01_22시,ID_6441