사고년도,가해자성별,가해자연령,가해차종,가해자신체상해정도,피해자성별,피해자연령,피해차종,피해자신체상해정도,사고유형,가해자법규위반,기상상태,시각,사건번호
2017,남,65세,승용차,상해없음,여,75세,자전거,경상,차대차 - 기타,안전운전불이행,맑음,2017-08-19_10시,ID_4669
2018,여,25세,승용차,상해없음,여,71세,자전거,중상,차대차 - 측면충돌,안전운전불이행,맑음,2018-04-29_7시,ID_5255
2018,여,44세,승용차,상해없음,남,75세,자전거,중상,차대차 - 측면충돌,안전운전불이행,맑음,2018-04-21_9시,ID_5565
2019,남,58세,승용차,상해없음,남,75세,자전거,중상,차대차 - 기타,안전운전불이행,맑음,2019-02-13_6시,ID_6452
2016,여,45세,승용차,상해없음,여,55세,자전거,중상,차대차 - 측면직각충돌,안전운전불이행,맑음,2016-09-13_18시,ID_2244
2015,여,34세,승용차,상해없음,남,66세,자전거,경상,차대차 - 측면직각충돌,신호위반,맑음,2015-10-31_14시,ID_1625
2020,남,48세,이륜차,상해없음,여,58세,자전거,중상,차대차 - 측면충돌,안전운전불이행,맑음,2020-08-12_14시,ID_7389
2017,여,36세,승용차,상해없음,남,60세,자전거,경상,차대차 - 측면충돌,직진우회전진행방해,맑음,2017-09-21_9시,ID_4484
2019,남,29세,자전거,기타불명,남,75세,보행자,중상,차대사람 - 횡단중,안전운전불이행,맑음,2019-05-01_13시,ID_6173
2015,남,58세,승용차,상해없음,남,60세,자전거,경상,차대차 - 정면충돌,신호위반,맑음,2015-12-06_8시,ID_327
2018,남,22세,이륜차,경상,남,12세,자전거,경상,차대차 - 정면충돌,신호위반,맑음,2018-09-18_16시,ID_4995
2020,남,39세,승용차,상해없음,남,54세,자전거,경상,차대차 - 측면충돌,신호위반,맑음,2020-12-15_14시,ID_6872
2016,남,48세,승용차,상해없음,남,72세,자전거,경상,차대차 - 추돌 - 진행중,안전운전불이행,맑음,2016-04-23_21시,ID_2890
2020,남,60세,승용차,상해없음,여,64세,자전거,중상,차대차 - 측면충돌,신호위반,맑음,2020-01-17_14시,ID_6873
2016,남,14세,자전거,상해없음,남,12세,보행자,경상,차대사람 - 횡단중,안전운전불이행,맑음,2016-04-19_15시,ID_2877
2017,남,17세,자전거,경상,남,27세,자전거,경상,차대차 - 정면충돌,안전운전불이행,맑음,2017-09-22_19시,ID_4265
2019,남,63세,승용차,상해없음,남,12세,자전거,경상,차대차 - 정면충돌,신호위반,맑음,2019-04-04_19시,ID_6364
2020,남,44세,승용차,기타불명,여,28세,자전거,경상,차대차 - 측면충돌,안전운전불이행,맑음,2020-06-06_14시,ID_6933
2017,남,48세,자전거,상해없음,여,77세,보행자,경상,차대사람 - 기타,안전운전불이행,맑음,2017-10-06_16시,ID_3867
2016,남,52세,승용차,상해없음,여,60세,자전거,중상,차대차 - 기타,교차로운행방법위반,맑음,2016-03-30_21시,ID_2978
2020,남,61세,승용차,상해없음,남,26세,자전거,경상,차대차 - 측면충돌,안전운전불이행,맑음,2020-06-09_23시,ID_7724
2019,남,33세,승용차,상해없음,남,49세,자전거,경상,차대차 - 측면충돌,신호위반,맑음,2019-03-31_22시,ID_6499
2019,남,38세,승용차,상해없음,남,12세,자전거,경상,차대차 - 기타,기타,맑음,2019-12-16_22시,ID_5960
2016,남,54세,승용차,상해없음,남,40세,자전거,경상,차대차 - 측면직각충돌,안전운전불이행,맑음,2016-02-02_8시,ID_3106
2015,남,60세,승용차,상해없음,남,15세,자전거,중상,차대차 - 측면직각충돌,안전운전불이행,흐림,2015-08-30_17시,ID_217
2015,남,57세,승용차,상해없음,남,68세,자전거,중상,차대차 - 추돌 - 진행중,기타,맑음,2015-10-19_15시,ID_51
2020,남,34세,승용차,상해없음,남,21세,자전거,경상,차대차 - 기타,안전운전불이행,맑음,2020-09-21_14시,ID_7818
2015,남,13세,자전거,경상,남,64세,원동기장치자전거,중상,차대차 - 측면직각충돌,안전운전불이행,맑음,2015-09-03_21시,ID_372
2018,남,45세,원동기장치자전거,상해없음,남,16세,자전거,경상,차대차 - 기타,중앙선침범,맑음,2018-08-01_19시,ID_4951
2020,남,61세,승용차,상해없음,여,59세,자전거,중상,차대차 - 측면충돌,안전운전불이행,맑음,2020-11-24_9시,ID_6948
2018,남,51세,화물차,상해없음,남,71세,자전거,중상,차대차 - 측면충돌,안전운전불이행,맑음,2018-08-06_15시,ID_5719
2018,남,60세,승용차,상해없음,남,70세,자전거,경상,차대차 - 측면충돌,안전운전불이행,맑음,2018-07-12_6시,ID_5035
2019,남,27세,이륜차,상해없음,남,47세,자전거,경상,차대차 - 측면충돌,안전운전불이행,맑음,2019-10-05_17시,ID_5985
2015,남,45세,승용차,상해없음,여,47세,자전거,중상,차대차 - 측면직각충돌,안전운전불이행,맑음,2015-09-01_22시,ID_454
2016,남,27세,이륜차,상해없음,남,11세,자전거,경상,차대차 - 측면직각충돌,안전운전불이행,맑음,2016-08-04_17시,ID_2558
2017,남,50세,승용차,기타불명,남,58세,자전거,경상,차대차 - 측면충돌,안전운전불이행,맑음,2017-09-23_19시,ID_4072
2018,남,41세,화물차,상해없음,남,71세,자전거,경상,차대차 - 측면충돌,중앙선침범,맑음,2018-08-29_17시,ID_5244
2019,남,30세,승용차,상해없음,여,19세,자전거,경상,차대차 - 기타,안전운전불이행,맑음,2019-11-09_15시,ID_6048
2015,남,44세,승합차,상해없음,여,61세,자전거,중상,차대차 - 기타,신호위반,맑음,2015-01-15_18시,ID_1992
2015,남,19세,승용차,상해없음,남,25세,자전거,중상,차대차 - 측면직각충돌,안전운전불이행,흐림,2015-02-08_2시,ID_1435
2017,남,23세,승용차,상해없음,여,57세,자전거,중상,차대차 - 추돌,안전운전불이행,맑음,2017-01-12_23시,ID_3613
2020,남,68세,승용차,상해없음,여,52세,자전거,중상,차대차 - 기타,기타,맑음,2020-10-12_16시,ID_6899
2019,남,67세,자전거,기타불명,여,52세,보행자,경상,차대사람 - 횡단중,신호위반,맑음,2019-05-07_12시,ID_5876
2017,남,24세,이륜차,기타불명,남,13세,자전거,경상,차대차 - 측면충돌,신호위반,맑음,2017-05-06_10시,ID_4061
2018,남,47세,화물차,상해없음,남,76세,자전거,중상,차대차 - 측면충돌,안전운전불이행,맑음,2018-10-16_10시,ID_5543
2015,남,25세,승용차,상해없음,여,60세,자전거,경상,차대차 - 정면충돌,신호위반,맑음,2015-11-28_7시,ID_1908
2020,남,23세,자전거,상해없음,남,56세,보행자,경상,차대사람 - 보도통행중,보행자보호위반,맑음,2020-05-24_21시,ID_7043
2017,남,16세,이륜차,상해없음,여,52세,자전거,경상,차대차 - 정면충돌,신호위반,맑음,2017-07-11_23시,ID_3860
2019,남,61세,승용차,상해없음,여,42세,자전거,중상,차대차 - 정면충돌,안전운전불이행,맑음,2019-05-18_19시,ID_6766
2020,남,65세,화물차,상해없음,남,23세,자전거,중상,차대차 - 추돌,신호위반,맑음,2020-07-08_22시,ID_6875
2020,남,58세,승용차,상해없음,여,54세,자전거,경상,차대차 - 측면충돌,안전운전불이행,맑음,2020-10-23_11시,ID_7489
2020,남,29세,승용차,상해없음,여,67세,자전거,중상,차대차 - 측면충돌,안전운전불이행,맑음,2020-08-29_10시,ID_7764
2018,남,48세,화물차,상해없음,남,76세,자전거,경상,차대차 - 측면충돌,안전운전불이행,맑음,2018-05-01_15시,ID_5143
2019,여,30세,승용차,상해없음,남,77세,자전거,경상,차대차 - 측면충돌,안전운전불이행,맑음,2019-05-28_14시,ID_6065
2016,남,39세,자전거,부상신고,남,16세,보행자,경상,차대사람 - 횡단중,보행자보호위반,맑음,2016-08-05_9시,ID_2554
2017,여,49세,승용차,상해없음,남,6세,자전거,경상,차대차 - 측면충돌,안전운전불이행,맑음,2017-09-02_18시,ID_4442
2019,여,26세,자전거,상해없음,여,73세,보행자,중상,차대사람 - 기타,기타,맑음,2019-02-16_11시,ID_5919
2020,남,46세,화물차,상해없음,여,66세,자전거,중상,차대차 - 측면충돌,안전운전불이행,맑음,2020-01-23_11시,ID_7796
2015,여,53세,화물차,상해없음,남,23세,자전거,경상,차대차 - 측면직각충돌,기타,맑음,2015-10-13_20시,ID_856
2016,여,24세,승용차,상해없음,여,24세,자전거,경상,차대차 - 측면직각충돌,안전운전불이행,맑음,2016-09-21_8시,ID_2701
2015,남,64세,자전거,상해없음,여,73세,보행자,경상,차대사람 - 기타,안전운전불이행,맑음,2015-06-12_20시,ID_715
2017,남,54세,승용차,상해없음,남,12세,자전거,경상,차대차 - 기타,신호위반,맑음,2017-10-20_18시,ID_4257
2015,남,52세,화물차,상해없음,남,58세,자전거,경상,차대차 - 기타,안전운전불이행,맑음,2015-07-06_9시,ID_1529
2017,남,73세,승용차,상해없음,남,66세,자전거,경상,차대차 - 추돌,안전운전불이행,맑음,2017-06-04_10시,ID_3695
2020,남,48세,자전거,상해없음,여,57세,자전거,중상,차대차 - 기타,안전운전불이행,맑음,2020-10-06_17시,ID_7119
2015,남,62세,승용차,상해없음,여,32세,자전거,중상,차대차 - 기타,안전운전불이행,맑음,2015-07-01_11시,ID_1968
2020,남,33세,승용차,상해없음,남,58세,자전거,중상,차대차 - 측면충돌,교차로통행방법위반,비,2020-08-08_18시,ID_7555
2016,남,52세,이륜차,상해없음,여,67세,자전거,중상,차대차 - 기타,안전운전불이행,맑음,2016-03-07_10시,ID_3379
2016,여,46세,승용차,상해없음,남,52세,자전거,경상,차대차 - 정면충돌,신호위반,맑음,2016-04-10_0시,ID_2982
2016,여,56세,승용차,상해없음,남,63세,자전거,경상,차대차 - 측면직각충돌,교차로운행방법위반,맑음,2016-07-19_4시,ID_3135
2015,남,57세,화물차,상해없음,여,63세,자전거,중상,차대차 - 측면직각충돌,안전운전불이행,맑음,2015-06-03_11시,ID_247
2019,남,53세,승용차,기타불명,여,56세,자전거,경상,차대차 - 측면충돌,신호위반,맑음,2019-06-15_11시,ID_5902
2016,남,49세,자전거,상해없음,남,61세,보행자,경상,차대사람 - 기타,안전운전불이행,맑음,2016-10-05_7시,ID_2061
2020,여,21세,자전거,상해없음,여,23세,보행자,경상,차대사람 - 기타,안전운전불이행,맑음,2020-04-30_18시,ID_7549
2016,남,62세,승용차,상해없음,여,61세,자전거,경상,차대차 - 측면직각충돌,안전운전불이행,맑음,2016-04-12_14시,ID_2661
2017,남,42세,화물차,상해없음,남,13세,자전거,경상,차대차 - 기타,안전운전불이행,흐림,2017-04-22_14시,ID_3638
2015,남,26세,승용차,상해없음,남,13세,자전거,중상,차대차 - 기타,안전운전불이행,맑음,2015-09-20_22시,ID_1804
2019,여,45세,승용차,상해없음,남,60세,자전거,경상,차대차 - 측면충돌,기타,흐림,2019-05-27_19시,ID_5841
2015,남,54세,자전거,상해없음,여,70세,보행자,중상,차대사람 - 기타,안전운전불이행,맑음,2015-04-08_20시,ID_1586
2017,남,60세,승용차,상해없음,여,61세,자전거,중상,차대차 - 정면충돌,안전운전불이행,맑음,2017-02-23_8시,ID_3961
2017,남,13세,자전거,기타불명,여,43세,보행자,중상,차대사람 - 횡단중,안전운전불이행,맑음,2017-06-09_22시,ID_4242
2020,남,11세,자전거,상해없음,여,64세,보행자,경상,차대사람 - 기타,안전운전불이행,맑음,2020-08-14_14시,ID_7280
2017,남,23세,승용차,상해없음,남,51세,자전거,경상,차대차 - 측면충돌,안전운전불이행,맑음,2017-05-28_9시,ID_3612
2018,남,60세,승용차,상해없음,여,50세,자전거,중상,차대차 - 측면충돌,안전운전불이행,맑음,2018-04-24_11시,ID_5204
2020,남,56세,승용차,상해없음,남,86세,자전거,경상,차대차 - 기타,안전운전불이행,맑음,2020-10-12_14시,ID_7446
2015,남,52세,승용차,상해없음,남,59세,자전거,중상,차대차 - 기타,안전운전불이행,맑음,2015-05-05_17시,ID_137
2015,남,42세,승용차,상해없음,여,65세,자전거,중상,차대차 - 측면직각충돌,신호위반,맑음,2015-07-07_6시,ID_1167
2015,여,43세,승용차,상해없음,여,54세,자전거,경상,차대차 - 정면충돌,안전운전불이행,맑음,2015-12-20_22시,ID_1257
2019,남,47세,승용차,상해없음,남,49세,자전거,경상,차대차 - 측면충돌,안전운전불이행,비,2019-06-21_21시,ID_6271
2016,남,49세,화물차,기타불명,남,8세,자전거,경상,차대차 - 측면직각충돌,교차로운행방법위반,맑음,2016-07-02_14시,ID_2610
2017,남,36세,자전거,부상신고,남,48세,자전거,중상,차대차 - 측면충돌,안전운전불이행,맑음,2017-05-30_19시,ID_4124
2019,남,66세,이륜차,상해없음,여,21세,자전거,경상,차대차 - 측면충돌,신호위반,맑음,2019-07-03_3시,ID_6176
2015,남,55세,승용차,상해없음,남,49세,자전거,경상,차대차 - 정면충돌,안전운전불이행,맑음,2015-12-08_12시,ID_1985
2017,남,41세,승용차,기타불명,여,33세,자전거,경상,차대차 - 기타,안전운전불이행,맑음,2017-07-06_16시,ID_4587
2020,남,51세,승용차,상해없음,여,20세,자전거,경상,차대차 - 기타,안전운전불이행,맑음,2020-03-24_22시,ID_6960
2019,남,72세,화물차,상해없음,남,77세,자전거,중상,차대차 - 측면충돌,안전운전불이행,맑음,2019-11-26_14시,ID_6790
2019,남,67세,승용차,상해없음,여,78세,자전거,경상,차대차 - 측면충돌,안전운전불이행,맑음,2019-03-26_7시,ID_5834
2018,여,29세,승용차,상해없음,여,63세,자전거,중상,차대차 - 측면충돌,신호위반,맑음,2018-07-18_16시,ID_5236
2016,남,59세,승용차,상해없음,남,73세,자전거,중상,차대차 - 측면직각충돌,신호위반,맑음,2016-05-25_17시,ID_3438
2016,남,51세,승용차,상해없음,남,44세,자전거,경상,차대차 - 측면직각충돌,안전운전불이행,맑음,2016-11-17_1시,ID_2552
2015,남,43세,승용차,상해없음,남,17세,자전거,중상,차대차 - 측면직각충돌,안전운전불이행,맑음,2015-10-06_7시,ID_1729
2019,남,13세,자전거,상해없음,여,59세,보행자,경상,차대사람 - 기타,안전운전불이행,맑음,2019-01-08_17시,ID_5963
2020,남,69세,승용차,상해없음,남,68세,자전거,경상,차대차 - 기타,안전운전불이행,맑음,2020-08-04_12시,ID_7459
2017,남,18세,자전거,상해없음,여,24세,자전거,중상,차대차 - 측면충돌,교차로운행방법위반,맑음,2017-04-28_22시,ID_3674
2016,남,29세,승용차,상해없음,남,74세,자전거,경상,차대차 - 정면충돌,안전운전불이행,맑음,2016-10-17_10시,ID_2155
2020,남,24세,자전거,경상,남,28세,이륜차,중상,차대차 - 측면충돌,안전운전불이행,맑음,2020-10-14_19시,ID_7821
2016,남,51세,승용차,상해없음,남,68세,자전거,중상,차대차 - 측면직각충돌,안전운전불이행,비,2016-11-10_16시,ID_2625
2020,여,60세,승용차,상해없음,남,61세,자전거,경상,차대차 - 기타,안전운전불이행,맑음,2020-08-09_23시,ID_7277
2016,여,51세,승합차,상해없음,남,32세,자전거,경상,차대차 - 추돌 - 진행중,안전운전불이행,흐림,2016-01-02_16시,ID_2522
2019,남,15세,자전거,상해없음,여,74세,보행자,중상,차대사람 - 기타,신호위반,맑음,2019-04-28_13시,ID_6063
2016,여,59세,자전거,기타불명,남,25세,보행자,경상,차대사람 - 횡단중,안전운전불이행,맑음,2016-07-08_22시,ID_2811
2018,여,48세,승용차,상해없음,여,58세,자전거,경상,차대차 - 추돌,안전운전불이행,맑음,2018-07-27_18시,ID_5424
2017,남,65세,화물차,상해없음,남,74세,자전거,중상,차대차 - 기타,안전운전불이행,맑음,2017-11-21_7시,ID_4714
2018,여,55세,승용차,상해없음,남,14세,자전거,경상,차대차 - 측면충돌,안전운전불이행,맑음,2018-03-12_16시,ID_5636
2015,남,64세,승용차,상해없음,남,74세,자전거,중상,차대차 - 측면직각충돌,안전운전불이행,맑음,2015-03-07_14시,ID_1552
2019,남,56세,승용차,상해없음,남,32세,자전거,중상,차대차 - 측면충돌,기타,맑음,2019-05-11_11시,ID_6590
2019,여,58세,승용차,상해없음,여,42세,자전거,중상,차대차 - 기타,안전운전불이행,맑음,2019-11-02_21시,ID_6629
2019,남,58세,화물차,상해없음,여,25세,자전거,경상,차대차 - 측면충돌,안전운전불이행,맑음,2019-10-26_9시,ID_6643
2015,남,66세,화물차,상해없음,남,85세,자전거,경상,차대차 - 측면직각충돌,안전운전불이행,맑음,2015-06-12_7시,ID_816
2016,남,23세,자전거,상해없음,남,23세,이륜차,경상,차대차 - 측면직각충돌,불법유턴,맑음,2016-12-07_1시,ID_3401
2017,남,18세,승용차,상해없음,여,55세,자전거,경상,차대차 - 측면충돌,안전운전불이행,맑음,2017-01-05_2시,ID_4068
2017,남,27세,승용차,상해없음,여,53세,자전거,경상,차대차 - 측면충돌,안전운전불이행,맑음,2017-10-07_18시,ID_4677
2015,남,24세,자전거,상해없음,여,8세,보행자,경상,차대사람 - 횡단중,안전운전불이행,맑음,2015-04-25_18시,ID_278
2017,남,57세,승용차,상해없음,여,50세,자전거,중상,차대차 - 기타,기타,맑음,2017-06-21_8시,ID_3809
2016,남,48세,승합차,상해없음,남,74세,자전거,경상,차대차 - 기타,안전운전불이행,맑음,2016-04-11_15시,ID_2939
2015,남,22세,이륜차,상해없음,여,61세,자전거,경상,차대차 - 측면직각충돌,신호위반,맑음,2015-02-08_13시,ID_619
2018,남,14세,자전거,상해없음,남,42세,보행자,경상,차대사람 - 보도통행중,기타,맑음,2018-08-18_12시,ID_5515
2017,여,60세,승용차,상해없음,여,70세,자전거,경상,차대차 - 측면충돌,신호위반,맑음,2017-10-30_13시,ID_4179
2015,남,55세,승용차,경상,남,32세,자전거,경상,차대차 - 측면직각충돌,안전거리미확보,맑음,2015-05-17_17시,ID_455
2015,남,39세,승용차,상해없음,남,17세,자전거,경상,차대차 - 측면직각충돌,안전운전불이행,맑음,2015-09-03_23시,ID_1001
2017,여,62세,승용차,상해없음,남,61세,자전거,경상,차대차 - 측면충돌,직진우회전진행방해,맑음,2017-11-01_7시,ID_3743
2016,남,76세,자전거,상해없음,남,43세,원동기장치자전거,경상,차대차 - 측면직각충돌,중앙선침범,맑음,2016-10-15_18시,ID_3275
2020,남,23세,승용차,상해없음,남,77세,자전거,중상,차대차 - 기타,신호위반,맑음,2020-10-17_11시,ID_7029
2016,남,60세,승용차,상해없음,여,68세,자전거,중상,차대차 - 추돌 - 진행중,안전운전불이행,비,2016-11-11_6시,ID_3024
2018,여,45세,자전거,경상,남,57세,화물차,경상,차대차 - 측면충돌,신호위반,맑음,2018-04-10_7시,ID_5194
2020,남,72세,화물차,상해없음,남,12세,자전거,경상,차대차 - 기타,기타,맑음,2020-02-24_11시,ID_6901
2017,남,73세,승용차,상해없음,남,12세,자전거,경상,차대차 - 측면충돌,안전운전불이행,맑음,2017-10-19_8시,ID_4625
2018,남,9세,자전거,경상,남,34세,승용차,경상,차대차 - 측면충돌,기타,맑음,2018-11-28_16시,ID_5445
2018,남,35세,승용차,상해없음,여,48세,자전거,중상,차대차 - 측면충돌,안전운전불이행,맑음,2018-09-11_8시,ID_5519
2016,남,60세,승용차,상해없음,남,42세,자전거,중상,차대차 - 측면직각충돌,신호위반,맑음,2016-02-18_5시,ID_2969
2015,남,49세,승용차,상해없음,여,54세,자전거,경상,차대차 - 측면직각충돌,교차로운행방법위반,맑음,2015-11-01_12시,ID_1575
2015,남,46세,승합차,상해없음,남,32세,자전거,경상,차대차 - 기타,교차로운행방법위반,맑음,2015-10-16_19시,ID_2033
2020,남,44세,승용차,상해없음,남,51세,자전거,경상,차대차 - 기타,안전운전불이행,맑음,2020-05-07_21시,ID_6936
2015,남,50세,승용차,상해없음,남,31세,자전거,경상,차대차 - 측면직각충돌,기타,맑음,2015-04-28_15시,ID_363
2018,남,50세,승합차,상해없음,남,24세,자전거,경상,차대차 - 기타,안전운전불이행,맑음,2018-06-07_20시,ID_5349
2017,남,79세,기타,상해없음,남,9세,자전거,경상,차대차 - 측면충돌,안전운전불이행,맑음,2017-06-03_12시,ID_3975
2019,남,63세,화물차,상해없음,남,65세,자전거,경상,차대차 - 측면충돌,안전운전불이행,맑음,2019-04-22_12시,ID_6782
2020,남,24세,자전거,상해없음,여,50세,자전거,경상,차대차 - 정면충돌,중앙선침범,맑음,2020-07-29_11시,ID_7654
2015,남,56세,승용차,상해없음,남,12세,자전거,경상,차대차 - 측면직각충돌,안전운전불이행,맑음,2015-11-15_19시,ID_1937
2019,남,34세,승용차,상해없음,여,70세,자전거,중상,차대차 - 기타,안전운전불이행,맑음,2019-05-01_16시,ID_6159
2016,여,59세,승용차,상해없음,남,74세,자전거,중상,차대차 - 추돌 - 진행중,안전운전불이행,맑음,2016-04-15_15시,ID_2773
2019,여,46세,승용차,상해없음,남,69세,자전거,경상,차대차 - 측면충돌,안전운전불이행,맑음,2019-09-16_14시,ID_6142
2020,여,54세,승용차,상해없음,남,83세,자전거,중상,차대차 - 기타,교차로통행방법위반,맑음,2020-11-07_17시,ID_7490
2018,남,59세,승용차,상해없음,여,80세,자전거,중상,차대차 - 측면충돌,안전운전불이행,맑음,2018-09-08_7시,ID_5043
2017,남,13세,자전거,상해없음,여,52세,보행자,중상,차대사람 - 기타,신호위반,맑음,2017-07-14_15시,ID_4094
2018,남,75세,자전거,상해없음,여,64세,보행자,경상,차대사람 - 기타,안전운전불이행,맑음,2018-09-27_13시,ID_5365
2015,남,32세,승용차,상해없음,남,54세,자전거,경상,차대차 - 측면직각충돌,안전운전불이행,맑음,2015-02-17_17시,ID_826
2018,여,23세,승용차,상해없음,남,26세,자전거,중상,차대차 - 측면충돌,신호위반,맑음,2018-06-08_17시,ID_4945
2020,여,53세,승용차,상해없음,남,46세,자전거,경상,차대차 - 측면충돌,안전운전불이행,맑음,2020-08-25_12시,ID_7772
2017,남,31세,승용차,상해없음,남,49세,자전거,중상,차대차 - 기타,신호위반,맑음,2017-04-22_22시,ID_4408
2016,남,32세,승용차,상해없음,여,38세,자전거,경상,차대차 - 기타,중앙선침범,맑음,2016-04-18_15시,ID_3044
2015,남,74세,승합차,상해없음,남,73세,자전거,중상,차대차 - 측면직각충돌,안전운전불이행,맑음,2015-06-16_9시,ID_1259
2015,여,32세,승용차,상해없음,남,59세,자전거,중상,차대차 - 측면직각충돌,안전운전불이행,맑음,2015-02-04_13시,ID_1487
2017,여,42세,승용차,상해없음,여,58세,자전거,중상,차대차 - 측면충돌,안전운전불이행,맑음,2017-05-13_8시,ID_4019
2019,남,55세,승합차,기타불명,남,18세,자전거,경상,차대차 - 기타,안전거리미확보,맑음,2019-06-09_15시,ID_6453
2019,여,64세,승용차,상해없음,여,56세,자전거,중상,차대차 - 측면충돌,신호위반,맑음,2019-06-25_18시,ID_6734
2019,여,48세,승용차,상해없음,여,64세,자전거,중상,차대차 - 측면충돌,신호위반,맑음,2019-09-21_22시,ID_5993
2019,여,62세,자전거,상해없음,여,77세,보행자,중상,차대사람 - 기타,안전운전불이행,맑음,2019-04-03_10시,ID_6699
2015,남,26세,승용차,기타불명,남,49세,자전거,중상,차대차 - 측면직각충돌,신호위반,맑음,2015-08-08_22시,ID_1493
2020,남,25세,자전거,상해없음,남,17세,보행자,경상,차대사람 - 보도통행중,기타,맑음,2020-06-15_18시,ID_7180
2017,남,34세,승용차,상해없음,남,55세,자전거,경상,차대차 - 측면충돌,안전운전불이행,맑음,2017-04-12_19시,ID_4227
2016,남,70세,승용차,상해없음,남,26세,자전거,경상,차대차 - 추돌 - 진행중,안전운전불이행,맑음,2016-03-29_11시,ID_3398
2015,남,61세,승용차,상해없음,남,44세,자전거,중상,차대차 - 기타,안전운전불이행,맑음,2015-09-18_19시,ID_1368
2015,남,41세,승용차,상해없음,남,14세,자전거,경상,차대차 - 기타,안전운전불이행,맑음,2015-10-31_19시,ID_1933
2016,남,47세,승용차,상해없음,남,18세,자전거,경상,차대차 - 측면직각충돌,안전운전불이행,맑음,2016-04-09_15시,ID_2983
2020,남,61세,승용차,상해없음,여,52세,자전거,경상,차대차 - 측면충돌,안전운전불이행,맑음,2020-03-13_22시,ID_7731
2020,남,59세,승용차,상해없음,남,28세,자전거,경상,차대차 - 측면충돌,안전운전불이행,맑음,2020-05-05_22시,ID_6827
2015,남,39세,승용차,상해없음,남,19세,자전거,경상,차대차 - 측면직각충돌,안전운전불이행,맑음,2015-08-23_8시,ID_1653
2017,남,13세,자전거,상해없음,여,54세,보행자,경상,차대사람 - 횡단중,안전운전불이행,맑음,2017-06-14_21시,ID_4459
2017,여,73세,승용차,상해없음,여,81세,자전거,경상,차대차 - 측면충돌,교차로운행방법위반,맑음,2017-11-01_15시,ID_4788
2019,남,27세,승용차,상해없음,여,59세,자전거,경상,차대차 - 기타,기타,맑음,2019-02-02_12시,ID_5799
2015,여,20세,승용차,상해없음,여,55세,자전거,중상,차대차 - 측면직각충돌,신호위반,맑음,2015-10-30_13시,ID_634
2018,남,26세,승용차,상해없음,여,55세,자전거,중상,차대차 - 측면충돌,교차로통행방법위반,맑음,2018-03-17_14시,ID_5057
2016,남,37세,승용차,상해없음,남,73세,자전거,중상,차대차 - 측면직각충돌,직진우회전진행방해,맑음,2016-10-11_6시,ID_3341
2018,남,55세,승용차,상해없음,여,57세,자전거,중상,차대차 - 측면충돌,안전운전불이행,맑음,2018-05-31_13시,ID_5599
2015,남,40세,승합차,상해없음,여,55세,자전거,중상,차대차 - 측면직각충돌,안전운전불이행,맑음,2015-02-06_10시,ID_1905
2015,여,37세,승용차,상해없음,여,58세,자전거,경상,차대차 - 측면직각충돌,신호위반,맑음,2015-01-23_12시,ID_1514
2018,남,58세,승용차,상해없음,남,57세,자전거,중상,차대차 - 측면충돌,안전운전불이행,맑음,2018-04-19_8시,ID_5591
2019,남,30세,승용차,상해없음,남,85세,자전거,경상,차대차 - 측면충돌,신호위반,맑음,2019-07-28_15시,ID_6342
2015,남,39세,자전거,부상신고,남,50세,자전거,경상,차대차 - 측면직각충돌,안전운전불이행,맑음,2015-06-27_8시,ID_704
2016,남,68세,승용차,상해없음,남,39세,자전거,경상,차대차 - 정면충돌,안전운전불이행,맑음,2016-08-01_16시,ID_2249
2020,남,71세,승용차,상해없음,남,67세,자전거,경상,차대차 - 추돌,안전거리미확보,맑음,2020-01-12_10시,ID_6931
2020,남,16세,자전거,상해없음,남,8세,보행자,경상,차대사람 - 횡단중,신호위반,맑음,2020-11-04_17시,ID_7647
2019,여,49세,승용차,상해없음,남,73세,자전거,중상,차대차 - 측면충돌,안전운전불이행,맑음,2019-12-28_10시,ID_6451
2015,남,65세,승용차,상해없음,남,78세,자전거,경상,차대차 - 측면직각충돌,안전운전불이행,맑음,2015-11-30_6시,ID_952
2016,남,24세,자전거,경상,남,55세,승용차,경상,차대차 - 정면충돌,안전운전불이행,맑음,2016-07-29_23시,ID_2579
2016,여,49세,승용차,상해없음,남,80세,자전거,경상,차대차 - 측면직각충돌,직진우회전진행방해,맑음,2016-09-21_9시,ID_3426
2016,여,38세,승용차,상해없음,남,15세,자전거,경상,차대차 - 측면직각충돌,안전운전불이행,맑음,2016-04-04_9시,ID_3297
2016,여,25세,승용차,상해없음,남,56세,자전거,중상,차대차 - 측면직각충돌,안전운전불이행,맑음,2016-03-09_22시,ID_2460
2015,여,50세,승용차,상해없음,여,62세,자전거,경상,차대차 - 기타,신호위반,맑음,2015-07-30_15시,ID_1498
2015,남,52세,승용차,상해없음,남,16세,자전거,경상,차대차 - 측면직각충돌,신호위반,맑음,2015-01-09_15시,ID_1956