사고년도,가해자성별,가해자연령,가해차종,가해자신체상해정도,피해자성별,피해자연령,피해차종,피해자신체상해정도,사고유형,가해자법규위반,기상상태,시각,사건번호
2020,남,13세,자전거,상해없음,여,68세,보행자,중상,차대사람 - 보도통행중,안전운전불이행,맑음,2020-10-05_17시,ID_7819
2015,남,42세,승합차,상해없음,남,43세,자전거,경상,차대차 - 측면직각충돌,안전운전불이행,맑음,2015-10-14_17시,ID_1000
2019,남,57세,화물차,상해없음,남,36세,자전거,경상,차대차 - 측면충돌,안전운전불이행,맑음,2019-10-09_18시,ID_6558
2019,남,61세,승용차,상해없음,여,66세,자전거,중상,차대차 - 측면충돌,안전운전불이행,맑음,2019-04-01_9시,ID_6511
2018,남,50세,승용차,상해없음,남,16세,자전거,경상,차대차 - 측면충돌,교차로통행방법위반,맑음,2018-08-03_17시,ID_5151
2019,남,25세,화물차,상해없음,남,37세,자전거,경상,차대차 - 기타,안전운전불이행,맑음,2019-09-09_10시,ID_6641
2017,여,50세,승용차,상해없음,남,81세,자전거,중상,차대차 - 측면충돌,안전운전불이행,맑음,2017-11-10_17시,ID_4178
2016,남,67세,원동기장치자전거,상해없음,남,65세,자전거,경상,차대차 - 추돌 - 진행중,안전거리미확보,맑음,2016-11-18_11시,ID_2081
2016,남,52세,승용차,상해없음,남,12세,자전거,중상,차대차 - 정면충돌,안전운전불이행,맑음,2016-11-12_18시,ID_2549
2016,남,56세,승합차,상해없음,남,9세,자전거,경상,차대차 - 기타,보행자보호위반,맑음,2016-08-08_13시,ID_3575
2016,남,27세,이륜차,상해없음,여,63세,자전거,중상,차대차 - 측면직각충돌,신호위반,맑음,2016-05-01_11시,ID_2762
2017,남,38세,승용차,상해없음,남,22세,자전거,경상,차대차 - 측면충돌,신호위반,맑음,2017-01-07_15시,ID_4691
2015,남,44세,원동기장치자전거,상해없음,남,44세,자전거,경상,차대차 - 기타,안전운전불이행,맑음,2015-01-20_17시,ID_1109
2015,남,24세,승용차,상해없음,남,75세,자전거,중상,차대차 - 추돌 - 진행중,안전운전불이행,흐림,2015-09-03_6시,ID_1907
2016,남,53세,자전거,상해없음,남,51세,자전거,중상,차대차 - 정면충돌,안전운전불이행,맑음,2016-10-15_15시,ID_2066
2016,남,30세,승용차,상해없음,남,13세,자전거,경상,차대차 - 측면직각충돌,안전운전불이행,맑음,2016-05-29_16시,ID_2878
2016,남,49세,승용차,상해없음,남,31세,자전거,경상,차대차 - 기타,기타,맑음,2016-07-08_22시,ID_3023
2018,남,79세,승용차,상해없음,여,30세,자전거,경상,차대차 - 기타,안전운전불이행,맑음,2018-06-19_18시,ID_4964
2015,여,22세,자전거,상해없음,여,57세,보행자,중상,차대사람 - 횡단중,안전운전불이행,맑음,2015-05-14_22시,ID_527
2018,남,58세,승용차,상해없음,남,73세,자전거,중상,차대차 - 기타,신호위반,맑음,2018-01-24_14시,ID_5622
2017,남,50세,승용차,상해없음,남,74세,자전거,경상,차대차 - 측면충돌,안전운전불이행,맑음,2017-01-19_17시,ID_4325
2017,남,44세,승용차,상해없음,여,55세,자전거,중상,차대차 - 정면충돌,신호위반,맑음,2017-04-08_16시,ID_3914
2017,남,53세,원동기장치자전거,상해없음,여,58세,자전거,경상,차대차 - 측면충돌,신호위반,맑음,2017-10-13_21시,ID_3871
2016,남,47세,승용차,상해없음,남,22세,자전거,경상,차대차 - 정면충돌,신호위반,맑음,2016-11-23_22시,ID_2387
2016,남,68세,승용차,상해없음,남,70세,자전거,경상,차대차 - 측면직각충돌,안전운전불이행,맑음,2016-05-16_6시,ID_2975
2017,남,62세,자전거,상해없음,남,40세,자전거,경상,차대차 - 기타,안전운전불이행,맑음,2017-10-05_14시,ID_3598
2016,남,54세,승합차,상해없음,여,57세,자전거,중상,차대차 - 측면직각충돌,신호위반,맑음,2016-09-23_22시,ID_2547
2015,남,56세,이륜차,상해없음,여,58세,자전거,경상,차대차 - 정면충돌,안전운전불이행,흐림,2015-12-18_15시,ID_740
2016,남,52세,승용차,상해없음,남,59세,자전거,경상,차대차 - 측면직각충돌,안전운전불이행,맑음,2016-10-14_11시,ID_2954
2018,여,37세,승용차,상해없음,남,71세,자전거,경상,차대차 - 측면충돌,안전운전불이행,맑음,2018-08-30_9시,ID_5148
2018,여,33세,개인형이동수단(PM),상해없음,남,56세,자전거,중상,차대차 - 추돌,안전운전불이행,맑음,2018-07-14_21시,ID_5278
2020,남,43세,자전거,상해없음,남,43세,자전거,경상,차대차 - 추돌,안전운전불이행,맑음,2020-10-17_14시,ID_7152
2017,남,60세,원동기장치자전거,상해없음,여,41세,자전거,경상,차대차 - 추돌,안전운전불이행,맑음,2017-10-24_16시,ID_3762
2019,남,42세,승합차,상해없음,여,49세,자전거,중상,차대차 - 측면충돌,안전운전불이행,맑음,2019-08-30_11시,ID_5992
2017,남,54세,승용차,상해없음,남,51세,자전거,중상,차대차 - 측면충돌,신호위반,맑음,2017-11-03_16시,ID_4221
2015,남,64세,승용차,상해없음,여,55세,자전거,중상,차대차 - 기타,안전운전불이행,비,2015-06-25_15시,ID_1827
2015,남,24세,이륜차,부상신고,남,22세,자전거,경상,차대차 - 측면직각충돌,안전운전불이행,맑음,2015-07-01_23시,ID_809
2020,남,25세,이륜차,상해없음,남,38세,자전거,경상,차대차 - 측면충돌,안전운전불이행,맑음,2020-05-06_17시,ID_7318
2015,여,27세,승용차,상해없음,남,58세,자전거,중상,차대차 - 기타,안전운전불이행,맑음,2015-06-18_20시,ID_429
2020,남,28세,승용차,상해없음,여,61세,자전거,중상,차대차 - 측면충돌,교차로통행방법위반,맑음,2020-06-23_8시,ID_7726
2018,남,12세,자전거,상해없음,여,60세,보행자,경상,차대사람 - 기타,안전운전불이행,맑음,2018-03-21_14시,ID_5501
2016,남,48세,이륜차,상해없음,남,62세,자전거,경상,차대차 - 측면직각충돌,교차로운행방법위반,맑음,2016-04-24_20시,ID_2176
2017,남,56세,승합차,상해없음,남,53세,자전거,중상,차대차 - 기타,안전운전불이행,맑음,2017-09-15_8시,ID_3823
2017,남,61세,승용차,상해없음,남,68세,자전거,경상,차대차 - 측면충돌,안전운전불이행,맑음,2017-07-22_1시,ID_4074
2015,남,46세,승용차,상해없음,여,52세,자전거,경상,차대차 - 측면직각충돌,중앙선침범,맑음,2015-02-02_19시,ID_511
2015,남,15세,자전거,상해없음,여,50세,보행자,경상,차대사람 - 횡단중,보행자보호위반,맑음,2015-03-16_22시,ID_2016
2015,남,63세,승합차,상해없음,여,59세,자전거,경상,차대차 - 기타,안전운전불이행,맑음,2015-05-13_18시,ID_2050
2020,남,72세,이륜차,경상,남,68세,자전거,경상,차대차 - 기타,신호위반,맑음,2020-04-10_11시,ID_7003
2020,남,61세,승용차,상해없음,여,47세,자전거,경상,차대차 - 기타,기타,맑음,2020-09-24_19시,ID_7534
2015,남,67세,승용차,기타불명,남,69세,자전거,중상,차대차 - 기타,안전운전불이행,맑음,2015-09-03_15시,ID_1241
2018,남,34세,승용차,상해없음,여,57세,자전거,중상,차대차 - 측면충돌,교차로통행방법위반,맑음,2018-09-27_15시,ID_5464
2020,남,55세,건설기계,상해없음,여,66세,자전거,중상,차대차 - 측면충돌,안전운전불이행,맑음,2020-09-11_8시,ID_7238
2015,남,52세,승용차,상해없음,남,44세,자전거,경상,차대차 - 측면직각충돌,안전운전불이행,맑음,2015-07-01_13시,ID_2014
2017,여,23세,승용차,상해없음,남,66세,자전거,경상,차대차 - 정면충돌,안전운전불이행,맑음,2017-05-10_18시,ID_3671
2017,여,47세,승용차,상해없음,남,60세,자전거,중상,차대차 - 추돌,안전운전불이행,맑음,2017-11-27_18시,ID_3632
2019,남,42세,자전거,상해없음,남,64세,자전거,경상,차대차 - 정면충돌,안전운전불이행,맑음,2019-05-12_8시,ID_5788
2015,남,39세,자전거,경상,남,62세,보행자,경상,차대사람 - 차도통행중,안전운전불이행,맑음,2015-10-22_8시,ID_476
2020,남,47세,자전거,상해없음,남,25세,자전거,경상,차대차 - 기타,안전운전불이행,맑음,2020-07-01_21시,ID_7509
2020,남,49세,승용차,상해없음,남,13세,자전거,경상,차대차 - 측면충돌,안전운전불이행,맑음,2020-10-06_16시,ID_7353
2016,남,33세,승용차,상해없음,남,51세,자전거,중상,차대차 - 추돌 - 진행중,안전운전불이행,맑음,2016-04-06_4시,ID_2302
2016,남,58세,승용차,상해없음,남,45세,자전거,경상,차대차 - 기타,안전운전불이행,맑음,2016-07-13_22시,ID_2627
2017,남,60세,화물차,상해없음,여,66세,자전거,중상,차대차 - 기타,안전운전불이행,맑음,2017-03-30_7시,ID_4254
2016,남,35세,자전거,부상신고,여,58세,보행자,중상,차대사람 - 기타,안전운전불이행,맑음,2016-09-08_16시,ID_2209
2016,남,39세,화물차,상해없음,남,67세,자전거,경상,차대차 - 기타,안전운전불이행,맑음,2016-04-09_7시,ID_3221
2015,남,57세,화물차,상해없음,여,58세,자전거,중상,차대차 - 측면직각충돌,안전운전불이행,비,2015-11-08_19시,ID_1534
2020,남,57세,승용차,상해없음,여,64세,자전거,경상,차대차 - 기타,신호위반,맑음,2020-10-08_6시,ID_7445
2017,여,52세,승용차,상해없음,여,74세,자전거,경상,차대차 - 기타,안전운전불이행,맑음,2017-02-19_15시,ID_4717
2016,남,63세,승용차,상해없음,남,13세,자전거,경상,차대차 - 측면직각충돌,안전운전불이행,맑음,2016-02-11_15시,ID_2970
2015,여,52세,자전거,상해없음,여,44세,보행자,경상,차대사람 - 보도통행중,기타,맑음,2015-05-14_7시,ID_509
2015,남,17세,원동기장치자전거,상해없음,남,13세,자전거,경상,차대차 - 측면직각충돌,신호위반,맑음,2015-08-03_20시,ID_1192
2020,남,66세,승용차,상해없음,여,65세,자전거,경상,차대차 - 기타,안전운전불이행,맑음,2020-11-16_14시,ID_7186
2019,남,64세,승용차,상해없음,남,26세,자전거,경상,차대차 - 기타,안전운전불이행,맑음,2019-06-24_12시,ID_6188
2016,여,58세,승용차,상해없음,남,73세,자전거,중상,차대차 - 측면직각충돌,안전운전불이행,맑음,2016-07-05_18시,ID_3490
2020,남,62세,자전거,상해없음,남,58세,자전거,경상,차대차 - 정면충돌,안전운전불이행,맑음,2020-01-03_7시,ID_7557
2016,남,28세,승용차,상해없음,남,15세,자전거,경상,차대차 - 측면직각충돌,안전운전불이행,맑음,2016-02-22_9시,ID_2845
2016,남,20세,승용차,상해없음,남,51세,자전거,경상,차대차 - 측면직각충돌,안전운전불이행,맑음,2016-02-12_22시,ID_2075
2020,남,15세,자전거,상해없음,여,54세,보행자,중상,차대사람 - 횡단중,안전운전불이행,맑음,2020-05-25_21시,ID_7745
2017,남,54세,이륜차,상해없음,남,18세,자전거,경상,차대차 - 측면충돌,신호위반,흐림,2017-06-09_22시,ID_3637
2016,남,16세,원동기장치자전거,상해없음,여,53세,자전거,중상,차대차 - 기타,신호위반,맑음,2016-04-05_22시,ID_3256
2017,남,51세,승용차,상해없음,남,57세,자전거,중상,차대차 - 기타,안전운전불이행,맑음,2017-12-08_7시,ID_4718
2016,남,46세,화물차,상해없음,남,73세,자전거,경상,차대차 - 측면직각충돌,신호위반,맑음,2016-11-23_9시,ID_3055
2015,남,65세,화물차,상해없음,남,82세,자전거,중상,차대차 - 측면직각충돌,안전운전불이행,맑음,2015-01-09_6시,ID_1550
2015,여,27세,자전거,상해없음,여,43세,보행자,중상,차대사람 - 횡단중,안전운전불이행,맑음,2015-07-08_22시,ID_496
2017,남,36세,승용차,상해없음,여,60세,자전거,중상,차대차 - 기타,안전운전불이행,맑음,2017-05-26_8시,ID_4323
2015,남,36세,승용차,상해없음,남,59세,자전거,중상,차대차 - 측면직각충돌,안전운전불이행,맑음,2015-05-29_13시,ID_985
2019,여,23세,승용차,상해없음,여,63세,자전거,중상,차대차 - 측면충돌,안전운전불이행,맑음,2019-09-17_15시,ID_6754
2020,여,57세,승용차,상해없음,남,11세,자전거,경상,차대차 - 측면충돌,안전운전불이행,맑음,2020-03-22_16시,ID_7275
2016,남,41세,승용차,상해없음,여,48세,자전거,경상,차대차 - 측면직각충돌,안전운전불이행,맑음,2016-11-25_8시,ID_3131
2015,남,59세,승용차,상해없음,남,25세,자전거,경상,차대차 - 측면직각충돌,교차로운행방법위반,맑음,2015-08-10_20시,ID_85
2016,남,52세,승용차,상해없음,여,43세,자전거,중상,차대차 - 측면직각충돌,신호위반,맑음,2016-03-19_12시,ID_2372
2015,여,72세,자전거,상해없음,여,52세,보행자,경상,차대사람 - 보도통행중,안전운전불이행,맑음,2015-05-29_12시,ID_642
2020,남,25세,이륜차,상해없음,남,12세,자전거,경상,차대차 - 기타,기타,흐림,2020-11-29_18시,ID_7591
2017,여,47세,승용차,상해없음,여,72세,자전거,경상,차대차 - 측면충돌,안전운전불이행,흐림,2017-07-06_8시,ID_4772
2015,여,48세,승용차,상해없음,남,10세,자전거,경상,차대차 - 측면직각충돌,안전운전불이행,맑음,2015-10-24_18시,ID_971
2020,여,47세,자전거,경상,여,67세,보행자,경상,차대사람 - 횡단중,안전운전불이행,맑음,2020-03-29_17시,ID_6881
2016,남,25세,이륜차,상해없음,여,31세,자전거,경상,차대차 - 측면직각충돌,안전운전불이행,맑음,2016-11-09_9시,ID_3103
2015,여,64세,승용차,상해없음,여,64세,자전거,중상,차대차 - 측면직각충돌,직진우회전진행방해,맑음,2015-04-09_19시,ID_1904
2019,남,49세,승용차,상해없음,남,66세,자전거,경상,차대차 - 측면충돌,안전운전불이행,맑음,2019-03-29_0시,ID_6764
2015,남,47세,승용차,기타불명,남,43세,자전거,경상,차대차 - 기타,안전운전불이행,흐림,2015-11-06_18시,ID_1934
2017,남,45세,이륜차,상해없음,남,42세,자전거,경상,차대차 - 추돌,안전운전불이행,맑음,2017-04-03_21시,ID_4822
2015,남,41세,이륜차,상해없음,남,37세,자전거,경상,차대차 - 측면직각충돌,차로위반,맑음,2015-06-18_18시,ID_1554
2015,남,64세,승용차,기타불명,남,13세,자전거,중상,차대차 - 기타,안전운전불이행,맑음,2015-08-27_8시,ID_883
2020,남,44세,이륜차,상해없음,여,59세,자전거,중상,차대차 - 기타,안전거리미확보,맑음,2020-12-04_15시,ID_6888
2015,여,48세,승용차,상해없음,남,52세,자전거,중상,차대차 - 기타,신호위반,맑음,2015-09-10_7시,ID_24
2020,남,61세,승용차,상해없음,남,56세,자전거,중상,차대차 - 정면충돌,신호위반,맑음,2020-03-03_22시,ID_6840
2018,남,17세,자전거,상해없음,여,54세,보행자,경상,차대사람 - 횡단중,신호위반,맑음,2018-06-02_10시,ID_4938
2018,남,38세,자전거,상해없음,여,60세,보행자,경상,차대사람 - 횡단중,안전운전불이행,맑음,2018-10-11_18시,ID_4976
2020,남,50세,승용차,상해없음,여,57세,자전거,경상,차대차 - 기타,안전운전불이행,맑음,2020-10-11_8시,ID_7584
2020,남,18세,자전거,경상,남,37세,자전거,경상,차대차 - 기타,안전운전불이행,맑음,2020-07-24_18시,ID_7545
2019,남,17세,승용차,상해없음,여,54세,자전거,중상,차대차 - 측면충돌,안전운전불이행,맑음,2019-01-23_18시,ID_6236
2020,여,59세,화물차,상해없음,여,73세,자전거,중상,차대차 - 측면충돌,기타,맑음,2020-08-12_7시,ID_7309
2016,남,45세,승용차,상해없음,남,53세,자전거,중상,차대차 - 측면직각충돌,안전운전불이행,흐림,2016-06-24_19시,ID_3536
2015,남,22세,이륜차,상해없음,남,14세,자전거,경상,차대차 - 정면충돌,신호위반,맑음,2015-12-05_12시,ID_403
2019,남,45세,승용차,상해없음,여,27세,자전거,중상,차대차 - 정면충돌,안전운전불이행,맑음,2019-03-08_12시,ID_6127
2016,남,33세,원동기장치자전거,상해없음,남,11세,자전거,경상,차대차 - 측면직각충돌,안전운전불이행,맑음,2016-03-28_18시,ID_2098
2019,남,47세,승용차,상해없음,남,55세,자전거,경상,차대차 - 측면충돌,안전운전불이행,맑음,2019-07-02_17시,ID_6403
2017,여,47세,승용차,상해없음,남,59세,자전거,경상,차대차 - 기타,안전운전불이행,맑음,2017-06-27_15시,ID_4675
2020,남,45세,승용차,상해없음,남,75세,자전거,중상,차대차 - 측면충돌,안전운전불이행,맑음,2020-03-19_12시,ID_7019
2017,여,50세,승용차,상해없음,남,15세,자전거,중상,차대차 - 기타,안전운전불이행,맑음,2017-10-27_22시,ID_3923
2015,남,62세,자전거,상해없음,남,50세,보행자,중상,차대사람 - 차도통행중,신호위반,맑음,2015-09-25_20시,ID_434
2020,남,62세,화물차,상해없음,여,8세,자전거,경상,차대차 - 측면충돌,보행자보호위반,맑음,2020-11-05_14시,ID_7255
2016,남,60세,승용차,상해없음,여,31세,자전거,중상,차대차 - 측면직각충돌,안전거리미확보,비,2016-06-24_5시,ID_2475
2020,여,63세,이륜차,상해없음,여,24세,자전거,중상,차대차 - 기타,신호위반,맑음,2020-03-16_23시,ID_7199
2017,남,59세,승용차,상해없음,남,75세,자전거,경상,차대차 - 측면충돌,교차로운행방법위반,맑음,2017-08-06_10시,ID_4638
2016,남,56세,승용차,상해없음,여,62세,자전거,중상,차대차 - 측면직각충돌,교차로운행방법위반,맑음,2016-08-16_20시,ID_2677
2019,남,36세,화물차,상해없음,남,41세,자전거,중상,차대차 - 기타,안전운전불이행,맑음,2019-09-29_5시,ID_5932
2017,남,65세,승용차,상해없음,여,65세,자전거,경상,차대차 - 측면충돌,안전운전불이행,맑음,2017-01-26_15시,ID_4191
2016,남,76세,승용차,상해없음,여,59세,자전거,중상,차대차 - 측면직각충돌,안전운전불이행,맑음,2016-12-14_4시,ID_2080
2016,남,26세,승용차,상해없음,남,17세,자전거,경상,차대차 - 측면직각충돌,안전운전불이행,맑음,2016-09-29_16시,ID_2562
2015,남,52세,화물차,상해없음,남,39세,자전거,중상,차대차 - 측면직각충돌,안전운전불이행,맑음,2015-04-18_16시,ID_869
2016,남,25세,이륜차,상해없음,남,57세,자전거,중상,차대차 - 추돌 - 진행중,안전운전불이행,맑음,2016-12-28_17시,ID_3561
2015,여,55세,승용차,상해없음,남,66세,자전거,중상,차대차 - 측면직각충돌,안전운전불이행,맑음,2015-06-03_16시,ID_1450
2017,남,35세,승용차,상해없음,여,69세,자전거,중상,차대차 - 기타,안전운전불이행,맑음,2017-10-14_17시,ID_4808
2020,남,74세,자전거,상해없음,남,79세,자전거,경상,차대차 - 기타,안전운전불이행,맑음,2020-04-13_13시,ID_7037
2020,여,16세,자전거,상해없음,여,71세,보행자,중상,차대사람 - 횡단중,보행자보호위반,맑음,2020-11-07_17시,ID_7077
2020,남,36세,승용차,상해없음,남,17세,자전거,경상,차대차 - 측면충돌,안전운전불이행,맑음,2020-06-18_16시,ID_7110
2020,남,66세,승용차,상해없음,여,57세,자전거,중상,차대차 - 측면충돌,안전거리미확보,흐림,2020-02-28_20시,ID_7103
2015,남,76세,자전거,상해없음,남,68세,보행자,경상,차대사람 - 보도통행중,안전운전불이행,맑음,2015-03-01_18시,ID_1260
2016,남,65세,승용차,상해없음,남,43세,자전거,중상,차대차 - 기타,안전운전불이행,맑음,2016-10-19_8시,ID_2742
2017,남,55세,승합차,상해없음,남,61세,자전거,경상,차대차 - 측면충돌,안전운전불이행,맑음,2017-09-13_12시,ID_4457
2018,남,63세,화물차,상해없음,남,26세,자전거,중상,차대차 - 측면충돌,안전운전불이행,맑음,2018-12-21_8시,ID_5273
2016,남,56세,자전거,상해없음,남,43세,보행자,경상,차대사람 - 기타,안전운전불이행,맑음,2016-05-05_17시,ID_2067
2020,남,60세,자전거,상해없음,여,53세,보행자,경상,차대사람 - 횡단중,보행자보호위반,맑음,2020-05-22_18시,ID_7326
2019,남,66세,화물차,상해없음,여,60세,자전거,중상,차대차 - 측면충돌,교차로통행방법위반,맑음,2019-04-16_19시,ID_6802
2016,남,47세,승용차,상해없음,남,30세,자전거,중상,차대차 - 추돌 - 진행중,안전운전불이행,맑음,2016-08-29_0시,ID_3040
2015,남,48세,화물차,상해없음,여,7세,자전거,중상,차대차 - 기타,신호위반,흐림,2015-05-19_21시,ID_1264
2015,여,58세,승용차,상해없음,여,11세,자전거,경상,차대차 - 정면충돌,안전운전불이행,맑음,2015-11-26_15시,ID_1982
2020,여,46세,자전거,경상,남,6세,보행자,경상,차대사람 - 횡단중,안전운전불이행,맑음,2020-07-01_14시,ID_7708
2015,남,14세,자전거,상해없음,여,45세,보행자,경상,차대사람 - 기타,보행자보호위반,맑음,2015-05-27_16시,ID_1100
2016,남,83세,자전거,상해없음,여,70세,보행자,경상,차대사람 - 기타,안전운전불이행,맑음,2016-10-10_8시,ID_2134
2018,여,44세,승용차,상해없음,여,64세,자전거,중상,차대차 - 추돌,안전운전불이행,맑음,2018-10-18_9시,ID_5425
2018,여,46세,승용차,상해없음,남,18세,자전거,경상,차대차 - 측면충돌,안전운전불이행,맑음,2018-06-26_6시,ID_5260
2015,남,71세,승용차,상해없음,남,83세,자전거,경상,차대차 - 기타,안전운전불이행,맑음,2015-01-20_11시,ID_131
2020,남,57세,승용차,상해없음,남,9세,자전거,경상,차대차 - 측면충돌,신호위반,맑음,2020-08-29_12시,ID_7297
2015,여,39세,승용차,상해없음,남,18세,자전거,중상,차대차 - 기타,교차로운행방법위반,맑음,2015-02-27_17시,ID_231
2016,여,39세,승용차,상해없음,남,56세,자전거,경상,차대차 - 측면직각충돌,안전운전불이행,맑음,2016-06-23_18시,ID_2896
2016,남,64세,승용차,상해없음,남,38세,자전거,중상,차대차 - 측면직각충돌,안전운전불이행,맑음,2016-04-26_14시,ID_2089
2015,남,41세,승용차,상해없음,남,34세,자전거,중상,차대차 - 측면직각충돌,안전운전불이행,맑음,2015-05-21_9시,ID_339
2015,여,48세,승용차,상해없음,남,15세,자전거,경상,차대차 - 기타,중앙선침범,맑음,2015-04-29_22시,ID_1098
2018,여,44세,승용차,상해없음,여,63세,자전거,경상,차대차 - 추돌,안전운전불이행,맑음,2018-07-05_20시,ID_4968
2015,남,31세,화물차,상해없음,남,68세,자전거,경상,차대차 - 측면직각충돌,안전운전불이행,맑음,2015-08-31_15시,ID_910
2017,남,21세,이륜차,상해없음,남,15세,자전거,경상,차대차 - 기타,안전운전불이행,맑음,2017-05-29_21시,ID_4310
2017,남,68세,화물차,상해없음,여,42세,자전거,경상,차대차 - 측면충돌,교차로운행방법위반,맑음,2017-09-08_20시,ID_4266
2018,남,61세,승용차,상해없음,남,76세,자전거,중상,차대차 - 기타,안전운전불이행,맑음,2018-08-18_9시,ID_5518
2016,여,27세,승용차,상해없음,남,53세,자전거,경상,차대차 - 기타,신호위반,맑음,2016-05-07_13시,ID_2753
2016,남,56세,승용차,상해없음,남,86세,자전거,중상,차대차 - 측면직각충돌,직진우회전진행방해,맑음,2016-10-09_14시,ID_2079
2016,여,51세,자전거,상해없음,남,80세,자전거,중상,차대차 - 측면직각충돌,안전운전불이행,맑음,2016-10-11_9시,ID_2623
2015,남,40세,승용차,상해없음,남,41세,자전거,중상,차대차 - 측면직각충돌,신호위반,맑음,2015-08-26_23시,ID_1430
2015,남,52세,승용차,상해없음,남,14세,자전거,경상,차대차 - 측면직각충돌,기타,맑음,2015-10-28_18시,ID_879
2016,남,57세,승용차,상해없음,남,62세,자전거,중상,차대차 - 측면직각충돌,신호위반,맑음,2016-01-04_6시,ID_2829
2016,남,15세,자전거,상해없음,여,57세,자전거,중상,차대차 - 측면직각충돌,안전운전불이행,맑음,2016-06-06_15시,ID_2427
2017,남,35세,승용차,상해없음,여,66세,자전거,경상,차대차 - 기타,안전운전불이행,맑음,2017-05-25_11시,ID_4319
2020,남,41세,승용차,상해없음,남,61세,자전거,중상,차대차 - 기타,신호위반,맑음,2020-05-04_15시,ID_7656
2015,남,30세,자전거,경상,남,39세,보행자,중상,차대사람 - 횡단중,안전운전불이행,맑음,2015-10-09_16시,ID_703
2015,남,57세,승용차,상해없음,여,48세,자전거,중상,차대차 - 기타,안전운전불이행,맑음,2015-08-10_13시,ID_204
2020,남,35세,승용차,상해없음,여,58세,자전거,경상,차대차 - 측면충돌,안전운전불이행,맑음,2020-11-23_16시,ID_7567
2018,남,32세,승용차,상해없음,남,16세,자전거,경상,차대차 - 정면충돌,신호위반,맑음,2018-04-29_13시,ID_5072
2015,여,49세,자전거,상해없음,여,42세,자전거,경상,차대차 - 측면직각충돌,안전운전불이행,맑음,2015-04-25_16시,ID_279
2015,남,57세,화물차,상해없음,남,32세,자전거,중상,차대차 - 측면직각충돌,안전거리미확보,맑음,2015-09-10_7시,ID_1166
2015,여,67세,승용차,기타불명,남,38세,자전거,경상,차대차 - 추돌 - 주정차중,안전운전불이행,맑음,2015-04-07_9시,ID_1196
2017,여,61세,승용차,상해없음,남,15세,자전거,경상,차대차 - 추돌,안전운전불이행,맑음,2017-06-19_15시,ID_4684
2020,남,13세,자전거,상해없음,남,72세,자전거,경상,차대차 - 측면충돌,안전운전불이행,맑음,2020-10-29_15시,ID_7542
2015,남,57세,승용차,상해없음,여,58세,자전거,중상,차대차 - 기타,안전운전불이행,맑음,2015-01-02_10시,ID_146
2016,여,47세,승용차,상해없음,남,54세,자전거,경상,차대차 - 추돌 - 진행중,안전운전불이행,비,2016-08-25_14시,ID_3503
2019,남,63세,화물차,상해없음,여,53세,자전거,중상,차대차 - 측면충돌,안전운전불이행,맑음,2019-07-14_8시,ID_6760
2019,남,16세,자전거,상해없음,여,67세,보행자,중상,차대사람 - 기타,안전운전불이행,비,2019-06-06_15시,ID_6043
2018,남,43세,승용차,상해없음,남,65세,자전거,경상,차대차 - 기타,신호위반,맑음,2018-11-14_4시,ID_5031
2018,남,68세,화물차,상해없음,여,65세,자전거,중상,차대차 - 측면충돌,안전운전불이행,맑음,2018-03-24_12시,ID_5683
2015,남,50세,자전거,상해없음,여,17세,보행자,경상,차대사람 - 기타,안전운전불이행,맑음,2015-06-03_11시,ID_273
2016,여,18세,자전거,경상,남,19세,자전거,경상,차대차 - 측면직각충돌,안전운전불이행,맑음,2016-11-04_17시,ID_2477
2016,남,62세,승용차,상해없음,여,48세,자전거,경상,차대차 - 측면직각충돌,안전운전불이행,비,2016-02-11_23시,ID_2142
2017,남,41세,승합차,상해없음,남,60세,자전거,중상,차대차 - 측면충돌,안전운전불이행,맑음,2017-09-13_8시,ID_3934
2018,여,38세,승용차,상해없음,남,78세,자전거,중상,차대차 - 측면충돌,안전운전불이행,맑음,2018-12-31_10시,ID_5175
2015,남,51세,승용차,상해없음,남,75세,자전거,경상,차대차 - 기타,안전운전불이행,맑음,2015-03-29_12시,ID_104
2015,남,46세,승합차,상해없음,남,69세,자전거,중상,차대차 - 측면직각충돌,신호위반,맑음,2015-03-20_6시,ID_1447
2017,남,45세,승용차,상해없음,여,55세,자전거,중상,차대차 - 측면충돌,안전운전불이행,맑음,2017-07-20_9시,ID_3815
2019,여,36세,승용차,상해없음,남,12세,자전거,경상,차대차 - 측면충돌,기타,맑음,2019-04-29_17시,ID_6655
2015,남,50세,승용차,상해없음,남,67세,자전거,중상,차대차 - 측면직각충돌,안전운전불이행,맑음,2015-09-12_12시,ID_1211
2015,남,54세,승용차,상해없음,남,77세,자전거,경상,차대차 - 기타,신호위반,비,2015-11-06_21시,ID_92
2015,남,66세,자전거,상해없음,여,44세,보행자,경상,차대사람 - 기타,안전운전불이행,맑음,2015-09-29_11시,ID_78