사고년도,가해자성별,가해자연령,가해차종,가해자신체상해정도,피해자성별,피해자연령,피해차종,피해자신체상해정도,사고유형,가해자법규위반,기상상태,시각,사건번호
2019,여,71세,승용차,상해없음,남,39세,자전거,경상,차대차 - 측면충돌,교차로통행방법위반,맑음,2019-10-29_19시,ID_5866
2015,남,73세,승용차,상해없음,남,33세,자전거,경상,차대차 - 측면직각충돌,안전운전불이행,맑음,2015-11-02_18시,ID_644
2015,남,60세,승용차,상해없음,여,27세,자전거,중상,차대차 - 측면직각충돌,안전운전불이행,맑음,2015-11-29_1시,ID_707
2017,남,58세,승용차,상해없음,여,71세,자전거,중상,차대차 - 정면충돌,안전운전불이행,맑음,2017-08-22_12시,ID_3902
2015,남,24세,이륜차,상해없음,남,17세,자전거,경상,차대차 - 측면직각충돌,신호위반,맑음,2015-04-03_22시,ID_1457
2017,남,60세,승용차,상해없음,남,60세,자전거,중상,차대차 - 측면충돌,안전운전불이행,맑음,2017-06-17_6시,ID_4546
2018,남,32세,승용차,상해없음,남,12세,자전거,경상,차대차 - 측면충돌,신호위반,맑음,2018-08-17_15시,ID_4960
2020,남,30세,승용차,상해없음,여,49세,자전거,중상,차대차 - 추돌,교차로통행방법위반,맑음,2020-09-17_7시,ID_7658
2015,남,58세,원동기장치자전거,상해없음,여,60세,자전거,중상,차대차 - 기타,중앙선침범,비,2015-04-29_13시,ID_97
2015,여,61세,승용차,상해없음,여,36세,자전거,중상,차대차 - 기타,안전운전불이행,맑음,2015-01-14_8시,ID_1566
2017,여,44세,자전거,상해없음,여,77세,보행자,중상,차대사람 - 기타,기타,맑음,2017-09-14_10시,ID_4107
2017,남,20세,승용차,상해없음,남,56세,자전거,중상,차대차 - 측면충돌,신호위반,맑음,2017-07-14_22시,ID_4467
2020,남,64세,자전거,상해없음,여,70세,보행자,중상,차대사람 - 기타,안전운전불이행,맑음,2020-07-01_18시,ID_7308
2015,남,47세,승용차,상해없음,남,29세,자전거,경상,차대차 - 측면직각충돌,교차로운행방법위반,맑음,2015-08-16_17시,ID_902
2015,남,53세,승용차,상해없음,여,53세,자전거,경상,차대차 - 측면직각충돌,안전운전불이행,맑음,2015-11-10_19시,ID_1143
2015,여,24세,승용차,상해없음,남,53세,자전거,경상,차대차 - 추돌 - 진행중,안전운전불이행,맑음,2015-01-07_20시,ID_837
2016,남,55세,화물차,상해없음,여,66세,자전거,경상,차대차 - 추돌 - 진행중,안전운전불이행,맑음,2016-06-27_6시,ID_3505
2019,남,70세,승용차,상해없음,남,46세,자전거,중상,차대차 - 측면충돌,안전운전불이행,맑음,2019-04-13_13시,ID_6278
2015,남,38세,승용차,상해없음,남,12세,자전거,경상,차대차 - 측면직각충돌,안전운전불이행,맑음,2015-03-22_16시,ID_693
2016,남,52세,승용차,상해없음,남,12세,자전거,경상,차대차 - 측면직각충돌,신호위반,맑음,2016-03-09_8시,ID_3393
2019,남,62세,승용차,상해없음,여,55세,자전거,중상,차대차 - 측면충돌,안전운전불이행,맑음,2019-12-13_7시,ID_6232
2018,남,59세,승용차,상해없음,여,53세,자전거,경상,차대차 - 추돌,안전운전불이행,맑음,2018-11-15_10시,ID_5308
2017,남,75세,화물차,상해없음,남,76세,자전거,중상,차대차 - 정면충돌,안전운전불이행,맑음,2017-03-05_7시,ID_4486
2017,남,63세,자전거,상해없음,남,44세,보행자,경상,차대사람 - 기타,기타,맑음,2017-10-19_20시,ID_3885
2019,남,44세,화물차,상해없음,여,62세,자전거,경상,차대차 - 측면충돌,안전운전불이행,맑음,2019-12-05_7시,ID_6165
2015,남,67세,승용차,상해없음,여,46세,자전거,경상,차대차 - 기타,기타,비,2015-07-24_15시,ID_358
2015,남,61세,승용차,상해없음,여,56세,자전거,경상,차대차 - 기타,기타,맑음,2015-11-05_6시,ID_36
2018,남,57세,승용차,상해없음,남,15세,자전거,중상,차대차 - 측면충돌,안전운전불이행,맑음,2018-05-19_12시,ID_5529
2019,여,62세,승용차,상해없음,여,25세,자전거,경상,차대차 - 측면충돌,안전운전불이행,맑음,2019-10-04_9시,ID_6143
2020,남,41세,승용차,상해없음,남,70세,자전거,경상,차대차 - 측면충돌,교차로통행방법위반,맑음,2020-05-12_11시,ID_7634
2019,여,63세,승용차,상해없음,남,11세,자전거,경상,차대차 - 측면충돌,안전운전불이행,맑음,2019-11-07_18시,ID_6688
2015,남,26세,승용차,상해없음,여,52세,자전거,중상,차대차 - 측면직각충돌,교차로운행방법위반,맑음,2015-05-14_7시,ID_880
2017,남,34세,이륜차,상해없음,남,11세,자전거,중상,차대차 - 측면충돌,안전운전불이행,맑음,2017-10-30_15시,ID_4757
2017,남,39세,화물차,상해없음,남,53세,자전거,경상,차대차 - 측면충돌,안전운전불이행,맑음,2017-08-01_12시,ID_4054
2019,남,82세,승용차,상해없음,여,29세,자전거,경상,차대차 - 기타,안전운전불이행,맑음,2019-12-12_8시,ID_6722
2017,남,73세,승용차,상해없음,여,54세,자전거,경상,차대차 - 측면충돌,안전운전불이행,맑음,2017-02-14_13시,ID_4314
2015,남,52세,승용차,상해없음,남,13세,자전거,경상,차대차 - 측면직각충돌,안전운전불이행,맑음,2015-04-29_20시,ID_1251
2017,남,61세,화물차,상해없음,여,72세,자전거,경상,차대차 - 측면충돌,교차로운행방법위반,맑음,2017-09-07_17시,ID_4786
2018,남,47세,화물차,상해없음,남,13세,자전거,경상,차대차 - 기타,신호위반,흐림,2018-02-08_19시,ID_5575
2015,남,38세,승용차,상해없음,남,75세,자전거,중상,차대차 - 측면직각충돌,안전운전불이행,맑음,2015-08-20_21시,ID_396
2015,남,33세,승용차,상해없음,여,39세,자전거,경상,차대차 - 정면충돌,안전운전불이행,맑음,2015-11-21_15시,ID_1616
2016,남,56세,승용차,상해없음,남,69세,자전거,중상,차대차 - 측면직각충돌,신호위반,맑음,2016-08-16_11시,ID_2841
2017,여,55세,승용차,상해없음,여,24세,자전거,경상,차대차 - 측면충돌,신호위반,맑음,2017-11-14_9시,ID_4616
2015,여,53세,승용차,상해없음,여,8세,자전거,경상,차대차 - 측면직각충돌,안전운전불이행,맑음,2015-02-12_16시,ID_207
2017,남,68세,승용차,상해없음,남,79세,자전거,중상,차대차 - 측면충돌,안전운전불이행,맑음,2017-12-22_15시,ID_4627
2018,남,67세,승용차,상해없음,여,56세,자전거,중상,차대차 - 기타,안전운전불이행,흐림,2018-05-07_8시,ID_5773
2020,남,64세,승용차,상해없음,남,61세,자전거,경상,차대차 - 측면충돌,안전운전불이행,맑음,2020-06-09_17시,ID_7751
2018,남,67세,승용차,상해없음,남,73세,자전거,경상,차대차 - 측면충돌,안전운전불이행,맑음,2018-05-22_8시,ID_5309
2016,남,46세,화물차,상해없음,여,4세,자전거,경상,차대차 - 측면직각충돌,안전운전불이행,맑음,2016-09-02_13시,ID_2465
2018,남,27세,원동기장치자전거,경상,남,18세,자전거,경상,차대차 - 기타,안전운전불이행,맑음,2018-07-27_22시,ID_5611
2015,남,58세,자전거,상해없음,남,25세,자전거,경상,차대차 - 기타,안전운전불이행,맑음,2015-05-21_20시,ID_95
2019,남,58세,화물차,상해없음,남,85세,자전거,중상,차대차 - 측면충돌,신호위반,맑음,2019-03-16_8시,ID_6661
2018,여,37세,승용차,상해없음,남,82세,자전거,중상,차대차 - 기타,안전운전불이행,맑음,2018-09-19_9시,ID_5538
2019,남,53세,승용차,상해없음,남,76세,자전거,경상,차대차 - 기타,안전운전불이행,맑음,2019-10-26_10시,ID_5979
2020,남,31세,승용차,상해없음,남,23세,자전거,중상,차대차 - 정면충돌,교차로통행방법위반,흐림,2020-06-13_8시,ID_7785
2017,남,25세,이륜차,상해없음,남,11세,자전거,중상,차대차 - 정면충돌,안전운전불이행,맑음,2017-07-21_15시,ID_4518
2018,남,49세,이륜차,상해없음,여,60세,자전거,경상,차대차 - 측면충돌,신호위반,맑음,2018-06-08_17시,ID_5239
2016,남,21세,자전거,상해없음,남,33세,자전거,경상,차대차 - 기타,안전운전불이행,맑음,2016-10-13_22시,ID_2957
2020,남,58세,승용차,상해없음,여,70세,자전거,경상,차대차 - 측면충돌,신호위반,맑음,2020-03-06_17시,ID_7447
2016,남,49세,승용차,상해없음,여,34세,자전거,경상,차대차 - 측면직각충돌,안전운전불이행,맑음,2016-06-01_9시,ID_3245
2019,남,35세,화물차,상해없음,남,69세,자전거,중상,차대차 - 기타,안전운전불이행,맑음,2019-09-30_19시,ID_6545
2016,여,44세,승용차,상해없음,남,6세,자전거,경상,차대차 - 기타,안전운전불이행,맑음,2016-06-13_18시,ID_2666
2015,남,49세,승용차,상해없음,여,65세,자전거,경상,차대차 - 기타,안전운전불이행,맑음,2015-05-20_9시,ID_817
2019,남,33세,이륜차,상해없음,여,33세,자전거,중상,차대차 - 측면충돌,안전운전불이행,맑음,2019-07-19_17시,ID_5818
2017,남,59세,자전거,상해없음,여,71세,보행자,경상,차대사람 - 횡단중,보행자보호위반,맑음,2017-11-06_14시,ID_3708
2017,남,52세,승용차,상해없음,여,43세,자전거,경상,차대차 - 측면충돌,안전운전불이행,맑음,2017-02-18_13시,ID_3782
2015,남,53세,승용차,상해없음,남,21세,자전거,경상,차대차 - 기타,안전운전불이행,맑음,2015-05-08_13시,ID_1628
2016,남,33세,자전거,상해없음,남,66세,자전거,경상,차대차 - 측면직각충돌,직진우회전진행방해,맑음,2016-06-18_17시,ID_2368
2017,남,45세,승합차,상해없음,남,10세,자전거,경상,차대차 - 정면충돌,안전운전불이행,맑음,2017-04-09_9시,ID_3658
2015,남,53세,승용차,상해없음,남,27세,자전거,중상,차대차 - 측면직각충돌,안전운전불이행,맑음,2015-09-29_21시,ID_977
2017,남,65세,승용차,상해없음,여,28세,자전거,중상,차대차 - 기타,안전운전불이행,맑음,2017-09-25_23시,ID_3977
2015,남,55세,승용차,상해없음,남,26세,자전거,경상,차대차 - 추돌 - 주정차중,안전운전불이행,맑음,2015-07-17_18시,ID_2053
2017,남,18세,승용차,상해없음,여,26세,자전거,경상,차대차 - 측면충돌,안전운전불이행,맑음,2017-06-27_13시,ID_3998
2019,남,65세,승용차,상해없음,남,75세,자전거,경상,차대차 - 기타,교차로통행방법위반,맑음,2019-03-12_10시,ID_6724
2015,남,40세,승용차,상해없음,남,42세,자전거,중상,차대차 - 측면직각충돌,안전운전불이행,맑음,2015-05-21_14시,ID_599
2017,남,64세,승용차,상해없음,여,44세,자전거,경상,차대차 - 측면충돌,기타,맑음,2017-09-28_8시,ID_3702
2017,남,33세,이륜차,상해없음,남,14세,자전거,중상,차대차 - 기타,중앙선침범,맑음,2017-05-24_18시,ID_3724
2019,남,60세,승용차,상해없음,남,78세,자전거,경상,차대차 - 측면충돌,안전운전불이행,맑음,2019-08-23_6시,ID_6426
2015,남,30세,승용차,상해없음,남,34세,자전거,경상,차대차 - 기타,안전운전불이행,맑음,2015-08-19_1시,ID_194
2017,여,25세,승용차,상해없음,남,22세,자전거,경상,차대차 - 측면충돌,안전운전불이행,맑음,2017-08-18_23시,ID_4260
2016,여,78세,승용차,기타불명,여,56세,자전거,경상,차대차 - 측면직각충돌,안전운전불이행,맑음,2016-02-23_7시,ID_2775
2017,남,23세,승용차,상해없음,여,69세,자전거,경상,차대차 - 기타,교차로운행방법위반,맑음,2017-11-10_12시,ID_4635
2015,남,35세,화물차,상해없음,남,14세,자전거,경상,차대차 - 측면직각충돌,안전운전불이행,비,2015-06-30_20시,ID_1220
2017,남,47세,자전거,상해없음,남,52세,보행자,중상,차대사람 - 기타,안전운전불이행,맑음,2017-08-27_16시,ID_3788
2015,남,16세,자전거,상해없음,여,27세,승용차,중상,차대차 - 측면직각충돌,신호위반,맑음,2015-12-02_22시,ID_736
2015,남,73세,승용차,상해없음,남,76세,자전거,경상,차대차 - 측면직각충돌,안전운전불이행,맑음,2015-11-09_12시,ID_222
2020,남,62세,화물차,상해없음,남,54세,자전거,경상,차대차 - 측면충돌,신호위반,맑음,2020-10-29_10시,ID_7722
2020,여,52세,승용차,상해없음,남,62세,자전거,경상,차대차 - 기타,안전운전불이행,맑음,2020-11-18_11시,ID_7782
2017,남,31세,승용차,상해없음,여,76세,자전거,경상,차대차 - 기타,안전운전불이행,맑음,2017-06-28_10시,ID_3781
2017,여,54세,승용차,상해없음,남,58세,자전거,경상,차대차 - 측면충돌,교차로운행방법위반,맑음,2017-04-28_15시,ID_3983
2016,남,55세,승용차,상해없음,남,77세,자전거,경상,차대차 - 기타,안전운전불이행,맑음,2016-07-22_19시,ID_3446
2019,남,67세,이륜차,상해없음,남,69세,자전거,중상,차대차 - 측면충돌,신호위반,맑음,2019-09-20_12시,ID_5965
2020,남,38세,승용차,상해없음,남,76세,자전거,경상,차대차 - 정면충돌,신호위반,맑음,2020-10-31_9시,ID_7080
2016,남,36세,자전거,경상,남,19세,자전거,경상,차대차 - 정면충돌,안전운전불이행,맑음,2016-08-21_21시,ID_2457
2015,남,39세,승용차,상해없음,남,15세,자전거,경상,차대차 - 기타,기타,맑음,2015-04-21_21시,ID_485
2016,남,27세,승용차,상해없음,남,64세,자전거,중상,차대차 - 측면직각충돌,신호위반,맑음,2016-09-02_14시,ID_3267
2016,남,42세,승용차,상해없음,남,14세,자전거,경상,차대차 - 정면충돌,교차로운행방법위반,맑음,2016-05-22_12시,ID_2694
2020,남,58세,자전거,상해없음,여,55세,보행자,경상,차대사람 - 횡단중,보행자보호위반,맑음,2020-08-13_18시,ID_6877
2017,여,62세,이륜차,경상,남,49세,자전거,경상,차대차 - 기타,안전운전불이행,맑음,2017-07-11_13시,ID_4729
2016,남,42세,승용차,상해없음,남,19세,자전거,중상,차대차 - 측면직각충돌,신호위반,맑음,2016-09-12_11시,ID_2587
2018,남,49세,승용차,기타불명,여,23세,자전거,경상,차대차 - 기타,신호위반,맑음,2018-05-17_12시,ID_5679
2019,남,52세,승용차,상해없음,남,35세,자전거,경상,차대차 - 기타,안전운전불이행,맑음,2019-08-17_20시,ID_6128
2017,여,46세,자전거,경상,남,33세,자전거,경상,차대차 - 기타,중앙선침범,맑음,2017-09-10_12시,ID_4582
2019,남,45세,승합차,상해없음,남,65세,자전거,중상,차대차 - 기타,안전운전불이행,맑음,2019-06-21_9시,ID_6184
2015,남,28세,원동기장치자전거,상해없음,남,17세,자전거,경상,차대차 - 기타,신호위반,맑음,2015-08-23_23시,ID_389
2019,남,67세,승용차,상해없음,여,70세,자전거,경상,차대차 - 측면충돌,안전운전불이행,맑음,2019-10-28_13시,ID_6021
2019,남,9세,자전거,기타불명,남,57세,보행자,경상,차대사람 - 기타,안전운전불이행,맑음,2019-12-03_15시,ID_5812
2018,남,64세,자전거,상해없음,남,43세,보행자,경상,차대사람 - 횡단중,중앙선침범,맑음,2018-07-26_5시,ID_4924
2019,남,63세,승용차,상해없음,남,82세,자전거,중상,차대차 - 측면충돌,안전운전불이행,맑음,2019-03-26_15시,ID_6363
2015,남,29세,승용차,상해없음,남,12세,자전거,경상,차대차 - 기타,안전운전불이행,맑음,2015-05-19_18시,ID_1064
2020,남,27세,자전거,상해없음,남,54세,보행자,경상,차대사람 - 보도통행중,안전운전불이행,맑음,2020-09-22_16시,ID_7225
2015,여,47세,승용차,상해없음,남,13세,자전거,경상,차대차 - 측면직각충돌,안전운전불이행,맑음,2015-10-06_13시,ID_1976
2020,남,48세,이륜차,상해없음,여,60세,자전거,중상,차대차 - 측면충돌,안전운전불이행,비,2020-07-03_21시,ID_7398
2015,여,24세,자전거,상해없음,여,36세,자전거,경상,차대차 - 추돌 - 진행중,안전운전불이행,맑음,2015-06-04_7시,ID_580
2019,남,60세,자전거,상해없음,여,5세,보행자,중상,차대사람 - 보도통행중,기타,맑음,2019-02-27_18시,ID_5956
2016,남,74세,화물차,상해없음,여,57세,자전거,중상,차대차 - 측면직각충돌,안전운전불이행,맑음,2016-06-01_12시,ID_2332
2016,남,16세,자전거,기타불명,여,28세,보행자,경상,차대사람 - 기타,안전운전불이행,맑음,2016-07-20_8시,ID_2863
2020,남,22세,자전거,상해없음,남,13세,자전거,경상,차대차 - 정면충돌,안전운전불이행,맑음,2020-04-30_20시,ID_7092
2015,남,64세,승용차,상해없음,남,65세,자전거,경상,차대차 - 측면직각충돌,신호위반,맑음,2015-03-16_5시,ID_306
2017,남,36세,승용차,상해없음,남,79세,자전거,중상,차대차 - 측면충돌,안전운전불이행,맑음,2017-08-03_8시,ID_4129
2016,남,75세,승용차,상해없음,남,54세,자전거,경상,차대차 - 측면직각충돌,안전운전불이행,맑음,2016-03-31_17시,ID_2909
2016,여,39세,승용차,상해없음,남,45세,자전거,경상,차대차 - 정면충돌,교차로운행방법위반,맑음,2016-06-04_13시,ID_3479
2015,남,61세,승합차,상해없음,남,12세,자전거,중상,차대차 - 측면직각충돌,교차로운행방법위반,맑음,2015-07-17_17시,ID_1087
2017,여,58세,승용차,상해없음,남,72세,자전거,중상,차대차 - 측면충돌,신호위반,비,2017-04-17_8시,ID_4224
2017,남,49세,승용차,기타불명,남,51세,자전거,경상,차대차 - 기타,기타,맑음,2017-04-21_20시,ID_3910
2019,여,61세,승용차,상해없음,여,67세,자전거,중상,차대차 - 측면충돌,안전운전불이행,맑음,2019-07-09_14시,ID_6458
2018,남,67세,자전거,상해없음,여,21세,자전거,중상,차대차 - 기타,안전운전불이행,맑음,2018-05-05_18시,ID_5063
2015,남,15세,자전거,경상,남,25세,원동기장치자전거,경상,차대차 - 측면직각충돌,중앙선침범,맑음,2015-09-07_22시,ID_304
2016,여,59세,승용차,상해없음,남,70세,자전거,경상,차대차 - 측면직각충돌,신호위반,맑음,2016-07-08_18시,ID_3036
2020,남,25세,승용차,상해없음,여,27세,자전거,경상,차대차 - 측면충돌,안전운전불이행,맑음,2020-10-28_8시,ID_7606
2018,남,51세,승용차,상해없음,남,13세,자전거,중상,차대차 - 기타,안전운전불이행,맑음,2018-06-13_16시,ID_5713
2016,여,47세,승용차,상해없음,여,69세,자전거,중상,차대차 - 측면직각충돌,안전운전불이행,맑음,2016-01-14_13시,ID_2674
2020,남,63세,승용차,상해없음,여,55세,자전거,경상,차대차 - 기타,안전운전불이행,맑음,2020-08-03_7시,ID_7412
2015,남,50세,승용차,상해없음,여,70세,자전거,중상,차대차 - 정면충돌,안전운전불이행,맑음,2015-11-20_10시,ID_1940
2018,남,61세,화물차,상해없음,남,68세,자전거,경상,차대차 - 추돌,안전운전불이행,맑음,2018-09-28_12시,ID_5555
2020,여,41세,자전거,기타불명,여,65세,보행자,중상,차대사람 - 횡단중,안전운전불이행,맑음,2020-08-07_13시,ID_6969
2019,남,70세,승용차,상해없음,남,77세,자전거,중상,차대차 - 측면충돌,안전운전불이행,맑음,2019-05-08_15시,ID_5897
2020,남,52세,화물차,상해없음,남,33세,자전거,경상,차대차 - 기타,안전운전불이행,맑음,2020-10-29_6시,ID_7572
2015,여,36세,승용차,상해없음,여,61세,자전거,중상,차대차 - 기타,안전운전불이행,맑음,2015-02-11_8시,ID_1997
2020,남,25세,자전거,상해없음,여,62세,자전거,중상,차대차 - 측면충돌,안전운전불이행,맑음,2020-06-06_10시,ID_7235
2017,남,29세,승용차,상해없음,남,7세,자전거,경상,차대차 - 정면충돌,신호위반,맑음,2017-06-17_20시,ID_4461
2019,남,47세,승용차,상해없음,남,67세,자전거,중상,차대차 - 기타,교차로통행방법위반,비,2019-05-27_17시,ID_6715
2018,남,55세,승용차,상해없음,여,50세,자전거,중상,차대차 - 측면충돌,신호위반,비,2018-11-07_8시,ID_4980
2015,남,54세,화물차,상해없음,여,34세,자전거,경상,차대차 - 기타,교차로운행방법위반,맑음,2015-05-12_9시,ID_1619
2017,여,29세,승용차,상해없음,여,61세,자전거,경상,차대차 - 측면충돌,안전운전불이행,맑음,2017-04-13_8시,ID_4639
2017,남,66세,화물차,상해없음,남,34세,자전거,중상,차대차 - 기타,기타,맑음,2017-12-08_10시,ID_4602
2019,여,40세,승용차,상해없음,남,89세,자전거,중상,차대차 - 측면충돌,안전운전불이행,맑음,2019-10-04_10시,ID_6194
2016,남,64세,승용차,상해없음,남,17세,자전거,경상,차대차 - 기타,안전운전불이행,맑음,2016-10-14_8시,ID_2367
2017,남,53세,승용차,상해없음,남,43세,자전거,경상,차대차 - 기타,안전운전불이행,맑음,2017-11-09_19시,ID_4223
2015,남,12세,자전거,상해없음,남,79세,자전거,중상,차대차 - 기타,안전운전불이행,맑음,2015-03-22_12시,ID_258
2020,여,35세,자전거,상해없음,여,62세,보행자,중상,차대사람 - 횡단중,보행자보호위반,맑음,2020-05-30_13시,ID_7096
2019,남,60세,승용차,상해없음,남,46세,자전거,중상,차대차 - 추돌,안전운전불이행,맑음,2019-10-31_20시,ID_5796
2016,남,53세,승용차,상해없음,남,15세,자전거,중상,차대차 - 측면직각충돌,신호위반,맑음,2016-09-28_19시,ID_2167
2016,남,20세,원동기장치자전거,상해없음,남,15세,자전거,경상,차대차 - 측면직각충돌,중앙선침범,맑음,2016-03-17_21시,ID_3130
2016,남,52세,자전거,상해없음,여,48세,보행자,중상,차대사람 - 횡단중,신호위반,흐림,2016-02-29_1시,ID_2193
2017,여,44세,승용차,상해없음,남,79세,자전거,중상,차대차 - 측면충돌,안전운전불이행,맑음,2017-08-05_11시,ID_4278
2015,여,47세,승용차,상해없음,남,65세,자전거,경상,차대차 - 측면직각충돌,안전운전불이행,맑음,2015-08-11_15시,ID_1902
2016,남,38세,승용차,상해없음,남,33세,자전거,경상,차대차 - 기타,교차로운행방법위반,흐림,2016-11-11_9시,ID_3034
2019,남,21세,이륜차,경상,여,55세,자전거,경상,차대차 - 기타,신호위반,맑음,2019-07-31_21시,ID_6550
2015,남,27세,화물차,상해없음,여,58세,자전거,중상,차대차 - 기타,안전운전불이행,맑음,2015-04-11_14시,ID_1872
2015,남,54세,승용차,상해없음,남,66세,자전거,경상,차대차 - 추돌 - 진행중,안전운전불이행,맑음,2015-12-13_18시,ID_1149
2017,남,67세,승용차,상해없음,남,17세,자전거,경상,차대차 - 측면충돌,교차로운행방법위반,맑음,2017-06-10_14시,ID_3719
2017,남,79세,승용차,상해없음,남,24세,자전거,경상,차대차 - 측면충돌,신호위반,맑음,2017-06-02_21시,ID_3653
2016,남,70세,원동기장치자전거,기타불명,여,56세,자전거,중상,차대차 - 기타,교차로운행방법위반,맑음,2016-04-22_7시,ID_2690
2017,남,30세,화물차,상해없음,남,41세,자전거,중상,차대차 - 기타,안전운전불이행,맑음,2017-03-04_16시,ID_3769
2018,여,10세,자전거,기타불명,여,25세,보행자,경상,차대사람 - 기타,안전운전불이행,맑음,2018-04-28_16시,ID_5418
2016,남,70세,이륜차,상해없음,남,74세,자전거,경상,차대차 - 기타,안전운전불이행,흐림,2016-05-08_14시,ID_3384
2015,남,45세,승용차,기타불명,남,10세,자전거,경상,차대차 - 기타,안전운전불이행,맑음,2015-07-08_17시,ID_1459
2017,남,42세,승용차,상해없음,남,60세,자전거,경상,차대차 - 정면충돌,교차로운행방법위반,맑음,2017-07-25_7시,ID_3855
2018,남,66세,승합차,상해없음,남,43세,자전거,경상,차대차 - 측면충돌,안전거리미확보,흐림,2018-04-05_21시,ID_5032
2020,남,89세,자전거,경상,남,58세,승용차,경상,차대차 - 기타,신호위반,비,2020-06-24_15시,ID_7825
2017,남,70세,승용차,상해없음,남,81세,자전거,중상,차대차 - 측면충돌,안전운전불이행,맑음,2017-12-04_10시,ID_3857
2015,남,57세,승용차,상해없음,남,25세,자전거,경상,차대차 - 측면직각충돌,안전운전불이행,맑음,2015-03-27_21시,ID_1374
2019,여,24세,승용차,상해없음,여,45세,자전거,경상,차대차 - 기타,안전운전불이행,맑음,2019-07-16_9시,ID_6330
2018,남,41세,화물차,상해없음,남,62세,자전거,경상,차대차 - 기타,안전운전불이행,맑음,2018-10-13_15시,ID_4984
2018,여,40세,승용차,상해없음,남,60세,자전거,경상,차대차 - 측면충돌,교차로통행방법위반,맑음,2018-01-15_16시,ID_4941
2015,여,49세,승용차,상해없음,여,20세,자전거,경상,차대차 - 측면직각충돌,안전운전불이행,맑음,2015-12-20_9시,ID_631
2015,남,61세,승용차,상해없음,남,46세,자전거,경상,차대차 - 측면직각충돌,직진우회전진행방해,맑음,2015-09-25_16시,ID_2002
2016,남,58세,화물차,상해없음,여,60세,자전거,중상,차대차 - 측면직각충돌,안전운전불이행,맑음,2016-03-10_17시,ID_2411
2016,남,50세,승용차,상해없음,여,67세,자전거,중상,차대차 - 기타,안전운전불이행,맑음,2016-04-15_11시,ID_2697
2019,남,44세,승용차,상해없음,남,63세,자전거,중상,차대차 - 추돌,신호위반,맑음,2019-01-23_12시,ID_6478
2015,여,47세,승용차,상해없음,남,44세,자전거,중상,차대차 - 측면직각충돌,안전운전불이행,맑음,2015-10-03_9시,ID_569
2015,남,15세,자전거,기타불명,여,22세,보행자,경상,차대사람 - 기타,안전운전불이행,맑음,2015-03-13_7시,ID_1387
2015,남,53세,승용차,상해없음,남,53세,자전거,경상,차대차 - 기타,안전운전불이행,맑음,2015-09-24_14시,ID_851
2019,남,71세,승용차,상해없음,남,58세,자전거,경상,차대차 - 기타,기타,맑음,2019-06-09_5시,ID_5855
2016,남,50세,승용차,상해없음,남,32세,자전거,경상,차대차 - 측면직각충돌,안전운전불이행,맑음,2016-05-19_11시,ID_2929
2018,남,47세,화물차,상해없음,여,22세,자전거,중상,차대차 - 측면충돌,안전운전불이행,맑음,2018-06-20_9시,ID_5377
2020,남,48세,자전거,상해없음,여,38세,보행자,경상,차대사람 - 기타,안전운전불이행,맑음,2020-11-06_18시,ID_7607
2017,남,47세,승용차,상해없음,여,59세,자전거,경상,차대차 - 측면충돌,기타,맑음,2017-04-05_8시,ID_3996
2017,여,27세,승용차,상해없음,남,54세,자전거,중상,차대차 - 측면충돌,안전운전불이행,맑음,2017-06-13_8시,ID_4218
2020,남,58세,승용차,상해없음,여,20세,자전거,경상,차대차 - 추돌,안전운전불이행,맑음,2020-06-02_2시,ID_7088
2015,남,38세,승용차,상해없음,남,89세,자전거,경상,차대차 - 측면직각충돌,안전운전불이행,맑음,2015-11-02_12시,ID_1986
2020,여,37세,승용차,상해없음,남,51세,자전거,중상,차대차 - 기타,기타,맑음,2020-08-26_18시,ID_7347
2015,남,26세,승용차,상해없음,남,72세,자전거,경상,차대차 - 기타,안전운전불이행,맑음,2015-09-13_13시,ID_1740
2016,남,50세,화물차,상해없음,남,54세,자전거,경상,차대차 - 정면충돌,신호위반,맑음,2016-10-20_16시,ID_2327
2020,여,75세,승용차,상해없음,남,68세,자전거,경상,차대차 - 측면충돌,안전운전불이행,맑음,2020-06-18_11시,ID_7142
2018,남,42세,화물차,상해없음,여,28세,자전거,경상,차대차 - 측면충돌,안전운전불이행,흐림,2018-11-26_6시,ID_5574
2020,남,46세,화물차,상해없음,남,68세,자전거,중상,차대차 - 측면충돌,기타,맑음,2020-04-12_16시,ID_6865
2015,남,50세,승용차,상해없음,여,46세,자전거,경상,차대차 - 기타,기타,맑음,2015-07-16_22시,ID_201
2015,남,54세,승용차,상해없음,남,75세,자전거,중상,차대차 - 측면직각충돌,안전운전불이행,맑음,2015-03-08_16시,ID_1280
2017,남,22세,원동기장치자전거,상해없음,남,26세,자전거,경상,차대차 - 측면충돌,안전운전불이행,맑음,2017-04-23_21시,ID_3866