사고년도,가해자성별,가해자연령,가해차종,가해자신체상해정도,피해자성별,피해자연령,피해차종,피해자신체상해정도,사고유형,가해자법규위반,기상상태,시각,사건번호
2020,남,17세,이륜차,경상,남,10세,자전거,경상,차대차 - 측면충돌,신호위반,맑음,2020-06-02_16시,ID_7001
2016,남,73세,승용차,상해없음,남,23세,자전거,경상,차대차 - 측면직각충돌,안전운전불이행,맑음,2016-02-16_7시,ID_3363
2019,남,46세,승용차,상해없음,여,28세,자전거,경상,차대차 - 측면충돌,안전운전불이행,맑음,2019-03-29_9시,ID_6344
2015,남,58세,자전거,상해없음,남,55세,보행자,경상,차대사람 - 기타,안전운전불이행,비,2015-11-13_22시,ID_583
2015,남,67세,승합차,상해없음,남,69세,자전거,경상,차대차 - 측면직각충돌,신호위반,맑음,2015-12-27_15시,ID_310
2015,남,31세,승용차,상해없음,남,22세,자전거,중상,차대차 - 측면직각충돌,신호위반,맑음,2015-07-01_17시,ID_653
2017,여,32세,승용차,상해없음,남,82세,자전거,경상,차대차 - 기타,신호위반,맑음,2017-09-14_14시,ID_4664
2020,남,71세,화물차,상해없음,여,59세,자전거,경상,차대차 - 측면충돌,중앙선침범,맑음,2020-10-29_4시,ID_7313
2016,남,66세,승용차,상해없음,여,69세,자전거,중상,차대차 - 측면직각충돌,직진우회전진행방해,맑음,2016-05-17_16시,ID_2665
2019,남,55세,화물차,상해없음,남,61세,자전거,경상,차대차 - 측면충돌,안전운전불이행,맑음,2019-04-27_15시,ID_6286
2016,남,63세,승용차,상해없음,남,75세,자전거,경상,차대차 - 측면직각충돌,안전운전불이행,맑음,2016-11-04_16시,ID_2642
2019,남,36세,이륜차,상해없음,남,75세,자전거,경상,차대차 - 추돌,안전운전불이행,맑음,2019-03-16_11시,ID_5846
2018,남,67세,승합차,상해없음,여,55세,자전거,경상,차대차 - 측면충돌,안전운전불이행,맑음,2018-05-08_10시,ID_5401
2018,남,68세,승용차,상해없음,남,40세,자전거,경상,차대차 - 정면충돌,신호위반,비,2018-05-22_15시,ID_4998
2019,남,14세,자전거,상해없음,남,45세,자전거,중상,차대차 - 기타,안전운전불이행,맑음,2019-08-18_15시,ID_5908
2016,남,22세,승용차,상해없음,남,45세,자전거,경상,차대차 - 정면충돌,안전운전불이행,맑음,2016-03-08_0시,ID_2852
2020,남,51세,자전거,상해없음,남,67세,보행자,중상,차대사람 - 횡단중,안전운전불이행,맑음,2020-12-16_18시,ID_7156
2016,남,62세,승용차,기타불명,여,57세,자전거,경상,차대차 - 측면직각충돌,안전운전불이행,맑음,2016-11-06_17시,ID_2931
2016,남,18세,이륜차,상해없음,남,36세,자전거,중상,차대차 - 측면직각충돌,안전운전불이행,맑음,2016-11-25_22시,ID_3570
2017,남,22세,자전거,상해없음,여,37세,보행자,중상,차대사람 - 횡단중,신호위반,맑음,2017-02-08_4시,ID_4014
2016,남,20세,원동기장치자전거,상해없음,여,55세,자전거,중상,차대차 - 측면직각충돌,안전운전불이행,맑음,2016-08-22_15시,ID_2301
2020,남,44세,승용차,상해없음,남,72세,자전거,중상,차대차 - 기타,안전운전불이행,맑음,2020-02-19_16시,ID_7291
2018,남,54세,승용차,상해없음,남,5세,자전거,중상,차대차 - 측면충돌,안전운전불이행,맑음,2018-09-16_15시,ID_5758
2016,남,68세,승용차,상해없음,남,16세,자전거,경상,차대차 - 기타,안전운전불이행,맑음,2016-11-03_17시,ID_2184
2019,여,67세,화물차,경상,남,49세,자전거,중상,차대차 - 기타,안전운전불이행,맑음,2019-05-29_18시,ID_6582
2017,여,26세,승용차,상해없음,남,56세,자전거,경상,차대차 - 측면충돌,신호위반,맑음,2017-04-11_21시,ID_4698
2016,남,53세,화물차,상해없음,여,18세,자전거,경상,차대차 - 측면직각충돌,안전운전불이행,맑음,2016-04-15_19시,ID_2706
2015,남,50세,승용차,상해없음,남,76세,자전거,경상,차대차 - 측면직각충돌,안전운전불이행,맑음,2015-07-31_17시,ID_1772
2019,남,23세,이륜차,부상신고,남,43세,자전거,중상,차대차 - 측면충돌,안전운전불이행,맑음,2019-07-03_3시,ID_6053
2015,남,75세,승용차,상해없음,남,58세,자전거,경상,차대차 - 측면직각충돌,신호위반,맑음,2015-09-12_4시,ID_540
2017,남,66세,승용차,상해없음,여,62세,자전거,경상,차대차 - 측면충돌,교차로운행방법위반,맑음,2017-08-13_5시,ID_4771
2020,남,59세,자전거,상해없음,남,61세,자전거,중상,차대차 - 측면충돌,안전운전불이행,맑음,2020-11-13_7시,ID_7621
2015,여,25세,승용차,상해없음,남,46세,자전거,경상,차대차 - 측면직각충돌,안전운전불이행,맑음,2015-09-28_17시,ID_813
2020,남,73세,승용차,기타불명,남,44세,자전거,경상,차대차 - 측면충돌,기타,맑음,2020-03-05_18시,ID_7268
2020,남,71세,자전거,상해없음,남,78세,자전거,경상,차대차 - 기타,안전운전불이행,맑음,2020-06-18_17시,ID_6871
2020,남,66세,자전거,경상,여,22세,보행자,경상,차대사람 - 횡단중,안전운전불이행,맑음,2020-06-05_15시,ID_7050
2019,남,64세,승용차,상해없음,남,14세,자전거,경상,차대차 - 기타,기타,맑음,2019-06-12_8시,ID_6605
2017,남,13세,자전거,부상신고,남,18세,이륜차,경상,차대차 - 측면충돌,안전운전불이행,맑음,2017-07-11_20시,ID_4159
2015,여,29세,승용차,상해없음,남,55세,자전거,경상,차대차 - 추돌 - 진행중,중앙선침범,맑음,2015-11-18_11시,ID_1523
2019,남,14세,자전거,상해없음,남,45세,자전거,중상,차대차 - 기타,안전운전불이행,맑음,2019-08-17_17시,ID_6046
2015,여,37세,승용차,상해없음,여,22세,자전거,중상,차대차 - 측면직각충돌,신호위반,맑음,2015-01-26_13시,ID_602
2018,여,32세,승용차,상해없음,여,52세,자전거,중상,차대차 - 측면충돌,안전운전불이행,맑음,2018-11-18_15시,ID_5777
2015,남,42세,승용차,상해없음,남,23세,자전거,중상,차대차 - 추돌 - 진행중,안전운전불이행,맑음,2015-08-27_22시,ID_1769
2018,남,65세,화물차,상해없음,여,74세,자전거,경상,차대차 - 측면충돌,안전운전불이행,맑음,2018-05-25_10시,ID_5687
2016,여,54세,승합차,상해없음,여,16세,자전거,경상,차대차 - 측면직각충돌,안전운전불이행,맑음,2016-06-04_22시,ID_2568
2020,여,61세,승용차,상해없음,남,38세,자전거,경상,차대차 - 측면충돌,신호위반,맑음,2020-01-20_15시,ID_7443
2018,여,24세,승용차,상해없음,남,81세,자전거,경상,차대차 - 기타,안전운전불이행,맑음,2018-09-08_11시,ID_5557
2017,여,37세,승용차,상해없음,남,11세,자전거,경상,차대차 - 측면충돌,교차로운행방법위반,맑음,2017-09-07_17시,ID_4447
2019,남,47세,승용차,상해없음,남,76세,자전거,중상,차대차 - 측면충돌,안전운전불이행,맑음,2019-06-24_15시,ID_6742
2017,남,55세,승용차,상해없음,남,69세,자전거,중상,차대차 - 측면충돌,교차로운행방법위반,맑음,2017-09-12_7시,ID_3701
2017,남,57세,승합차,상해없음,여,72세,자전거,중상,차대차 - 측면충돌,안전운전불이행,맑음,2017-03-14_16시,ID_4489
2015,여,59세,승용차,상해없음,여,47세,자전거,중상,차대차 - 추돌 - 진행중,신호위반,맑음,2015-11-05_10시,ID_1385
2017,남,60세,화물차,상해없음,남,11세,자전거,경상,차대차 - 정면충돌,안전운전불이행,맑음,2017-04-18_17시,ID_4416
2015,남,58세,승용차,상해없음,남,27세,자전거,경상,차대차 - 측면직각충돌,신호위반,맑음,2015-10-24_0시,ID_1826
2019,남,39세,승용차,상해없음,남,50세,자전거,중상,차대차 - 측면충돌,안전운전불이행,맑음,2019-06-13_7시,ID_6392
2019,여,51세,승용차,상해없음,여,19세,자전거,경상,차대차 - 기타,안전운전불이행,맑음,2019-07-13_1시,ID_6476
2015,남,26세,자전거,상해없음,남,44세,자전거,경상,차대차 - 기타,안전운전불이행,맑음,2015-08-13_0시,ID_493
2016,남,44세,승용차,상해없음,남,17세,자전거,중상,차대차 - 기타,기타,맑음,2016-04-22_21시,ID_2801
2020,남,59세,승용차,상해없음,남,12세,자전거,경상,차대차 - 측면충돌,안전운전불이행,맑음,2020-11-13_15시,ID_7376
2017,남,62세,승용차,상해없음,여,68세,자전거,중상,차대차 - 기타,교차로운행방법위반,맑음,2017-01-04_22시,ID_3972
2017,남,24세,자전거,상해없음,남,46세,보행자,경상,차대사람 - 횡단중,신호위반,맑음,2017-12-06_8시,ID_3821
2017,여,48세,승용차,상해없음,여,57세,자전거,중상,차대차 - 기타,안전운전불이행,맑음,2017-08-24_14시,ID_4806
2015,남,29세,화물차,상해없음,여,60세,자전거,경상,차대차 - 측면직각충돌,직진우회전진행방해,맑음,2015-01-17_16시,ID_62
2016,여,64세,자전거,상해없음,여,69세,보행자,경상,차대사람 - 횡단중,보행자보호위반,맑음,2016-06-27_11시,ID_3159
2016,남,37세,자전거,상해없음,여,64세,보행자,중상,차대사람 - 기타,안전운전불이행,흐림,2016-05-08_22시,ID_3085
2016,남,71세,승용차,상해없음,여,62세,자전거,중상,차대차 - 정면충돌,중앙선침범,맑음,2016-12-01_7시,ID_2146
2019,남,21세,이륜차,상해없음,남,53세,자전거,중상,차대차 - 측면충돌,신호위반,맑음,2019-04-27_23시,ID_6749
2017,여,48세,승용차,상해없음,남,53세,자전거,경상,차대차 - 측면충돌,기타,맑음,2017-07-27_18시,ID_3775
2015,남,15세,자전거,상해없음,여,33세,보행자,경상,차대사람 - 보도통행중,기타,비,2015-11-25_8시,ID_806
2016,남,22세,자전거,상해없음,남,74세,보행자,경상,차대사람 - 기타,안전운전불이행,맑음,2016-05-29_20시,ID_2170
2016,여,27세,승용차,상해없음,여,47세,자전거,경상,차대차 - 정면충돌,안전운전불이행,맑음,2016-11-03_16시,ID_3323
2016,남,55세,승합차,상해없음,남,69세,자전거,경상,차대차 - 기타,안전운전불이행,맑음,2016-11-29_5시,ID_2881
2016,남,46세,승용차,상해없음,남,50세,자전거,중상,차대차 - 정면충돌,신호위반,맑음,2016-12-08_5시,ID_2533
2016,여,61세,승용차,상해없음,남,7세,자전거,경상,차대차 - 정면충돌,안전운전불이행,맑음,2016-05-04_17시,ID_3360
2016,남,40세,승용차,상해없음,여,63세,자전거,중상,차대차 - 측면직각충돌,기타,맑음,2016-01-06_4시,ID_2825
2020,여,47세,승용차,상해없음,남,64세,자전거,중상,차대차 - 측면충돌,신호위반,맑음,2020-01-02_16시,ID_7169
2015,남,29세,승용차,상해없음,여,58세,자전거,중상,차대차 - 측면직각충돌,안전운전불이행,맑음,2015-10-22_2시,ID_757
2018,남,49세,화물차,상해없음,남,58세,자전거,중상,차대차 - 측면충돌,신호위반,맑음,2018-06-02_6시,ID_5485
2017,여,49세,승용차,상해없음,여,62세,자전거,중상,차대차 - 기타,안전운전불이행,맑음,2017-07-03_13시,ID_4547
2020,남,65세,승용차,상해없음,남,35세,자전거,경상,차대차 - 측면충돌,교차로통행방법위반,맑음,2020-06-18_7시,ID_7696
2015,남,36세,화물차,상해없음,여,39세,자전거,중상,차대차 - 측면직각충돌,신호위반,맑음,2015-05-07_13시,ID_1388
2018,여,67세,승용차,상해없음,남,64세,자전거,경상,차대차 - 기타,안전운전불이행,맑음,2018-11-30_6시,ID_5608
2016,여,57세,승용차,상해없음,여,36세,자전거,경상,차대차 - 기타,안전운전불이행,맑음,2016-11-22_14시,ID_2727
2017,남,50세,승용차,상해없음,남,48세,자전거,중상,차대차 - 측면충돌,안전운전불이행,맑음,2017-06-11_20시,ID_4363
2017,남,76세,자전거,상해없음,여,57세,보행자,중상,차대사람 - 기타,안전운전불이행,맑음,2017-10-21_4시,ID_4498
2015,남,55세,승용차,상해없음,남,68세,자전거,경상,차대차 - 측면직각충돌,신호위반,맑음,2015-01-24_11시,ID_1853
2020,남,37세,자전거,상해없음,여,50세,자전거,중상,차대차 - 기타,안전운전불이행,맑음,2020-08-24_20시,ID_7684
2016,남,21세,자전거,부상신고,남,68세,자전거,중상,차대차 - 정면충돌,신호위반,맑음,2016-06-19_16시,ID_2478
2018,남,67세,승용차,상해없음,남,73세,자전거,중상,차대차 - 측면충돌,안전운전불이행,맑음,2018-02-08_14시,ID_5517
2015,남,26세,자전거,상해없음,남,62세,원동기장치자전거,중상,차대차 - 기타,중앙선침범,맑음,2015-10-02_19시,ID_404
2015,남,22세,승용차,상해없음,남,62세,자전거,중상,차대차 - 측면직각충돌,안전운전불이행,맑음,2015-12-09_16시,ID_1229
2019,남,27세,승용차,상해없음,남,37세,자전거,경상,차대차 - 측면충돌,안전운전불이행,맑음,2019-05-13_21시,ID_5973
2020,여,28세,승용차,상해없음,남,75세,자전거,경상,차대차 - 측면충돌,교차로통행방법위반,맑음,2020-06-20_10시,ID_7717
2016,남,63세,승용차,상해없음,남,11세,자전거,경상,차대차 - 정면충돌,안전운전불이행,맑음,2016-08-17_12시,ID_3466
2015,여,39세,승용차,상해없음,남,75세,자전거,경상,차대차 - 측면직각충돌,안전운전불이행,맑음,2015-04-23_15시,ID_2008
2015,남,56세,승합차,상해없음,남,15세,자전거,경상,차대차 - 측면직각충돌,안전운전불이행,맑음,2015-09-03_17시,ID_1750
2017,남,63세,자전거,상해없음,여,38세,보행자,경상,차대사람 - 보도통행중,기타,맑음,2017-04-22_22시,ID_3654
2018,여,56세,승용차,상해없음,남,60세,자전거,중상,차대차 - 추돌,안전운전불이행,맑음,2018-11-04_18시,ID_5354
2020,남,31세,승합차,상해없음,남,40세,자전거,경상,차대차 - 측면충돌,안전운전불이행,맑음,2020-10-07_19시,ID_7789
2015,남,47세,자전거,상해없음,여,54세,보행자,경상,차대사람 - 기타,안전운전불이행,맑음,2015-10-09_22시,ID_1152
2017,여,70세,승용차,상해없음,남,10세,자전거,경상,차대차 - 측면충돌,신호위반,맑음,2017-10-21_16시,ID_4259
2015,남,44세,승용차,상해없음,남,53세,자전거,중상,차대차 - 측면직각충돌,안전운전불이행,맑음,2015-04-29_21시,ID_1626
2015,남,45세,화물차,상해없음,남,69세,자전거,경상,차대차 - 측면직각충돌,안전운전불이행,맑음,2015-05-15_17시,ID_1304
2015,남,41세,화물차,상해없음,남,78세,자전거,경상,차대차 - 측면직각충돌,안전운전불이행,맑음,2015-04-22_11시,ID_427
2015,남,49세,화물차,상해없음,여,53세,자전거,경상,차대차 - 기타,직진우회전진행방해,비,2015-11-06_19시,ID_33
2020,남,63세,승용차,상해없음,여,43세,자전거,경상,차대차 - 측면충돌,신호위반,맑음,2020-01-18_17시,ID_7295
2019,남,56세,자전거,상해없음,남,25세,보행자,경상,차대사람 - 횡단중,신호위반,맑음,2019-08-28_23시,ID_6054
2016,남,26세,승용차,상해없음,남,13세,자전거,경상,차대차 - 측면직각충돌,안전운전불이행,맑음,2016-10-28_22시,ID_2278
2018,남,65세,승용차,상해없음,남,75세,자전거,경상,차대차 - 기타,신호위반,맑음,2018-09-28_10시,ID_5603
2015,남,53세,승용차,상해없음,여,62세,자전거,경상,차대차 - 기타,안전운전불이행,비,2015-07-23_20시,ID_168
2016,남,22세,승용차,상해없음,남,23세,자전거,경상,차대차 - 기타,불법유턴,맑음,2016-05-23_22시,ID_3175
2018,남,37세,자전거,상해없음,여,14세,보행자,중상,차대사람 - 횡단중,안전운전불이행,맑음,2018-02-17_16시,ID_5103
2016,남,64세,승합차,상해없음,여,47세,자전거,경상,차대차 - 측면직각충돌,안전운전불이행,맑음,2016-11-24_10시,ID_2897
2019,남,63세,승용차,상해없음,남,77세,자전거,중상,차대차 - 측면충돌,안전운전불이행,맑음,2019-12-19_15시,ID_5798
2019,남,32세,승용차,상해없음,여,59세,자전거,중상,차대차 - 기타,안전운전불이행,맑음,2019-06-22_21시,ID_6464
2016,남,54세,승용차,상해없음,여,60세,자전거,중상,차대차 - 정면충돌,안전운전불이행,맑음,2016-06-28_18시,ID_2767
2018,남,67세,승용차,상해없음,여,52세,자전거,경상,차대차 - 측면충돌,신호위반,흐림,2018-12-18_10시,ID_5089
2015,남,61세,승용차,상해없음,남,10세,자전거,경상,차대차 - 추돌 - 진행중,안전운전불이행,맑음,2015-05-28_18시,ID_1519
2017,남,63세,승용차,상해없음,여,58세,자전거,중상,차대차 - 측면충돌,안전운전불이행,맑음,2017-12-22_16시,ID_4304
2015,남,57세,승용차,상해없음,여,64세,자전거,경상,차대차 - 측면직각충돌,안전운전불이행,맑음,2015-11-18_21시,ID_1035
2017,남,68세,승용차,상해없음,남,11세,자전거,중상,차대차 - 측면충돌,신호위반,맑음,2017-10-05_15시,ID_3897
2020,남,47세,승용차,상해없음,남,61세,자전거,중상,차대차 - 기타,안전운전불이행,맑음,2020-11-25_15시,ID_7283
2016,남,65세,승용차,상해없음,남,56세,자전거,중상,차대차 - 측면직각충돌,교차로운행방법위반,맑음,2016-12-31_20시,ID_2055
2020,여,44세,자전거,부상신고,여,55세,보행자,경상,차대사람 - 기타,안전운전불이행,맑음,2020-04-15_15시,ID_7049
2017,남,45세,승용차,상해없음,여,66세,자전거,경상,차대차 - 정면충돌,안전운전불이행,맑음,2017-09-01_20시,ID_4203
2020,남,64세,승용차,상해없음,남,86세,자전거,중상,차대차 - 기타,안전운전불이행,맑음,2020-06-15_10시,ID_7595
2020,여,45세,승용차,상해없음,남,15세,자전거,경상,차대차 - 기타,안전운전불이행,맑음,2020-10-08_16시,ID_7405
2015,여,54세,승용차,기타불명,남,52세,자전거,경상,차대차 - 측면직각충돌,안전운전불이행,맑음,2015-03-27_18시,ID_507
2015,남,63세,화물차,상해없음,남,20세,자전거,중상,차대차 - 기타,안전운전불이행,맑음,2015-08-23_17시,ID_399
2019,남,45세,승용차,상해없음,여,46세,자전거,중상,차대차 - 측면충돌,안전운전불이행,맑음,2019-12-13_5시,ID_6033
2017,남,44세,승용차,상해없음,남,83세,자전거,중상,차대차 - 측면충돌,안전운전불이행,맑음,2017-02-17_12시,ID_4739
2016,여,44세,승용차,상해없음,남,57세,자전거,경상,차대차 - 측면직각충돌,안전운전불이행,맑음,2016-09-09_10시,ID_2916
2016,남,13세,자전거,부상신고,남,24세,보행자,경상,차대사람 - 보도통행중,안전운전불이행,맑음,2016-10-13_16시,ID_2526
2015,남,31세,이륜차,경상,여,53세,자전거,중상,차대차 - 기타,안전운전불이행,흐림,2015-01-17_3시,ID_128
2017,남,36세,승용차,상해없음,남,41세,자전거,경상,차대차 - 기타,교차로운행방법위반,맑음,2017-08-05_0시,ID_4277
2015,남,31세,승용차,상해없음,여,39세,자전거,경상,차대차 - 측면직각충돌,안전운전불이행,맑음,2015-03-05_18시,ID_1893
2016,남,55세,승합차,상해없음,남,12세,자전거,중상,차대차 - 기타,신호위반,맑음,2016-08-28_15시,ID_3065
2017,남,46세,자전거,상해없음,남,25세,자전거,중상,차대차 - 기타,안전운전불이행,맑음,2017-08-25_22시,ID_3787
2015,남,55세,자전거,상해없음,남,52세,자전거,경상,차대차 - 정면충돌,안전운전불이행,맑음,2015-10-27_15시,ID_254
2018,남,48세,승용차,상해없음,남,72세,자전거,경상,차대차 - 측면충돌,안전운전불이행,맑음,2018-01-03_7시,ID_5512
2020,여,48세,승용차,상해없음,여,60세,자전거,경상,차대차 - 측면충돌,교차로통행방법위반,맑음,2020-01-08_17시,ID_7359
2016,남,42세,승용차,상해없음,남,17세,자전거,경상,차대차 - 측면직각충돌,안전운전불이행,맑음,2016-04-22_21시,ID_2233
2015,여,35세,승용차,상해없음,남,27세,자전거,경상,차대차 - 측면직각충돌,안전운전불이행,맑음,2015-07-14_8시,ID_489
2018,여,34세,승용차,상해없음,여,66세,자전거,중상,차대차 - 측면충돌,안전운전불이행,맑음,2018-11-19_8시,ID_5668
2015,남,54세,승용차,상해없음,남,15세,자전거,경상,차대차 - 측면직각충돌,안전운전불이행,맑음,2015-05-21_8시,ID_1464
2016,남,45세,승용차,상해없음,남,77세,자전거,경상,차대차 - 측면직각충돌,교차로운행방법위반,맑음,2016-11-15_10시,ID_3427
2015,여,40세,승용차,상해없음,남,56세,자전거,경상,차대차 - 기타,기타,맑음,2015-09-18_18시,ID_1026
2019,여,52세,승합차,상해없음,여,47세,자전거,경상,차대차 - 기타,안전운전불이행,맑음,2019-07-09_13시,ID_6591
2015,남,67세,승용차,상해없음,여,25세,자전거,경상,차대차 - 기타,기타,맑음,2015-11-05_7시,ID_390
2015,남,47세,승합차,상해없음,남,84세,자전거,경상,차대차 - 측면직각충돌,안전운전불이행,맑음,2015-01-10_10시,ID_355
2015,남,62세,승용차,상해없음,남,49세,자전거,중상,차대차 - 기타,교차로운행방법위반,맑음,2015-11-06_13시,ID_1635
2017,여,56세,승용차,상해없음,남,13세,자전거,경상,차대차 - 기타,안전운전불이행,맑음,2017-04-01_16시,ID_4645
2019,남,32세,자전거,경상,여,36세,승용차,경상,차대차 - 측면충돌,신호위반,맑음,2019-09-16_14시,ID_6546
2015,여,50세,승용차,상해없음,남,55세,자전거,중상,차대차 - 추돌 - 진행중,안전운전불이행,맑음,2015-03-13_17시,ID_1036
2018,남,80세,승용차,상해없음,남,14세,자전거,경상,차대차 - 측면충돌,안전운전불이행,맑음,2018-03-13_16시,ID_5598
2017,여,48세,자전거,상해없음,남,40세,자전거,경상,차대차 - 측면충돌,안전운전불이행,맑음,2017-08-17_20시,ID_4000
2016,남,31세,자전거,상해없음,여,47세,보행자,경상,차대사람 - 횡단중,신호위반,맑음,2016-03-29_18시,ID_2110
2018,남,64세,승용차,상해없음,남,30세,자전거,경상,차대차 - 측면충돌,기타,맑음,2018-09-19_17시,ID_5616
2020,남,57세,승용차,상해없음,남,18세,자전거,경상,차대차 - 측면충돌,신호위반,비,2020-09-02_11시,ID_6970
2016,남,54세,승용차,상해없음,남,23세,자전거,중상,차대차 - 측면직각충돌,안전운전불이행,맑음,2016-08-17_14시,ID_2309
2015,남,38세,화물차,상해없음,남,26세,자전거,경상,차대차 - 측면직각충돌,교차로운행방법위반,맑음,2015-12-30_7시,ID_1269
2018,남,57세,이륜차,상해없음,여,40세,자전거,중상,차대차 - 측면충돌,신호위반,흐림,2018-12-22_8시,ID_5092
2018,남,35세,승용차,상해없음,여,32세,자전거,중상,차대차 - 기타,안전운전불이행,맑음,2018-05-20_10시,ID_5344
2020,여,36세,승용차,상해없음,남,50세,자전거,경상,차대차 - 측면충돌,안전운전불이행,맑음,2020-01-22_17시,ID_7583
2019,남,34세,이륜차,상해없음,남,33세,자전거,중상,차대차 - 측면충돌,안전운전불이행,맑음,2019-05-07_14시,ID_5811
2020,남,63세,화물차,상해없음,남,65세,자전거,경상,차대차 - 기타,교차로통행방법위반,맑음,2020-06-05_16시,ID_6876
2015,남,30세,승용차,상해없음,남,75세,자전거,경상,차대차 - 기타,안전운전불이행,맑음,2015-04-11_7시,ID_175
2017,여,55세,승용차,상해없음,여,62세,자전거,중상,차대차 - 측면충돌,직진우회전진행방해,맑음,2017-04-29_9시,ID_3753
2017,남,50세,승용차,상해없음,남,13세,자전거,경상,차대차 - 측면충돌,안전운전불이행,맑음,2017-05-15_21시,ID_3849
2015,남,33세,승용차,상해없음,남,27세,자전거,경상,차대차 - 측면직각충돌,안전운전불이행,흐림,2015-04-30_16시,ID_1294
2015,남,57세,승용차,상해없음,남,15세,자전거,경상,차대차 - 측면직각충돌,안전운전불이행,맑음,2015-06-17_22시,ID_1199
2015,남,44세,승용차,상해없음,남,19세,자전거,경상,차대차 - 측면직각충돌,안전운전불이행,맑음,2015-04-02_0시,ID_1287
2016,남,62세,화물차,상해없음,여,62세,자전거,중상,차대차 - 추돌 - 진행중,안전운전불이행,맑음,2016-05-27_6시,ID_2887
2015,남,21세,자전거,상해없음,여,4세,보행자,중상,차대사람 - 기타,안전운전불이행,맑음,2015-05-12_16시,ID_1646
2016,남,26세,승용차,상해없음,남,50세,자전거,중상,차대차 - 기타,안전운전불이행,맑음,2016-03-23_19시,ID_2503
2015,남,39세,승용차,상해없음,여,22세,자전거,경상,차대차 - 정면충돌,안전운전불이행,맑음,2015-11-26_19시,ID_281
2016,여,50세,승용차,상해없음,여,70세,자전거,중상,차대차 - 측면직각충돌,안전운전불이행,맑음,2016-11-12_4시,ID_2816
2020,남,30세,승용차,상해없음,남,68세,자전거,중상,차대차 - 측면충돌,안전운전불이행,흐림,2020-02-24_22시,ID_6932
2018,남,66세,이륜차,상해없음,남,62세,자전거,경상,차대차 - 기타,기타,맑음,2018-06-02_17시,ID_4928
2015,여,35세,승용차,상해없음,여,62세,자전거,경상,차대차 - 추돌 - 진행중,교차로운행방법위반,맑음,2015-01-05_8시,ID_871
2018,여,54세,승용차,상해없음,남,57세,자전거,경상,차대차 - 기타,안전운전불이행,맑음,2018-07-10_13시,ID_5313
2016,남,31세,승용차,상해없음,남,38세,자전거,경상,차대차 - 측면직각충돌,신호위반,맑음,2016-09-19_20시,ID_3222
2017,남,75세,승용차,상해없음,남,30세,자전거,경상,차대차 - 기타,안전운전불이행,맑음,2017-05-25_7시,ID_4342
2015,여,34세,승용차,상해없음,남,69세,자전거,경상,차대차 - 측면직각충돌,신호위반,맑음,2015-04-03_11시,ID_2003
2016,여,74세,자전거,경상,남,50세,이륜차,중상,차대차 - 측면직각충돌,안전운전불이행,맑음,2016-10-30_9시,ID_2867
2016,남,65세,승용차,상해없음,남,41세,자전거,중상,차대차 - 정면충돌,안전운전불이행,맑음,2016-05-12_23시,ID_3454
2018,남,70세,승용차,상해없음,남,49세,자전거,경상,차대차 - 측면충돌,교차로통행방법위반,맑음,2018-09-04_17시,ID_5551
2016,남,52세,화물차,상해없음,남,14세,자전거,중상,차대차 - 정면충돌,안전운전불이행,맑음,2016-05-19_8시,ID_3346
2015,남,62세,승용차,상해없음,남,61세,자전거,경상,차대차 - 측면직각충돌,신호위반,맑음,2015-03-11_13시,ID_1328
2017,남,19세,원동기장치자전거,상해없음,여,46세,자전거,경상,차대차 - 기타,신호위반,맑음,2017-03-23_19시,ID_3697
2016,여,27세,자전거,상해없음,남,56세,자전거,경상,차대차 - 측면직각충돌,안전운전불이행,맑음,2016-09-26_18시,ID_2063
2016,남,41세,승용차,상해없음,남,8세,자전거,경상,차대차 - 측면직각충돌,안전운전불이행,맑음,2016-08-04_16시,ID_2787
2019,남,71세,자전거,상해없음,여,34세,승용차,중상,차대차 - 측면충돌,안전운전불이행,맑음,2019-06-28_17시,ID_5995
2020,남,26세,승용차,상해없음,남,65세,자전거,경상,차대차 - 기타,안전운전불이행,맑음,2020-11-21_17시,ID_6946
2015,남,13세,자전거,상해없음,여,62세,보행자,중상,차대사람 - 보도통행중,안전운전불이행,맑음,2015-10-14_15시,ID_1547
2018,남,35세,승합차,상해없음,남,52세,자전거,경상,차대차 - 측면충돌,안전운전불이행,맑음,2018-07-17_20시,ID_4899
2015,여,57세,자전거,상해없음,여,61세,보행자,경상,차대사람 - 기타,신호위반,맑음,2015-11-10_14시,ID_1600
2015,남,41세,승용차,상해없음,남,57세,자전거,경상,차대차 - 측면직각충돌,안전운전불이행,맑음,2015-08-02_16시,ID_1204
2015,남,70세,승합차,상해없음,남,68세,자전거,중상,차대차 - 기타,안전운전불이행,맑음,2015-03-18_7시,ID_623
2017,남,34세,승용차,상해없음,남,74세,자전거,중상,차대차 - 측면충돌,안전운전불이행,맑음,2017-06-27_21시,ID_3909