사고년도,가해자성별,가해자연령,가해차종,가해자신체상해정도,피해자성별,피해자연령,피해차종,피해자신체상해정도,사고유형,가해자법규위반,기상상태,시각,사건번호
2015,여,51세,승용차,상해없음,남,74세,자전거,중상,차대차 - 추돌 - 진행중,안전운전불이행,맑음,2015-05-10_17시,ID_1655
2016,여,51세,승용차,상해없음,남,14세,자전거,경상,차대차 - 측면직각충돌,신호위반,맑음,2016-06-30_14시,ID_2997
2015,남,48세,화물차,상해없음,남,52세,자전거,경상,차대차 - 기타,안전운전불이행,맑음,2015-04-20_15시,ID_1579
2018,남,14세,자전거,상해없음,남,37세,보행자,경상,차대사람 - 기타,안전운전불이행,맑음,2018-12-29_20시,ID_5074
2015,남,48세,승용차,상해없음,남,27세,자전거,경상,차대차 - 기타,안전운전불이행,맑음,2015-07-13_20시,ID_1357
2018,여,50세,화물차,상해없음,여,69세,자전거,중상,차대차 - 측면충돌,안전운전불이행,맑음,2018-09-27_12시,ID_5708
2016,남,59세,화물차,상해없음,남,67세,자전거,경상,차대차 - 측면직각충돌,안전운전불이행,맑음,2016-08-11_10시,ID_2126
2016,남,32세,승용차,상해없음,남,79세,자전거,중상,차대차 - 측면직각충돌,안전운전불이행,맑음,2016-05-25_7시,ID_2835
2017,남,38세,원동기장치자전거,상해없음,남,14세,자전거,경상,차대차 - 기타,안전운전불이행,맑음,2017-07-02_13시,ID_3726
2015,여,31세,승용차,상해없음,남,8세,자전거,경상,차대차 - 측면직각충돌,안전운전불이행,맑음,2015-03-17_8시,ID_147
2019,남,66세,승용차,상해없음,여,64세,자전거,중상,차대차 - 추돌,신호위반,맑음,2019-09-03_6시,ID_6471
2017,남,45세,화물차,상해없음,남,82세,자전거,중상,차대차 - 기타,교차로운행방법위반,맑음,2017-03-06_17시,ID_4770
2015,남,64세,승용차,상해없음,남,78세,자전거,중상,차대차 - 기타,안전운전불이행,맑음,2015-06-17_8시,ID_769
2018,남,63세,승용차,상해없음,남,75세,자전거,중상,차대차 - 기타,안전운전불이행,맑음,2018-11-23_15시,ID_5613
2016,남,58세,승합차,상해없음,남,18세,자전거,경상,차대차 - 측면직각충돌,신호위반,맑음,2016-12-20_21시,ID_3259
2015,남,19세,자전거,상해없음,여,55세,보행자,경상,차대사람 - 보도통행중,기타,맑음,2015-08-24_0시,ID_357
2015,남,65세,화물차,상해없음,남,30세,자전거,중상,차대차 - 측면직각충돌,안전거리미확보,맑음,2015-07-05_9시,ID_911
2015,여,40세,승용차,상해없음,여,67세,자전거,중상,차대차 - 측면직각충돌,교차로운행방법위반,맑음,2015-01-20_13시,ID_232
2017,여,55세,승용차,상해없음,남,70세,자전거,경상,차대차 - 측면충돌,안전운전불이행,맑음,2017-11-13_9시,ID_4795
2017,남,47세,자전거,부상신고,여,61세,보행자,중상,차대사람 - 횡단중,안전운전불이행,맑음,2017-06-16_20시,ID_3913
2015,남,31세,승용차,상해없음,여,17세,자전거,중상,차대차 - 측면직각충돌,안전운전불이행,맑음,2015-08-23_12시,ID_1506
2020,남,42세,화물차,상해없음,남,81세,자전거,중상,차대차 - 기타,안전운전불이행,맑음,2020-08-12_10시,ID_7429
2016,여,45세,승합차,상해없음,남,24세,자전거,경상,차대차 - 측면직각충돌,안전운전불이행,맑음,2016-10-17_20시,ID_3361
2015,남,62세,승용차,상해없음,남,57세,자전거,경상,차대차 - 측면직각충돌,안전운전불이행,맑음,2015-01-30_4시,ID_722
2018,남,57세,승용차,상해없음,남,53세,자전거,중상,차대차 - 기타,안전운전불이행,맑음,2018-05-04_13시,ID_4857
2017,여,50세,승용차,상해없음,남,10세,자전거,중상,차대차 - 측면충돌,안전운전불이행,맑음,2017-09-21_17시,ID_4346
2015,남,42세,화물차,상해없음,남,61세,자전거,중상,차대차 - 기타,안전운전불이행,맑음,2015-04-11_11시,ID_121
2019,남,53세,자전거,경상,여,56세,보행자,경상,차대사람 - 횡단중,안전운전불이행,맑음,2019-04-07_14시,ID_5787
2015,여,44세,승용차,상해없음,남,52세,자전거,경상,차대차 - 기타,안전운전불이행,맑음,2015-09-21_14시,ID_918
2016,남,28세,승용차,상해없음,여,56세,자전거,경상,차대차 - 기타,안전운전불이행,맑음,2016-04-28_18시,ID_2408
2015,남,61세,승용차,상해없음,여,53세,자전거,중상,차대차 - 기타,안전운전불이행,맑음,2015-11-16_5시,ID_1113
2017,남,42세,승용차,상해없음,남,16세,자전거,경상,차대차 - 기타,신호위반,맑음,2017-06-03_14시,ID_3757
2015,남,30세,승용차,상해없음,남,13세,자전거,경상,차대차 - 추돌 - 진행중,안전운전불이행,맑음,2015-06-21_16시,ID_1159
2015,여,41세,승용차,상해없음,남,82세,자전거,중상,차대차 - 측면직각충돌,안전운전불이행,맑음,2015-05-02_9시,ID_630
2015,남,49세,승용차,상해없음,남,22세,자전거,경상,차대차 - 측면직각충돌,기타,맑음,2015-09-22_8시,ID_185
2020,남,53세,자전거,상해없음,여,51세,자전거,중상,차대차 - 측면충돌,안전운전불이행,맑음,2020-05-23_11시,ID_7164
2015,남,37세,승용차,상해없음,남,14세,자전거,경상,차대차 - 기타,안전운전불이행,맑음,2015-07-15_18시,ID_1924
2019,남,55세,승용차,상해없음,남,33세,자전거,중상,차대차 - 측면충돌,안전거리미확보,맑음,2019-10-17_5시,ID_6058
2019,남,31세,화물차,상해없음,남,79세,자전거,경상,차대차 - 측면충돌,신호위반,맑음,2019-11-22_11시,ID_5994
2017,여,48세,자전거,상해없음,남,35세,보행자,경상,차대사람 - 보도통행중,안전운전불이행,맑음,2017-09-23_9시,ID_3641
2015,남,30세,자전거,상해없음,남,51세,자전거,중상,차대차 - 추돌 - 진행중,안전운전불이행,맑음,2015-09-29_14시,ID_1399
2017,남,67세,승용차,상해없음,남,87세,자전거,중상,차대차 - 측면충돌,신호위반,맑음,2017-02-01_7시,ID_3812
2017,여,58세,승용차,상해없음,남,29세,자전거,경상,차대차 - 측면충돌,안전운전불이행,맑음,2017-01-13_13시,ID_4219
2015,남,39세,승합차,상해없음,남,63세,자전거,경상,차대차 - 기타,안전운전불이행,맑음,2015-07-20_5시,ID_240
2016,여,37세,승용차,상해없음,남,54세,자전거,중상,차대차 - 기타,안전운전불이행,맑음,2016-12-31_13시,ID_2593
2015,남,62세,승합차,상해없음,남,56세,자전거,경상,차대차 - 측면직각충돌,안전운전불이행,맑음,2015-07-07_6시,ID_1707
2019,여,49세,승용차,상해없음,남,64세,자전거,경상,차대차 - 측면충돌,교차로통행방법위반,맑음,2019-03-04_15시,ID_6292
2020,남,44세,자전거,상해없음,여,58세,자전거,경상,차대차 - 기타,안전운전불이행,맑음,2020-06-07_12시,ID_7045
2018,남,66세,승용차,상해없음,여,14세,자전거,경상,차대차 - 기타,안전운전불이행,맑음,2018-07-27_16시,ID_5528
2018,남,41세,승용차,상해없음,남,46세,자전거,중상,차대차 - 기타,안전운전불이행,맑음,2018-04-07_11시,ID_5410
2016,남,15세,자전거,기타불명,여,35세,보행자,중상,차대사람 - 기타,안전운전불이행,맑음,2016-12-17_13시,ID_2305
2015,남,60세,승용차,상해없음,남,16세,자전거,경상,차대차 - 측면직각충돌,신호위반,맑음,2015-10-10_15시,ID_1996
2016,여,40세,승용차,상해없음,여,66세,자전거,중상,차대차 - 측면직각충돌,안전운전불이행,맑음,2016-03-23_9시,ID_2996
2016,남,49세,원동기장치자전거,상해없음,남,39세,자전거,중상,차대차 - 기타,안전운전불이행,맑음,2016-07-19_21시,ID_2501
2015,남,29세,승용차,상해없음,여,55세,자전거,중상,차대차 - 측면직각충돌,안전운전불이행,흐림,2015-03-25_17시,ID_658
2017,남,61세,승용차,상해없음,남,74세,자전거,중상,차대차 - 측면충돌,안전운전불이행,맑음,2017-02-02_6시,ID_4577
2020,남,54세,건설기계,상해없음,여,59세,자전거,경상,차대차 - 측면충돌,안전운전불이행,맑음,2020-12-04_16시,ID_7677
2017,남,46세,승용차,상해없음,남,25세,자전거,중상,차대차 - 측면충돌,안전운전불이행,맑음,2017-10-20_7시,ID_4286
2019,남,60세,화물차,상해없음,남,31세,자전거,중상,차대차 - 측면충돌,안전운전불이행,비,2019-06-29_17시,ID_6676
2019,여,44세,승용차,상해없음,남,72세,자전거,경상,차대차 - 측면충돌,안전운전불이행,맑음,2019-05-15_18시,ID_5844
2018,남,80세,승용차,상해없음,남,84세,자전거,경상,차대차 - 측면충돌,안전운전불이행,맑음,2018-08-09_9시,ID_5711
2016,남,66세,승용차,상해없음,남,70세,자전거,중상,차대차 - 기타,기타,맑음,2016-01-20_14시,ID_2159
2019,남,57세,승용차,상해없음,여,68세,자전거,중상,차대차 - 기타,신호위반,맑음,2019-10-04_13시,ID_6536
2015,남,14세,이륜차,상해없음,여,60세,자전거,경상,차대차 - 측면직각충돌,신호위반,맑음,2015-06-28_19시,ID_1165
2015,남,56세,승용차,상해없음,남,13세,자전거,중상,차대차 - 추돌 - 진행중,중앙선침범,비,2015-11-13_8시,ID_1967
2015,남,64세,승용차,상해없음,남,37세,자전거,중상,차대차 - 측면직각충돌,안전운전불이행,맑음,2015-03-12_8시,ID_151
2015,남,54세,승용차,상해없음,여,70세,자전거,중상,차대차 - 기타,안전운전불이행,맑음,2015-07-24_15시,ID_1941
2015,남,52세,승용차,상해없음,남,29세,자전거,경상,차대차 - 기타,기타,맑음,2015-06-03_19시,ID_668
2017,여,41세,승용차,상해없음,남,42세,자전거,경상,차대차 - 측면충돌,신호위반,맑음,2017-08-10_20시,ID_4292
2015,남,23세,이륜차,상해없음,남,56세,자전거,중상,차대차 - 측면직각충돌,신호위반,맑음,2015-08-30_9시,ID_533
2017,남,51세,승용차,상해없음,여,26세,자전거,경상,차대차 - 측면충돌,안전운전불이행,맑음,2017-05-30_18시,ID_4478
2015,남,46세,승용차,상해없음,남,65세,자전거,경상,차대차 - 기타,안전운전불이행,맑음,2015-03-28_5시,ID_543
2020,남,37세,승용차,상해없음,여,39세,자전거,경상,차대차 - 측면충돌,안전운전불이행,맑음,2020-08-28_18시,ID_7424
2016,여,48세,승용차,상해없음,남,13세,자전거,경상,차대차 - 측면직각충돌,안전운전불이행,맑음,2016-06-20_19시,ID_2335
2018,여,38세,승용차,상해없음,남,81세,자전거,중상,차대차 - 측면충돌,안전운전불이행,맑음,2018-04-27_14시,ID_5081
2018,남,69세,승용차,상해없음,남,73세,자전거,경상,차대차 - 기타,안전운전불이행,맑음,2018-06-23_12시,ID_5337
2015,남,18세,자전거,상해없음,남,17세,이륜차,경상,차대차 - 측면직각충돌,안전거리미확보,맑음,2015-10-07_18시,ID_277
2019,남,37세,화물차,상해없음,남,60세,자전거,중상,차대차 - 측면충돌,신호위반,맑음,2019-07-18_7시,ID_6531
2016,남,41세,이륜차,상해없음,남,35세,자전거,경상,차대차 - 추돌 - 진행중,안전운전불이행,맑음,2016-02-20_7시,ID_3555
2017,남,45세,원동기장치자전거,상해없음,남,50세,자전거,경상,차대차 - 측면충돌,안전운전불이행,맑음,2017-07-05_5시,ID_3792
2016,여,39세,승용차,상해없음,여,69세,자전거,경상,차대차 - 기타,안전운전불이행,맑음,2016-03-28_8시,ID_3373
2017,남,51세,승용차,상해없음,남,63세,자전거,중상,차대차 - 측면충돌,신호위반,맑음,2017-08-17_16시,ID_4115
2015,남,47세,승용차,상해없음,여,72세,자전거,중상,차대차 - 측면직각충돌,신호위반,맑음,2015-06-04_10시,ID_1990
2019,여,63세,승용차,상해없음,여,63세,자전거,중상,차대차 - 측면충돌,안전운전불이행,맑음,2019-10-22_4시,ID_6225
2018,남,51세,승용차,상해없음,여,72세,자전거,중상,차대차 - 기타,안전운전불이행,맑음,2018-11-02_12시,ID_5491
2020,남,23세,자전거,상해없음,남,58세,자전거,중상,차대차 - 기타,안전운전불이행,맑음,2020-04-09_12시,ID_7036
2015,남,61세,승용차,기타불명,남,21세,자전거,경상,차대차 - 측면직각충돌,안전운전불이행,맑음,2015-04-07_9시,ID_1030
2020,남,63세,이륜차,경상,여,69세,자전거,경상,차대차 - 기타,신호위반,맑음,2020-09-22_15시,ID_7754
2016,남,29세,승용차,상해없음,남,69세,자전거,중상,차대차 - 측면직각충돌,신호위반,맑음,2016-10-27_10시,ID_2670
2016,여,34세,승용차,상해없음,남,72세,자전거,중상,차대차 - 추돌 - 진행중,안전운전불이행,맑음,2016-11-24_9시,ID_2671
2016,남,37세,승용차,상해없음,남,80세,자전거,경상,차대차 - 측면직각충돌,교차로운행방법위반,맑음,2016-07-08_6시,ID_3431
2017,남,37세,승용차,상해없음,남,64세,자전거,경상,차대차 - 추돌,안전운전불이행,맑음,2017-02-20_6시,ID_4818
2017,남,48세,승용차,상해없음,남,72세,자전거,중상,차대차 - 측면충돌,안전운전불이행,맑음,2017-01-02_17시,ID_3772
2015,남,52세,화물차,상해없음,남,61세,자전거,경상,차대차 - 정면충돌,안전운전불이행,맑음,2015-11-27_14시,ID_510
2015,남,59세,자전거,부상신고,남,63세,자전거,중상,차대차 - 추돌 - 진행중,안전운전불이행,맑음,2015-09-14_7시,ID_626
2020,남,47세,화물차,상해없음,남,67세,자전거,중상,차대차 - 측면충돌,안전운전불이행,맑음,2020-06-30_15시,ID_7025
2017,여,59세,승용차,상해없음,남,57세,자전거,경상,차대차 - 측면충돌,안전운전불이행,맑음,2017-11-07_17시,ID_3957
2018,남,77세,승용차,상해없음,여,71세,자전거,중상,차대차 - 측면충돌,신호위반,맑음,2018-03-12_14시,ID_5340
2015,남,49세,승용차,상해없음,여,26세,자전거,중상,차대차 - 기타,기타,맑음,2015-10-11_1시,ID_320
2018,남,50세,승용차,상해없음,남,27세,자전거,경상,차대차 - 기타,안전운전불이행,맑음,2018-02-20_8시,ID_5439
2019,남,71세,자전거,상해없음,여,86세,보행자,경상,차대사람 - 기타,기타,맑음,2019-07-04_18시,ID_6177
2019,남,63세,사륜오토바이(ATV),상해없음,여,75세,자전거,경상,차대차 - 측면충돌,안전운전불이행,맑음,2019-05-22_11시,ID_6372
2020,남,52세,승합차,상해없음,여,20세,자전거,경상,차대차 - 측면충돌,안전운전불이행,맑음,2020-01-23_23시,ID_6831
2016,남,30세,이륜차,상해없음,여,41세,자전거,경상,차대차 - 기타,안전운전불이행,맑음,2016-06-13_7시,ID_3557
2016,남,57세,승용차,상해없음,남,36세,자전거,경상,차대차 - 측면직각충돌,안전운전불이행,맑음,2016-01-22_16시,ID_2676
2020,남,27세,화물차,상해없음,남,10세,자전거,경상,차대차 - 측면충돌,안전운전불이행,맑음,2020-06-01_15시,ID_7478
2016,남,31세,승용차,상해없음,남,18세,자전거,경상,차대차 - 측면직각충돌,안전거리미확보,맑음,2016-03-28_8시,ID_3492
2020,남,36세,승용차,상해없음,여,22세,자전거,경상,차대차 - 측면충돌,신호위반,맑음,2020-12-02_8시,ID_7618
2016,남,64세,승용차,상해없음,남,46세,자전거,경상,차대차 - 측면직각충돌,직진우회전진행방해,맑음,2016-12-16_15시,ID_3314
2017,남,55세,이륜차,경상,여,58세,자전거,경상,차대차 - 측면충돌,직진우회전진행방해,맑음,2017-11-04_22시,ID_4053
2015,남,30세,원동기장치자전거,상해없음,여,40세,자전거,중상,차대차 - 정면충돌,안전운전불이행,맑음,2015-07-17_21시,ID_65
2016,남,23세,자전거,상해없음,여,58세,보행자,경상,차대사람 - 횡단중,신호위반,맑음,2016-04-27_10시,ID_2354
2020,남,69세,자전거,상해없음,남,15세,자전거,경상,차대차 - 기타,신호위반,맑음,2020-08-24_17시,ID_7079
2016,남,52세,승용차,상해없음,남,12세,자전거,중상,차대차 - 측면직각충돌,미분류,맑음,2016-03-22_17시,ID_3338
2015,여,43세,승용차,상해없음,여,44세,자전거,경상,차대차 - 기타,안전운전불이행,맑음,2015-05-07_14시,ID_506
2016,남,66세,승용차,상해없음,남,27세,자전거,경상,차대차 - 측면직각충돌,신호위반,맑음,2016-12-16_0시,ID_3396
2020,남,60세,화물차,상해없음,남,78세,자전거,경상,차대차 - 측면충돌,안전운전불이행,맑음,2020-04-13_15시,ID_7790
2016,남,56세,승용차,상해없음,남,69세,자전거,중상,차대차 - 기타,신호위반,맑음,2016-12-27_5시,ID_3254
2015,남,67세,승용차,상해없음,여,51세,자전거,경상,차대차 - 기타,기타,맑음,2015-09-17_8시,ID_539
2017,남,39세,승용차,상해없음,남,34세,자전거,경상,차대차 - 측면충돌,안전운전불이행,맑음,2017-07-14_9시,ID_4324
2019,남,57세,승용차,상해없음,여,54세,자전거,중상,차대차 - 기타,안전운전불이행,맑음,2019-11-21_7시,ID_6291
2020,남,58세,자전거,상해없음,남,63세,자전거,경상,차대차 - 측면충돌,안전운전불이행,맑음,2020-07-26_9시,ID_7581
2017,여,25세,승용차,상해없음,남,42세,자전거,경상,차대차 - 측면충돌,안전운전불이행,맑음,2017-09-03_15시,ID_4025
2020,남,58세,승용차,상해없음,남,75세,자전거,중상,차대차 - 기타,안전운전불이행,맑음,2020-03-14_14시,ID_7464
2018,여,60세,승용차,상해없음,남,71세,자전거,중상,차대차 - 측면충돌,안전운전불이행,맑음,2018-10-28_10시,ID_5218
2015,남,60세,화물차,상해없음,남,69세,자전거,중상,차대차 - 측면직각충돌,신호위반,흐림,2015-11-12_13시,ID_931
2016,남,64세,승용차,상해없음,남,61세,자전거,중상,차대차 - 측면직각충돌,안전운전불이행,맑음,2016-09-01_20시,ID_3473
2017,남,17세,이륜차,상해없음,남,67세,자전거,경상,차대차 - 측면충돌,신호위반,맑음,2017-11-09_10시,ID_3741
2017,남,63세,화물차,상해없음,여,69세,자전거,중상,차대차 - 측면충돌,신호위반,맑음,2017-11-21_17시,ID_4712
2016,여,44세,승용차,상해없음,남,82세,자전거,중상,차대차 - 기타,안전운전불이행,맑음,2016-03-21_8시,ID_3173
2016,남,40세,승용차,상해없음,남,45세,자전거,중상,차대차 - 측면직각충돌,안전운전불이행,맑음,2016-07-19_18시,ID_2977
2018,남,58세,승용차,상해없음,여,36세,자전거,중상,차대차 - 측면충돌,신호위반,맑음,2018-05-29_15시,ID_5493
2018,남,45세,자전거,상해없음,여,61세,보행자,경상,차대사람 - 길가장자리구역통행중,안전운전불이행,비,2018-07-05_18시,ID_4898
2016,남,53세,승합차,상해없음,여,38세,자전거,중상,차대차 - 추돌 - 진행중,안전거리미확보,맑음,2016-06-13_22시,ID_2397
2016,남,67세,이륜차,상해없음,여,53세,자전거,중상,차대차 - 측면직각충돌,신호위반,맑음,2016-11-21_8시,ID_2231
2019,남,53세,화물차,상해없음,남,66세,자전거,경상,차대차 - 기타,안전운전불이행,맑음,2019-09-02_7시,ID_5971
2020,남,54세,승용차,상해없음,여,70세,자전거,중상,차대차 - 기타,기타,맑음,2020-08-31_13시,ID_7254
2016,남,64세,자전거,상해없음,여,58세,자전거,중상,차대차 - 측면직각충돌,안전운전불이행,맑음,2016-07-12_8시,ID_2083
2015,남,73세,승용차,상해없음,남,12세,자전거,경상,차대차 - 측면직각충돌,신호위반,맑음,2015-05-08_11시,ID_1190
2015,남,65세,화물차,상해없음,여,62세,자전거,경상,차대차 - 측면직각충돌,안전운전불이행,맑음,2015-07-04_9시,ID_2020
2015,남,16세,자전거,상해없음,여,60세,보행자,경상,차대사람 - 기타,기타,맑음,2015-05-04_17시,ID_1116
2017,여,31세,승용차,상해없음,여,45세,자전거,중상,차대차 - 측면충돌,안전운전불이행,비,2017-04-05_9시,ID_4004
2015,남,62세,이륜차,상해없음,남,22세,자전거,경상,차대차 - 측면직각충돌,안전거리미확보,맑음,2015-09-15_21시,ID_1428
2019,남,39세,승용차,기타불명,여,46세,자전거,경상,차대차 - 측면충돌,안전운전불이행,맑음,2019-01-03_13시,ID_6093
2015,남,60세,승용차,상해없음,남,13세,자전거,경상,차대차 - 측면직각충돌,신호위반,맑음,2015-05-29_19시,ID_1454
2015,남,56세,승용차,상해없음,남,21세,자전거,경상,차대차 - 측면직각충돌,기타,맑음,2015-04-21_22시,ID_325
2018,여,27세,승용차,상해없음,남,75세,자전거,중상,차대차 - 측면충돌,안전운전불이행,맑음,2018-04-26_17시,ID_5695
2015,남,34세,승용차,상해없음,남,14세,자전거,경상,차대차 - 측면직각충돌,기타,맑음,2015-07-04_4시,ID_1539
2020,남,17세,자전거,부상신고,여,3세,보행자,경상,차대사람 - 기타,안전운전불이행,맑음,2020-04-30_14시,ID_6905
2019,여,56세,승용차,상해없음,남,77세,자전거,중상,차대차 - 측면충돌,안전운전불이행,맑음,2019-08-22_13시,ID_6700
2018,남,55세,승용차,상해없음,남,31세,자전거,경상,차대차 - 측면충돌,신호위반,맑음,2018-08-14_22시,ID_5123
2015,여,39세,승용차,상해없음,남,9세,자전거,경상,차대차 - 기타,안전운전불이행,맑음,2015-08-13_9시,ID_1720
2015,남,47세,승용차,상해없음,남,53세,자전거,중상,차대차 - 측면직각충돌,안전운전불이행,맑음,2015-11-30_4시,ID_241
2015,남,22세,승용차,상해없음,남,55세,자전거,경상,차대차 - 기타,안전운전불이행,맑음,2015-06-16_1시,ID_1079
2016,여,62세,승용차,기타불명,여,36세,자전거,경상,차대차 - 측면직각충돌,교차로운행방법위반,맑음,2016-08-24_12시,ID_3081
2015,남,19세,자전거,상해없음,남,55세,자전거,경상,차대차 - 기타,안전운전불이행,맑음,2015-10-20_20시,ID_742
2017,남,52세,승용차,상해없음,남,56세,자전거,경상,차대차 - 후진중충돌,안전운전불이행,맑음,2017-03-29_16시,ID_3655
2016,남,56세,자전거,상해없음,남,51세,자전거,경상,차대차 - 기타,안전운전불이행,맑음,2016-05-05_10시,ID_3290
2017,남,55세,승용차,상해없음,여,63세,자전거,중상,차대차 - 측면충돌,안전운전불이행,맑음,2017-02-12_9시,ID_4087
2016,여,48세,승용차,상해없음,남,33세,자전거,중상,차대차 - 측면직각충돌,안전운전불이행,맑음,2016-09-26_8시,ID_3161
2018,여,54세,승용차,상해없음,남,20세,자전거,경상,차대차 - 측면충돌,안전운전불이행,맑음,2018-05-10_7시,ID_5531
2020,남,54세,자전거,상해없음,남,30세,보행자,경상,차대사람 - 기타,보행자보호위반,맑음,2020-04-08_8시,ID_6837
2016,남,44세,자전거,상해없음,여,66세,보행자,중상,차대사람 - 기타,안전운전불이행,맑음,2016-04-30_14시,ID_2395
2016,여,56세,승용차,상해없음,남,15세,자전거,경상,차대차 - 기타,신호위반,맑음,2016-09-20_17시,ID_3521
2019,여,46세,승용차,상해없음,남,50세,자전거,경상,차대차 - 기타,안전운전불이행,맑음,2019-11-30_15시,ID_6305
2015,남,70세,자전거,부상신고,남,56세,자전거,중상,차대차 - 기타,안전운전불이행,맑음,2015-10-20_15시,ID_478
2019,남,30세,개인형이동수단(PM),상해없음,여,51세,자전거,경상,차대차 - 측면충돌,신호위반,맑음,2019-09-23_21시,ID_6513
2019,여,37세,승용차,상해없음,남,45세,자전거,중상,차대차 - 측면충돌,신호위반,맑음,2019-10-04_17시,ID_6635
2019,남,66세,승용차,상해없음,남,33세,자전거,경상,차대차 - 기타,신호위반,맑음,2019-09-17_10시,ID_6469
2015,여,53세,승용차,상해없음,남,78세,자전거,중상,차대차 - 정면충돌,안전운전불이행,맑음,2015-11-20_10시,ID_1296
2015,여,48세,승용차,상해없음,여,23세,자전거,경상,차대차 - 측면직각충돌,안전운전불이행,맑음,2015-04-28_21시,ID_946
2015,남,58세,승합차,상해없음,여,66세,자전거,경상,차대차 - 기타,안전운전불이행,맑음,2015-08-19_16시,ID_422
2015,여,62세,승용차,상해없음,남,76세,자전거,중상,차대차 - 기타,안전운전불이행,맑음,2015-03-25_12시,ID_1290
2017,남,31세,승용차,상해없음,여,59세,자전거,경상,차대차 - 측면충돌,안전운전불이행,맑음,2017-02-13_19시,ID_3946
2019,여,38세,승용차,상해없음,남,8세,자전거,경상,차대차 - 측면충돌,안전운전불이행,맑음,2019-09-05_15시,ID_6798
2015,남,20세,자전거,경상,여,49세,자전거,경상,차대차 - 추돌 - 진행중,중앙선침범,맑음,2015-09-21_8시,ID_1501
2015,남,67세,이륜차,상해없음,남,54세,자전거,경상,차대차 - 측면직각충돌,교차로운행방법위반,맑음,2015-08-21_15시,ID_1416
2015,여,58세,승용차,상해없음,남,28세,자전거,경상,차대차 - 기타,안전운전불이행,맑음,2015-09-21_13시,ID_1938
2017,남,77세,자전거,상해없음,여,79세,자전거,중상,차대차 - 기타,안전운전불이행,맑음,2017-11-02_9시,ID_3754
2020,남,54세,화물차,기타불명,남,34세,자전거,중상,차대차 - 측면충돌,안전운전불이행,맑음,2020-02-16_12시,ID_7759
2015,남,49세,승용차,상해없음,남,67세,자전거,경상,차대차 - 측면직각충돌,신호위반,맑음,2015-03-05_12시,ID_1452
2016,남,50세,승용차,상해없음,남,49세,자전거,경상,차대차 - 측면직각충돌,안전운전불이행,맑음,2016-07-20_7시,ID_2789
2019,남,38세,승용차,상해없음,여,69세,자전거,경상,차대차 - 기타,안전운전불이행,맑음,2019-06-25_17시,ID_6759
2016,여,19세,원동기장치자전거,기타불명,남,33세,자전거,경상,차대차 - 추돌 - 진행중,안전운전불이행,흐림,2016-07-18_20시,ID_2424
2020,남,25세,승용차,상해없음,여,71세,자전거,중상,차대차 - 기타,안전운전불이행,맑음,2020-11-30_12시,ID_7177
2015,남,31세,자전거,부상신고,여,38세,자전거,경상,차대차 - 기타,안전운전불이행,맑음,2015-03-14_16시,ID_450
2015,남,60세,승용차,상해없음,여,27세,자전거,중상,차대차 - 측면직각충돌,교차로운행방법위반,맑음,2015-01-23_21시,ID_939
2017,남,53세,승합차,상해없음,남,75세,자전거,경상,차대차 - 기타,안전운전불이행,맑음,2017-11-13_12시,ID_4502
2020,남,69세,승용차,상해없음,남,65세,자전거,경상,차대차 - 측면충돌,신호위반,맑음,2020-03-13_10시,ID_7334
2016,남,85세,승용차,상해없음,여,64세,자전거,경상,차대차 - 측면직각충돌,신호위반,맑음,2016-12-28_11시,ID_2820
2020,남,67세,승용차,상해없음,남,14세,자전거,경상,차대차 - 측면충돌,신호위반,맑음,2020-07-02_16시,ID_6990
2016,남,41세,이륜차,상해없음,여,62세,자전거,중상,차대차 - 측면직각충돌,신호위반,맑음,2016-06-26_10시,ID_2723
2015,여,23세,자전거,상해없음,남,54세,자전거,경상,차대차 - 기타,안전운전불이행,맑음,2015-08-01_18시,ID_1663
2015,남,51세,승용차,상해없음,남,17세,자전거,경상,차대차 - 측면직각충돌,안전운전불이행,맑음,2015-11-02_21시,ID_1153
2020,남,26세,승용차,상해없음,남,77세,자전거,중상,차대차 - 기타,신호위반,맑음,2020-11-12_11시,ID_7018
2017,여,51세,승용차,상해없음,여,34세,자전거,경상,차대차 - 측면충돌,중앙선침범,맑음,2017-02-09_18시,ID_3742
2018,남,29세,승용차,상해없음,여,68세,자전거,경상,차대차 - 측면충돌,교차로통행방법위반,맑음,2018-06-18_13시,ID_5535
2015,남,67세,승합차,상해없음,남,61세,자전거,중상,차대차 - 측면직각충돌,신호위반,맑음,2015-07-23_17시,ID_1661
2015,남,49세,승용차,상해없음,남,54세,자전거,중상,차대차 - 측면직각충돌,안전운전불이행,맑음,2015-07-15_20시,ID_1801
2015,남,59세,승용차,상해없음,남,20세,자전거,경상,차대차 - 기타,신호위반,맑음,2015-04-03_15시,ID_1874
2020,남,12세,자전거,상해없음,여,59세,보행자,경상,차대사람 - 기타,안전운전불이행,맑음,2020-11-20_17시,ID_7691