사고년도,가해자성별,가해자연령,가해차종,가해자신체상해정도,피해자성별,피해자연령,피해차종,피해자신체상해정도,사고유형,가해자법규위반,기상상태,시각,사건번호
2016,남,23세,승용차,상해없음,남,23세,자전거,중상,차대차 - 측면직각충돌,교차로운행방법위반,맑음,2016-09-07_20시,ID_3029
2020,남,19세,이륜차,상해없음,남,57세,자전거,중상,차대차 - 기타,안전운전불이행,맑음,2020-08-17_22시,ID_7496
2016,남,43세,승용차,상해없음,남,15세,자전거,경상,차대차 - 기타,신호위반,맑음,2016-08-11_14시,ID_2632
2015,남,66세,승합차,상해없음,남,69세,자전거,중상,차대차 - 정면충돌,안전운전불이행,맑음,2015-11-19_16시,ID_1824
2020,남,56세,자전거,상해없음,여,61세,자전거,경상,차대차 - 측면충돌,안전운전불이행,맑음,2020-06-14_11시,ID_7675
2018,남,40세,승용차,상해없음,남,15세,자전거,경상,차대차 - 측면충돌,안전운전불이행,맑음,2018-03-24_20시,ID_5759
2015,여,32세,승용차,상해없음,여,47세,자전거,경상,차대차 - 측면직각충돌,신호위반,맑음,2015-06-01_11시,ID_1169
2018,남,58세,화물차,상해없음,남,78세,자전거,중상,차대차 - 기타,안전운전불이행,맑음,2018-10-16_17시,ID_5650
2016,남,25세,승용차,상해없음,남,50세,자전거,경상,차대차 - 기타,중앙선침범,맑음,2016-08-18_12시,ID_2843
2015,남,52세,승용차,상해없음,남,76세,자전거,중상,차대차 - 기타,안전운전불이행,맑음,2015-06-17_16시,ID_1911
2020,남,74세,승용차,상해없음,남,69세,자전거,경상,차대차 - 측면충돌,신호위반,맑음,2020-05-21_15시,ID_7296
2016,남,52세,승용차,상해없음,남,39세,자전거,경상,차대차 - 측면직각충돌,신호위반,흐림,2016-01-09_1시,ID_2094
2015,여,62세,승용차,상해없음,여,22세,자전거,중상,차대차 - 정면충돌,신호위반,맑음,2015-05-08_15시,ID_1443
2016,남,79세,승용차,상해없음,남,25세,자전거,경상,차대차 - 측면직각충돌,신호위반,맑음,2016-09-19_15시,ID_2633
2018,남,76세,승용차,상해없음,남,76세,자전거,중상,차대차 - 기타,교차로통행방법위반,맑음,2018-11-13_13시,ID_5307
2016,남,19세,이륜차,상해없음,여,58세,자전거,경상,차대차 - 측면직각충돌,안전운전불이행,비,2016-07-01_21시,ID_2847
2017,남,36세,승용차,상해없음,남,17세,자전거,경상,차대차 - 정면충돌,안전운전불이행,맑음,2017-05-19_12시,ID_4514
2020,여,24세,승용차,상해없음,남,13세,자전거,경상,차대차 - 측면충돌,교차로통행방법위반,맑음,2020-07-12_12시,ID_7780
2015,남,44세,승용차,상해없음,남,14세,자전거,중상,차대차 - 측면직각충돌,기타,맑음,2015-10-18_17시,ID_1631
2018,여,39세,승용차,상해없음,남,67세,자전거,경상,차대차 - 측면충돌,기타,맑음,2018-03-02_13시,ID_5652
2015,남,33세,자전거,상해없음,여,58세,보행자,경상,차대사람 - 기타,안전운전불이행,맑음,2015-08-15_22시,ID_252
2019,남,37세,승용차,상해없음,남,13세,자전거,경상,차대차 - 측면충돌,안전운전불이행,맑음,2019-09-04_17시,ID_6640
2019,남,40세,이륜차,상해없음,남,66세,자전거,중상,차대차 - 기타,안전운전불이행,맑음,2019-06-29_20시,ID_5990
2016,남,64세,화물차,상해없음,남,26세,자전거,경상,차대차 - 측면직각충돌,안전운전불이행,맑음,2016-08-27_18시,ID_2707
2016,여,46세,승용차,상해없음,여,19세,자전거,중상,차대차 - 측면직각충돌,안전운전불이행,맑음,2016-04-23_19시,ID_2135
2015,남,55세,화물차,상해없음,남,56세,자전거,경상,차대차 - 추돌 - 진행중,안전운전불이행,맑음,2015-09-14_14시,ID_1367
2016,남,55세,승용차,기타불명,남,39세,자전거,경상,차대차 - 기타,기타,맑음,2016-01-30_17시,ID_2225
2017,남,14세,자전거,상해없음,남,25세,자전거,중상,차대차 - 기타,안전운전불이행,맑음,2017-03-18_12시,ID_3835
2017,여,40세,승용차,상해없음,남,85세,자전거,중상,차대차 - 측면충돌,안전운전불이행,맑음,2017-07-24_7시,ID_4611
2017,여,41세,승용차,상해없음,남,65세,자전거,경상,차대차 - 측면충돌,안전운전불이행,맑음,2017-04-19_15시,ID_4707
2019,남,38세,이륜차,상해없음,여,59세,자전거,중상,차대차 - 기타,안전운전불이행,맑음,2019-12-29_23시,ID_6133
2020,남,70세,자전거,부상신고,남,40세,자전거,경상,차대차 - 정면충돌,안전운전불이행,맑음,2020-05-16_15시,ID_6976
2020,여,62세,승용차,상해없음,남,12세,자전거,경상,차대차 - 측면충돌,안전운전불이행,맑음,2020-04-09_17시,ID_7593
2020,남,70세,승합차,상해없음,여,20세,자전거,중상,차대차 - 기타,안전운전불이행,맑음,2020-06-15_17시,ID_7187
2019,남,23세,원동기장치자전거,상해없음,남,65세,자전거,중상,차대차 - 측면충돌,신호위반,맑음,2019-04-08_16시,ID_5918
2018,남,26세,화물차,상해없음,남,60세,자전거,경상,차대차 - 기타,안전운전불이행,맑음,2018-10-19_23시,ID_4873
2018,남,55세,승합차,상해없음,여,49세,자전거,중상,차대차 - 측면충돌,신호위반,맑음,2018-01-25_22시,ID_5483
2017,여,44세,승용차,상해없음,여,54세,자전거,중상,차대차 - 측면충돌,직진우회전진행방해,맑음,2017-08-03_10시,ID_3916
2015,남,29세,자전거,상해없음,여,71세,보행자,경상,차대사람 - 기타,기타,맑음,2015-07-16_13시,ID_106
2019,남,54세,자전거,상해없음,남,52세,보행자,중상,차대사람 - 보도통행중,기타,맑음,2019-09-23_11시,ID_6710
2019,남,13세,자전거,상해없음,남,6세,보행자,경상,차대사람 - 기타,보행자보호위반,맑음,2019-06-28_22시,ID_6103
2017,남,69세,승용차,상해없음,남,81세,자전거,중상,차대차 - 측면충돌,안전운전불이행,맑음,2017-01-23_7시,ID_3813
2016,남,63세,승용차,상해없음,남,67세,자전거,중상,차대차 - 측면직각충돌,안전운전불이행,맑음,2016-06-13_9시,ID_2974
2019,여,61세,승용차,상해없음,남,54세,자전거,경상,차대차 - 측면충돌,안전운전불이행,맑음,2019-08-26_17시,ID_6612
2019,여,58세,승용차,상해없음,남,53세,자전거,경상,차대차 - 측면충돌,안전운전불이행,맑음,2019-12-08_16시,ID_6318
2016,여,45세,승용차,상해없음,여,82세,자전거,중상,차대차 - 정면충돌,안전운전불이행,비,2016-11-21_14시,ID_3330
2020,남,53세,승용차,상해없음,남,16세,자전거,경상,차대차 - 기타,안전운전불이행,맑음,2020-10-31_20시,ID_7381
2019,여,44세,승용차,상해없음,여,31세,자전거,중상,차대차 - 측면충돌,신호위반,맑음,2019-11-28_8시,ID_6497
2015,남,49세,승용차,상해없음,남,14세,자전거,경상,차대차 - 측면직각충돌,안전거리미확보,맑음,2015-04-02_19시,ID_1106
2020,여,57세,승용차,상해없음,남,26세,자전거,경상,차대차 - 측면충돌,안전운전불이행,맑음,2020-05-11_7시,ID_7702
2017,남,15세,자전거,기타불명,남,20세,보행자,경상,차대사람 - 횡단중,안전운전불이행,맑음,2017-07-09_13시,ID_4505
2015,여,48세,승용차,상해없음,남,16세,자전거,경상,차대차 - 측면직각충돌,안전운전불이행,맑음,2015-09-14_22시,ID_1015
2019,남,47세,승용차,상해없음,남,15세,자전거,중상,차대차 - 기타,안전운전불이행,맑음,2019-11-14_23시,ID_6630
2017,남,23세,자전거,상해없음,여,60세,자전거,중상,차대차 - 정면충돌,안전운전불이행,맑음,2017-06-21_18시,ID_4525
2020,남,54세,승용차,상해없음,남,51세,자전거,경상,차대차 - 추돌,안전운전불이행,맑음,2020-10-13_12시,ID_7286
2016,남,31세,승용차,기타불명,여,21세,자전거,중상,차대차 - 측면직각충돌,안전운전불이행,맑음,2016-11-17_7시,ID_2888
2016,남,35세,원동기장치자전거,상해없음,여,74세,자전거,중상,차대차 - 기타,안전운전불이행,맑음,2016-06-29_18시,ID_2314
2016,남,16세,자전거,상해없음,남,48세,보행자,경상,차대사람 - 기타,안전운전불이행,비,2016-08-26_3시,ID_2404
2016,남,41세,승용차,상해없음,여,24세,자전거,경상,차대차 - 측면직각충돌,안전운전불이행,맑음,2016-08-04_9시,ID_2919
2015,남,31세,이륜차,상해없음,여,66세,자전거,중상,차대차 - 측면직각충돌,안전운전불이행,맑음,2015-06-16_12시,ID_250
2019,남,66세,승용차,상해없음,남,41세,자전거,중상,차대차 - 측면충돌,안전운전불이행,맑음,2019-11-01_12시,ID_6659
2020,여,70세,승용차,상해없음,남,73세,자전거,중상,차대차 - 측면충돌,안전운전불이행,맑음,2020-12-26_17시,ID_6839
2017,남,40세,화물차,상해없음,남,51세,자전거,경상,차대차 - 측면충돌,안전운전불이행,맑음,2017-04-21_18시,ID_3875
2020,여,48세,승용차,상해없음,남,10세,자전거,경상,차대차 - 기타,안전운전불이행,맑음,2020-06-21_13시,ID_7202
2018,남,41세,화물차,상해없음,여,69세,자전거,경상,차대차 - 측면충돌,기타,맑음,2018-07-03_11시,ID_4897
2015,남,33세,건설기계,상해없음,남,19세,자전거,중상,차대차 - 측면직각충돌,안전운전불이행,맑음,2015-03-17_7시,ID_1135
2017,여,33세,승용차,상해없음,남,22세,자전거,중상,차대차 - 측면충돌,안전운전불이행,맑음,2017-04-25_8시,ID_4164
2015,남,45세,승용차,상해없음,남,13세,자전거,중상,차대차 - 측면직각충돌,안전운전불이행,맑음,2015-06-29_15시,ID_613
2016,남,80세,승용차,상해없음,남,51세,자전거,중상,차대차 - 기타,신호위반,맑음,2016-02-25_9시,ID_2174
2015,남,72세,승용차,상해없음,남,79세,자전거,경상,차대차 - 측면직각충돌,신호위반,맑음,2015-08-31_13시,ID_1189
2020,남,18세,이륜차,상해없음,남,70세,자전거,중상,차대차 - 측면충돌,신호위반,맑음,2020-06-18_2시,ID_7216
2018,남,43세,자전거,경상,남,59세,보행자,경상,차대사람 - 기타,안전운전불이행,맑음,2018-06-24_9시,ID_5019
2016,남,28세,승용차,상해없음,여,77세,자전거,중상,차대차 - 측면직각충돌,안전운전불이행,맑음,2016-06-26_19시,ID_3386
2020,남,61세,자전거,상해없음,여,25세,자전거,경상,차대차 - 추돌,안전운전불이행,맑음,2020-05-25_19시,ID_7122
2019,남,55세,자전거,상해없음,여,54세,보행자,경상,차대사람 - 길가장자리구역통행중,안전운전불이행,맑음,2019-04-14_14시,ID_6077
2018,남,55세,자전거,상해없음,여,38세,보행자,경상,차대사람 - 보도통행중,기타,맑음,2018-04-17_9시,ID_5097
2016,남,53세,승용차,상해없음,남,59세,자전거,경상,차대차 - 기타,안전운전불이행,맑음,2016-09-17_17시,ID_2839
2017,남,63세,자전거,상해없음,남,25세,이륜차,경상,차대차 - 기타,신호위반,맑음,2017-03-14_23시,ID_3824
2017,남,64세,자전거,상해없음,여,51세,보행자,중상,차대사람 - 횡단중,신호위반,맑음,2017-01-06_20시,ID_4490
2017,남,25세,승용차,상해없음,남,36세,자전거,경상,차대차 - 기타,신호위반,맑음,2017-10-25_8시,ID_4327
2019,여,53세,승용차,상해없음,남,78세,자전거,경상,차대차 - 측면충돌,안전운전불이행,맑음,2019-12-12_10시,ID_6725
2016,남,57세,승용차,상해없음,남,16세,자전거,경상,차대차 - 측면직각충돌,안전거리미확보,맑음,2016-01-12_12시,ID_2752
2015,남,53세,화물차,상해없음,남,80세,자전거,중상,차대차 - 기타,신호위반,맑음,2015-09-04_18시,ID_209
2018,남,36세,승용차,상해없음,남,63세,자전거,경상,차대차 - 측면충돌,안전운전불이행,맑음,2018-04-17_12시,ID_5305
2019,여,60세,화물차,기타불명,남,88세,자전거,경상,차대차 - 기타,안전운전불이행,맑음,2019-10-24_12시,ID_6679
2017,여,43세,승용차,상해없음,남,14세,자전거,경상,차대차 - 정면충돌,불법유턴,맑음,2017-04-29_22시,ID_4578
2016,남,63세,화물차,상해없음,남,26세,자전거,경상,차대차 - 측면직각충돌,안전운전불이행,맑음,2016-04-11_19시,ID_2988
2015,여,62세,승용차,상해없음,남,29세,자전거,경상,차대차 - 측면직각충돌,안전운전불이행,맑음,2015-08-28_16시,ID_2009
2019,여,58세,승용차,상해없음,여,68세,자전거,경상,차대차 - 측면충돌,안전운전불이행,맑음,2019-03-09_15시,ID_6315
2019,여,56세,화물차,상해없음,남,37세,자전거,경상,차대차 - 측면충돌,기타,맑음,2019-02-01_18시,ID_6599
2016,남,41세,자전거,상해없음,남,71세,자전거,경상,차대차 - 추돌 - 진행중,안전운전불이행,맑음,2016-07-19_19시,ID_2621
2015,남,51세,승용차,상해없음,남,7세,자전거,중상,차대차 - 측면직각충돌,안전운전불이행,맑음,2015-10-19_17시,ID_512
2018,남,59세,자전거,상해없음,여,84세,보행자,중상,차대사람 - 보도통행중,안전운전불이행,맑음,2018-03-14_14시,ID_5739
2015,남,33세,승용차,상해없음,여,25세,자전거,중상,차대차 - 측면직각충돌,안전운전불이행,맑음,2015-07-02_7시,ID_1202
2019,여,39세,승용차,상해없음,남,80세,자전거,경상,차대차 - 측면충돌,안전운전불이행,맑음,2019-02-16_15시,ID_5901
2017,남,54세,이륜차,상해없음,남,37세,자전거,경상,차대차 - 기타,안전운전불이행,흐림,2017-07-01_2시,ID_4316
2017,남,47세,이륜차,상해없음,여,47세,자전거,중상,차대차 - 정면충돌,신호위반,맑음,2017-03-15_15시,ID_3966
2015,남,50세,자전거,부상신고,남,30세,보행자,중상,차대사람 - 횡단중,안전운전불이행,맑음,2015-06-28_14시,ID_672
2017,여,54세,승용차,상해없음,여,69세,자전거,경상,차대차 - 추돌,안전거리미확보,맑음,2017-06-08_15시,ID_3999
2017,남,12세,자전거,상해없음,여,24세,보행자,경상,차대사람 - 기타,보행자보호위반,맑음,2017-10-11_19시,ID_4529
2020,남,22세,승용차,상해없음,여,72세,자전거,중상,차대차 - 추돌,안전운전불이행,맑음,2020-02-23_20시,ID_6911
2015,남,14세,자전거,상해없음,여,72세,보행자,중상,차대사람 - 보도통행중,기타,맑음,2015-06-02_16시,ID_1429
2015,남,65세,승합차,상해없음,남,16세,자전거,경상,차대차 - 기타,안전운전불이행,맑음,2015-05-31_14시,ID_338
2015,남,59세,승용차,상해없음,남,56세,자전거,중상,차대차 - 기타,안전운전불이행,맑음,2015-04-30_19시,ID_86
2018,여,54세,승용차,상해없음,남,62세,자전거,중상,차대차 - 추돌,안전운전불이행,맑음,2018-05-13_13시,ID_5450
2018,남,41세,승용차,상해없음,남,13세,자전거,경상,차대차 - 측면충돌,안전운전불이행,맑음,2018-10-11_17시,ID_5488
2020,남,29세,승용차,상해없음,남,40세,자전거,중상,차대차 - 측면충돌,신호위반,맑음,2020-06-26_23시,ID_7461
2018,남,48세,승용차,상해없음,남,68세,자전거,경상,차대차 - 기타,안전운전불이행,맑음,2018-05-10_14시,ID_5291
2015,남,24세,승용차,상해없음,남,30세,자전거,중상,차대차 - 측면직각충돌,안전거리미확보,맑음,2015-07-04_10시,ID_1
2015,남,31세,자전거,경상,여,22세,보행자,경상,차대사람 - 차도통행중,안전운전불이행,맑음,2015-08-11_8시,ID_297
2016,남,57세,자전거,상해없음,여,42세,보행자,경상,차대사람 - 보도통행중,기타,맑음,2016-09-07_17시,ID_3470
2019,남,49세,화물차,상해없음,남,15세,자전거,중상,차대차 - 측면충돌,안전운전불이행,맑음,2019-12-17_22시,ID_6092
2017,남,62세,승용차,상해없음,남,64세,자전거,경상,차대차 - 측면충돌,안전운전불이행,맑음,2017-01-25_15시,ID_4294
2018,남,72세,승용차,상해없음,남,11세,자전거,경상,차대차 - 추돌,안전운전불이행,맑음,2018-06-09_14시,ID_5632
2015,남,59세,자전거,상해없음,여,35세,보행자,중상,차대사람 - 기타,안전운전불이행,맑음,2015-11-17_13시,ID_592
2017,여,52세,승용차,상해없음,남,78세,자전거,중상,차대차 - 측면충돌,안전운전불이행,맑음,2017-05-09_15시,ID_4338
2015,남,27세,승용차,상해없음,남,12세,자전거,중상,차대차 - 측면직각충돌,안전운전불이행,맑음,2015-03-15_18시,ID_552
2019,남,64세,승용차,상해없음,여,57세,자전거,경상,차대차 - 기타,안전운전불이행,맑음,2019-08-20_13시,ID_6405
2017,남,60세,승용차,상해없음,남,10세,자전거,중상,차대차 - 측면충돌,안전운전불이행,맑음,2017-07-19_16시,ID_4392
2018,여,58세,승용차,상해없음,남,76세,자전거,경상,차대차 - 기타,신호위반,맑음,2018-04-02_18시,ID_5651
2017,남,36세,승용차,상해없음,남,15세,자전거,경상,차대차 - 기타,기타,맑음,2017-11-11_22시,ID_3610
2017,여,43세,승용차,상해없음,여,54세,자전거,중상,차대차 - 기타,신호위반,맑음,2017-03-07_14시,ID_4364
2016,여,34세,승용차,상해없음,남,47세,자전거,경상,차대차 - 측면직각충돌,직진우회전진행방해,맑음,2016-12-21_19시,ID_2143
2016,여,54세,승합차,상해없음,남,20세,자전거,중상,차대차 - 정면충돌,안전운전불이행,맑음,2016-09-23_16시,ID_3203
2015,남,43세,승용차,상해없음,여,52세,자전거,중상,차대차 - 추돌 - 진행중,안전운전불이행,비,2015-10-11_11시,ID_654
2015,남,26세,자전거,상해없음,남,41세,자전거,중상,차대차 - 기타,안전운전불이행,맑음,2015-06-21_12시,ID_28
2020,남,61세,승용차,상해없음,여,53세,자전거,중상,차대차 - 기타,안전운전불이행,맑음,2020-09-23_0시,ID_6964
2018,여,38세,승용차,상해없음,여,56세,자전거,경상,차대차 - 측면충돌,안전운전불이행,맑음,2018-09-07_8시,ID_5532
2017,남,57세,화물차,상해없음,여,69세,자전거,중상,차대차 - 측면충돌,안전운전불이행,맑음,2017-10-26_13시,ID_4758
2019,여,63세,자전거,상해없음,여,25세,보행자,경상,차대사람 - 보도통행중,안전운전불이행,맑음,2019-06-12_18시,ID_5982
2017,남,19세,자전거,상해없음,여,49세,보행자,중상,차대사람 - 횡단중,안전운전불이행,맑음,2017-03-15_19시,ID_4381
2017,남,77세,이륜차,상해없음,남,36세,자전거,중상,차대차 - 기타,안전운전불이행,맑음,2017-04-23_7시,ID_4398
2015,남,53세,승합차,기타불명,남,21세,자전거,경상,차대차 - 기타,안전운전불이행,맑음,2015-04-28_16시,ID_749
2018,여,59세,자전거,경상,여,64세,자전거,중상,차대차 - 측면충돌,안전운전불이행,맑음,2018-06-15_7시,ID_5188
2016,여,56세,승합차,상해없음,여,62세,자전거,경상,차대차 - 기타,안전운전불이행,맑음,2016-04-14_16시,ID_2873
2017,남,69세,승용차,상해없음,남,59세,자전거,경상,차대차 - 측면충돌,안전운전불이행,흐림,2017-06-29_6시,ID_4034
2018,남,74세,자전거,경상,남,54세,자전거,경상,차대차 - 측면충돌,안전운전불이행,맑음,2018-04-26_11시,ID_5614
2019,남,65세,화물차,상해없음,남,16세,자전거,경상,차대차 - 기타,안전운전불이행,맑음,2019-10-24_20시,ID_6020
2018,남,41세,자전거,상해없음,여,47세,자전거,경상,차대차 - 측면충돌,신호위반,맑음,2018-05-08_19시,ID_5014
2019,여,53세,승용차,상해없음,남,8세,자전거,경상,차대차 - 측면충돌,안전운전불이행,맑음,2019-05-17_16시,ID_6597
2015,남,38세,승용차,상해없음,남,11세,자전거,중상,차대차 - 추돌 - 진행중,안전운전불이행,맑음,2015-08-17_21시,ID_1160
2015,남,74세,자전거,상해없음,여,60세,보행자,중상,차대사람 - 기타,안전운전불이행,맑음,2015-10-30_16시,ID_165
2015,여,60세,승용차,상해없음,남,61세,자전거,경상,차대차 - 기타,안전운전불이행,맑음,2015-03-21_17시,ID_1794
2015,여,30세,승용차,상해없음,남,64세,자전거,중상,차대차 - 측면직각충돌,안전운전불이행,맑음,2015-04-27_17시,ID_986
2018,남,54세,원동기장치자전거,기타불명,남,75세,자전거,경상,차대차 - 기타,안전운전불이행,맑음,2018-04-13_12시,ID_4865
2015,여,43세,승용차,상해없음,남,94세,자전거,경상,차대차 - 기타,안전운전불이행,맑음,2015-06-15_13시,ID_1748
2017,남,55세,자전거,상해없음,남,24세,보행자,경상,차대사람 - 기타,안전운전불이행,맑음,2017-12-17_16시,ID_4378
2016,남,30세,승용차,상해없음,여,47세,자전거,경상,차대차 - 측면직각충돌,안전운전불이행,맑음,2016-06-17_11시,ID_2883
2015,남,29세,승용차,상해없음,남,15세,자전거,경상,차대차 - 측면직각충돌,안전운전불이행,맑음,2015-09-07_8시,ID_1441
2019,남,64세,승용차,상해없음,남,81세,자전거,경상,차대차 - 기타,교차로통행방법위반,맑음,2019-05-07_8시,ID_6718
2015,남,20세,원동기장치자전거,기타불명,남,55세,자전거,경상,차대차 - 측면직각충돌,신호위반,맑음,2015-04-30_17시,ID_1491
2016,남,46세,화물차,상해없음,남,73세,자전거,경상,차대차 - 기타,안전운전불이행,맑음,2016-12-03_15시,ID_3491
2018,여,65세,승용차,상해없음,남,63세,자전거,경상,차대차 - 기타,안전운전불이행,맑음,2018-04-12_10시,ID_5578
2017,남,12세,자전거,경상,남,23세,이륜차,경상,차대차 - 측면충돌,안전운전불이행,맑음,2017-03-24_19시,ID_4100
2017,남,49세,승용차,상해없음,남,74세,자전거,경상,차대차 - 측면충돌,중앙선침범,맑음,2017-11-28_6시,ID_3618
2017,남,62세,자전거,상해없음,남,77세,자전거,경상,차대차 - 기타,안전운전불이행,맑음,2017-04-02_16시,ID_3759
2019,여,37세,승용차,상해없음,여,49세,자전거,중상,차대차 - 측면충돌,안전운전불이행,맑음,2019-11-05_10시,ID_6085
2016,남,56세,자전거,상해없음,남,74세,보행자,경상,차대사람 - 횡단중,신호위반,맑음,2016-06-11_17시,ID_2399
2019,남,53세,승용차,상해없음,남,78세,자전거,경상,차대차 - 측면충돌,신호위반,맑음,2019-04-12_14시,ID_6120
2018,남,46세,화물차,상해없음,여,57세,자전거,중상,차대차 - 측면충돌,안전운전불이행,흐림,2018-10-03_10시,ID_4922
2019,남,57세,화물차,상해없음,여,20세,자전거,경상,차대차 - 측면충돌,기타,맑음,2019-05-01_9시,ID_5800
2018,여,33세,승용차,상해없음,남,13세,자전거,경상,차대차 - 기타,안전운전불이행,맑음,2018-08-09_18시,ID_4987
2016,남,45세,승용차,상해없음,남,13세,자전거,경상,차대차 - 측면직각충돌,안전운전불이행,맑음,2016-06-18_22시,ID_3169
2016,남,50세,승용차,상해없음,남,48세,자전거,경상,차대차 - 측면직각충돌,안전운전불이행,맑음,2016-10-01_14시,ID_2269
2015,남,61세,승용차,상해없음,남,20세,자전거,중상,차대차 - 기타,안전운전불이행,맑음,2015-02-03_19시,ID_1253
2019,남,54세,승용차,상해없음,여,29세,자전거,경상,차대차 - 측면충돌,안전운전불이행,맑음,2019-06-15_14시,ID_6519
2020,남,54세,자전거,상해없음,남,42세,자전거,경상,차대차 - 기타,안전운전불이행,맑음,2020-07-01_21시,ID_7683
2019,남,46세,자전거,상해없음,남,20세,보행자,경상,차대사람 - 기타,보행자보호위반,맑음,2019-02-21_19시,ID_6267
2015,남,54세,승용차,상해없음,남,19세,자전거,경상,차대차 - 기타,안전운전불이행,맑음,2015-04-14_21시,ID_1033
2017,남,24세,승용차,상해없음,남,67세,자전거,중상,차대차 - 기타,안전운전불이행,맑음,2017-04-20_13시,ID_4548
2020,남,57세,자전거,상해없음,남,60세,보행자,중상,차대사람 - 횡단중,안전운전불이행,맑음,2020-01-22_18시,ID_7108
2016,여,40세,승용차,상해없음,남,12세,자전거,경상,차대차 - 측면직각충돌,직진우회전진행방해,맑음,2016-07-20_17시,ID_2965
2019,남,60세,승용차,상해없음,남,76세,자전거,경상,차대차 - 기타,안전운전불이행,맑음,2019-02-02_15시,ID_6362
2015,남,27세,자전거,상해없음,남,29세,자전거,경상,차대차 - 측면직각충돌,안전운전불이행,맑음,2015-05-14_21시,ID_120
2015,남,47세,화물차,상해없음,남,57세,자전거,중상,차대차 - 측면직각충돌,안전운전불이행,맑음,2015-06-26_14시,ID_818
2015,남,38세,승용차,상해없음,남,34세,자전거,경상,차대차 - 측면직각충돌,신호위반,맑음,2015-11-02_23시,ID_1298
2015,남,58세,승합차,상해없음,여,36세,자전거,중상,차대차 - 측면직각충돌,안전운전불이행,맑음,2015-01-30_13시,ID_3
2016,남,37세,승용차,상해없음,남,15세,자전거,경상,차대차 - 정면충돌,안전운전불이행,맑음,2016-06-25_16시,ID_3191
2016,남,57세,승용차,상해없음,남,58세,자전거,경상,차대차 - 기타,기타,맑음,2016-10-09_12시,ID_2596
2015,남,37세,승용차,상해없음,남,25세,자전거,중상,차대차 - 측면직각충돌,안전운전불이행,맑음,2015-04-10_18시,ID_1302
2016,남,50세,승용차,상해없음,남,46세,자전거,중상,차대차 - 기타,안전운전불이행,비,2016-07-23_19시,ID_2068
2015,여,60세,승용차,상해없음,남,64세,자전거,중상,차대차 - 기타,안전운전불이행,맑음,2015-05-16_13시,ID_1115
2020,여,30세,승용차,상해없음,남,73세,자전거,경상,차대차 - 측면충돌,안전운전불이행,맑음,2020-04-13_13시,ID_7000
2020,남,59세,화물차,상해없음,남,13세,자전거,경상,차대차 - 측면충돌,안전운전불이행,맑음,2020-10-08_16시,ID_7375
2015,남,41세,화물차,상해없음,남,25세,자전거,중상,차대차 - 측면직각충돌,안전운전불이행,맑음,2015-04-23_16시,ID_1055
2020,여,72세,자전거,상해없음,여,51세,보행자,중상,차대사람 - 보도통행중,안전운전불이행,맑음,2020-12-02_20시,ID_7414
2017,남,69세,승용차,상해없음,여,60세,자전거,경상,차대차 - 기타,기타,맑음,2017-08-30_17시,ID_3693
2015,남,59세,승용차,상해없음,여,61세,자전거,중상,차대차 - 측면직각충돌,안전운전불이행,맑음,2015-07-15_11시,ID_605
2017,남,13세,자전거,상해없음,여,58세,보행자,경상,차대사람 - 횡단중,신호위반,맑음,2017-07-04_14시,ID_3709
2016,남,62세,자전거,기타불명,남,33세,이륜차,경상,차대차 - 기타,안전운전불이행,맑음,2016-06-29_7시,ID_3564
2017,남,47세,화물차,상해없음,남,74세,자전거,중상,차대차 - 측면충돌,안전운전불이행,맑음,2017-02-01_5시,ID_3859
2016,남,51세,승합차,상해없음,남,16세,자전거,경상,차대차 - 기타,안전운전불이행,맑음,2016-09-19_17시,ID_3274
2020,남,80세,승용차,상해없음,남,63세,자전거,중상,차대차 - 측면충돌,안전운전불이행,맑음,2020-05-18_10시,ID_7744
2016,남,58세,승용차,기타불명,남,13세,자전거,경상,차대차 - 기타,안전운전불이행,맑음,2016-05-07_15시,ID_2619
2020,남,73세,자전거,상해없음,여,62세,보행자,경상,차대사람 - 기타,안전운전불이행,맑음,2020-09-23_13시,ID_7213
2019,남,55세,화물차,상해없음,남,63세,자전거,경상,차대차 - 기타,기타,맑음,2019-09-08_17시,ID_5853
2016,남,33세,승용차,상해없음,남,68세,자전거,중상,차대차 - 기타,안전운전불이행,맑음,2016-06-25_6시,ID_3539
2019,남,58세,승용차,상해없음,남,49세,자전거,경상,차대차 - 기타,기타,맑음,2019-10-26_13시,ID_6059
2016,여,38세,승용차,상해없음,여,61세,자전거,중상,차대차 - 측면직각충돌,안전운전불이행,맑음,2016-10-13_7시,ID_3250
2016,여,38세,승용차,상해없음,남,65세,자전거,경상,차대차 - 기타,안전운전불이행,맑음,2016-10-17_9시,ID_3418
2019,남,59세,승용차,기타불명,남,21세,자전거,경상,차대차 - 측면충돌,신호위반,비,2019-12-10_7시,ID_6123