사고년도,가해자성별,가해자연령,가해차종,가해자신체상해정도,피해자성별,피해자연령,피해차종,피해자신체상해정도,사고유형,가해자법규위반,기상상태,시각,사건번호
2018,남,71세,자전거,상해없음,여,54세,보행자,경상,차대사람 - 기타,안전운전불이행,맑음,2018-03-17_12시,ID_5490
2019,여,52세,승용차,상해없음,여,58세,자전거,중상,차대차 - 측면충돌,안전운전불이행,맑음,2019-01-05_9시,ID_6693
2020,남,51세,자전거,상해없음,남,57세,보행자,중상,차대사람 - 횡단중,안전운전불이행,흐림,2020-07-19_21시,ID_6978
2016,남,36세,승용차,상해없음,남,45세,자전거,중상,차대차 - 기타,안전운전불이행,맑음,2016-02-26_18시,ID_3096
2020,남,48세,승용차,상해없음,여,62세,자전거,중상,차대차 - 측면충돌,안전운전불이행,맑음,2020-02-01_9시,ID_7767
2020,남,67세,승용차,상해없음,남,43세,자전거,경상,차대차 - 측면충돌,안전운전불이행,맑음,2020-09-01_22시,ID_6981
2016,여,40세,승용차,상해없음,여,50세,자전거,경상,차대차 - 측면직각충돌,안전운전불이행,맑음,2016-03-25_22시,ID_2944
2017,남,66세,승용차,상해없음,여,32세,자전거,경상,차대차 - 측면충돌,안전운전불이행,맑음,2017-10-13_23시,ID_3872
2016,남,56세,이륜차,상해없음,남,67세,자전거,중상,차대차 - 추돌 - 진행중,안전운전불이행,맑음,2016-01-06_6시,ID_2205
2019,남,51세,승합차,상해없음,남,14세,자전거,경상,차대차 - 측면충돌,안전운전불이행,맑음,2019-06-11_20시,ID_6783
2015,남,29세,승용차,상해없음,여,22세,자전거,경상,차대차 - 기타,기타,맑음,2015-09-22_20시,ID_330
2019,남,52세,이륜차,상해없음,여,69세,자전거,중상,차대차 - 측면충돌,안전운전불이행,맑음,2019-08-02_13시,ID_6793
2017,남,21세,자전거,부상신고,남,75세,자전거,중상,차대차 - 측면충돌,안전운전불이행,맑음,2017-11-02_17시,ID_3912
2016,남,73세,승용차,상해없음,여,59세,자전거,경상,차대차 - 정면충돌,안전운전불이행,맑음,2016-08-08_18시,ID_3307
2019,남,60세,승용차,상해없음,남,37세,자전거,중상,차대차 - 측면충돌,안전운전불이행,맑음,2019-03-20_6시,ID_6324
2016,남,18세,자전거,상해없음,여,58세,보행자,경상,차대사람 - 횡단중,중앙선침범,맑음,2016-05-20_21시,ID_3109
2015,남,46세,승용차,상해없음,남,63세,자전거,경상,차대차 - 측면직각충돌,안전운전불이행,맑음,2015-09-29_18시,ID_1303
2015,여,45세,자전거,상해없음,여,67세,보행자,중상,차대사람 - 차도통행중,안전운전불이행,맑음,2015-06-13_11시,ID_1249
2015,남,37세,승용차,상해없음,남,33세,자전거,중상,차대차 - 추돌 - 진행중,안전운전불이행,비,2015-07-07_22시,ID_2026
2019,여,41세,승용차,상해없음,여,48세,자전거,중상,차대차 - 정면충돌,안전운전불이행,맑음,2019-02-09_19시,ID_6158
2016,남,56세,승용차,상해없음,여,61세,자전거,경상,차대차 - 추돌 - 진행중,안전운전불이행,비,2016-12-21_20시,ID_2589
2015,여,31세,승용차,상해없음,남,23세,자전거,경상,차대차 - 기타,교차로운행방법위반,맑음,2015-07-27_14시,ID_772
2016,남,46세,자전거,상해없음,여,43세,원동기장치자전거,중상,차대차 - 측면직각충돌,안전운전불이행,맑음,2016-01-30_17시,ID_3572
2020,남,65세,승용차,상해없음,여,56세,자전거,경상,차대차 - 측면충돌,안전운전불이행,맑음,2020-04-25_19시,ID_7027
2020,남,11세,자전거,상해없음,여,77세,보행자,중상,차대사람 - 횡단중,보행자보호위반,맑음,2020-10-04_17시,ID_7715
2019,남,47세,승용차,상해없음,여,62세,자전거,경상,차대차 - 기타,안전운전불이행,맑음,2019-06-08_14시,ID_6696
2015,남,48세,화물차,상해없음,남,65세,자전거,중상,차대차 - 추돌 - 진행중,신호위반,맑음,2015-06-03_23시,ID_1535
2020,여,61세,승용차,상해없음,남,42세,자전거,중상,차대차 - 측면충돌,안전운전불이행,맑음,2020-10-07_12시,ID_7251
2019,남,37세,자전거,상해없음,남,46세,자전거,경상,차대차 - 정면충돌,안전운전불이행,맑음,2019-06-17_17시,ID_5789
2016,남,63세,승용차,상해없음,여,57세,자전거,경상,차대차 - 기타,신호위반,맑음,2016-02-09_19시,ID_2995
2019,남,40세,화물차,상해없음,여,23세,자전거,경상,차대차 - 측면충돌,안전운전불이행,맑음,2019-08-17_10시,ID_6354
2016,남,18세,이륜차,상해없음,남,11세,자전거,경상,차대차 - 측면직각충돌,신호위반,맑음,2016-07-14_18시,ID_2136
2016,남,51세,승용차,상해없음,남,55세,자전거,경상,차대차 - 측면직각충돌,안전운전불이행,맑음,2016-07-17_6시,ID_2745
2018,여,75세,자전거,경상,남,60세,자전거,경상,차대차 - 기타,안전거리미확보,맑음,2018-04-03_15시,ID_4825
2018,남,50세,승용차,상해없음,남,26세,자전거,중상,차대차 - 기타,기타,맑음,2018-12-09_23시,ID_5389
2015,남,52세,승용차,상해없음,여,76세,자전거,경상,차대차 - 측면직각충돌,직진우회전진행방해,맑음,2015-03-08_13시,ID_1867
2020,남,51세,자전거,상해없음,여,40세,보행자,경상,차대사람 - 기타,안전운전불이행,맑음,2020-04-14_22시,ID_7661
2020,남,60세,승용차,상해없음,남,16세,자전거,중상,차대차 - 측면충돌,안전운전불이행,비,2020-06-29_20시,ID_7622
2015,남,76세,자전거,상해없음,남,52세,보행자,경상,차대사람 - 횡단중,안전운전불이행,흐림,2015-11-30_10시,ID_1142
2017,남,44세,승용차,상해없음,남,12세,자전거,중상,차대차 - 측면충돌,신호위반,맑음,2017-06-19_15시,ID_4554
2018,여,42세,승용차,상해없음,남,79세,자전거,중상,차대차 - 측면충돌,교차로통행방법위반,비,2018-06-19_16시,ID_5734
2020,남,38세,승용차,상해없음,남,73세,자전거,경상,차대차 - 측면충돌,안전운전불이행,맑음,2020-06-05_16시,ID_7178
2016,여,43세,승용차,상해없음,남,27세,자전거,경상,차대차 - 측면직각충돌,직진우회전진행방해,맑음,2016-10-24_8시,ID_2108
2016,남,16세,자전거,상해없음,남,4세,보행자,경상,차대사람 - 횡단중,안전운전불이행,맑음,2016-09-24_21시,ID_2356
2015,남,45세,승용차,상해없음,남,15세,자전거,경상,차대차 - 추돌 - 주정차중,안전운전불이행,맑음,2015-07-03_7시,ID_684
2019,남,23세,자전거,상해없음,남,23세,이륜차,경상,차대차 - 측면충돌,안전운전불이행,맑음,2019-10-23_18시,ID_6171
2019,남,52세,승용차,상해없음,남,58세,자전거,경상,차대차 - 측면충돌,안전운전불이행,맑음,2019-01-26_15시,ID_6456
2015,여,52세,승용차,상해없음,남,35세,자전거,경상,차대차 - 측면직각충돌,신호위반,맑음,2015-05-02_9시,ID_1630
2017,남,65세,승용차,상해없음,여,31세,자전거,중상,차대차 - 측면충돌,기타,맑음,2017-10-09_22시,ID_3645
2016,남,50세,승용차,상해없음,여,64세,자전거,중상,차대차 - 정면충돌,신호위반,맑음,2016-11-12_7시,ID_3519
2015,남,51세,승용차,상해없음,남,44세,자전거,경상,차대차 - 기타,안전운전불이행,맑음,2015-08-21_8시,ID_8
2019,남,47세,자전거,상해없음,여,36세,보행자,경상,차대사람 - 기타,기타,맑음,2019-05-31_17시,ID_6366
2019,남,68세,승용차,상해없음,남,58세,자전거,경상,차대차 - 기타,안전운전불이행,맑음,2019-10-09_18시,ID_6071
2017,남,51세,승용차,상해없음,남,55세,자전거,경상,차대차 - 기타,안전운전불이행,맑음,2017-05-14_5시,ID_3827
2017,남,54세,승합차,상해없음,남,24세,자전거,중상,차대차 - 측면충돌,안전운전불이행,맑음,2017-10-24_19시,ID_4593
2017,남,63세,승용차,상해없음,여,75세,자전거,중상,차대차 - 측면충돌,교차로운행방법위반,맑음,2017-04-02_11시,ID_4648
2016,남,78세,승용차,상해없음,남,14세,자전거,경상,차대차 - 측면직각충돌,안전운전불이행,맑음,2016-10-13_15시,ID_3382
2018,남,59세,승용차,상해없음,여,59세,자전거,중상,차대차 - 측면충돌,안전운전불이행,맑음,2018-01-14_1시,ID_5223
2020,남,60세,자전거,부상신고,남,26세,자전거,경상,차대차 - 측면충돌,안전운전불이행,맑음,2020-06-28_18시,ID_7093
2016,남,16세,자전거,상해없음,남,71세,보행자,중상,차대사람 - 기타,안전운전불이행,맑음,2016-05-17_7시,ID_3546
2018,남,37세,승용차,상해없음,남,51세,자전거,중상,차대차 - 기타,안전운전불이행,맑음,2018-05-14_23시,ID_5510
2018,남,41세,승용차,상해없음,남,8세,자전거,중상,차대차 - 측면충돌,안전운전불이행,맑음,2018-06-20_17시,ID_5363
2019,남,32세,자전거,상해없음,여,57세,자전거,중상,차대차 - 측면충돌,안전운전불이행,맑음,2019-09-17_19시,ID_6147
2018,남,36세,화물차,상해없음,여,34세,자전거,경상,차대차 - 측면충돌,안전운전불이행,맑음,2018-05-14_15시,ID_5256
2015,남,61세,승용차,상해없음,남,35세,자전거,경상,차대차 - 측면직각충돌,안전운전불이행,맑음,2015-05-25_1시,ID_285
2016,여,51세,승용차,상해없음,여,61세,자전거,경상,차대차 - 측면직각충돌,안전운전불이행,맑음,2016-03-29_17시,ID_3451
2016,남,18세,자전거,부상신고,남,17세,보행자,경상,차대사람 - 길가장자리구역통행중,안전운전불이행,흐림,2016-06-05_22시,ID_2966
2020,남,71세,자전거,상해없음,여,80세,보행자,경상,차대사람 - 길가장자리구역통행중,안전운전불이행,맑음,2020-05-25_15시,ID_7219
2020,여,64세,자전거,상해없음,여,29세,자전거,경상,차대차 - 기타,안전운전불이행,맑음,2020-09-20_15시,ID_7013
2015,남,15세,자전거,상해없음,남,66세,보행자,경상,차대사람 - 기타,신호위반,맑음,2015-09-08_19시,ID_228
2015,남,33세,화물차,상해없음,남,24세,자전거,중상,차대차 - 기타,교차로운행방법위반,맑음,2015-08-14_8시,ID_770
2015,남,60세,화물차,상해없음,남,74세,자전거,중상,차대차 - 기타,신호위반,맑음,2015-01-15_9시,ID_559
2019,여,34세,승용차,상해없음,남,89세,자전거,중상,차대차 - 측면충돌,안전운전불이행,맑음,2019-02-25_9시,ID_6447
2020,남,22세,승용차,상해없음,여,11세,자전거,경상,차대차 - 기타,안전운전불이행,맑음,2020-06-17_14시,ID_7340
2017,남,40세,승용차,상해없음,남,68세,자전거,중상,차대차 - 측면충돌,안전운전불이행,맑음,2017-08-19_7시,ID_3718
2018,남,42세,승용차,상해없음,여,53세,자전거,경상,차대차 - 기타,안전운전불이행,맑음,2018-07-12_9시,ID_5246
2015,여,38세,승용차,상해없음,남,77세,자전거,중상,차대차 - 측면직각충돌,안전운전불이행,맑음,2015-08-27_10시,ID_1359
2018,남,57세,승용차,상해없음,남,68세,자전거,경상,차대차 - 측면충돌,안전운전불이행,맑음,2018-07-03_10시,ID_5619
2015,남,53세,승용차,상해없음,남,56세,자전거,중상,차대차 - 기타,안전운전불이행,맑음,2015-04-06_6시,ID_2031
2020,여,39세,승용차,상해없음,여,64세,자전거,경상,차대차 - 기타,안전운전불이행,맑음,2020-05-08_14시,ID_7292
2018,남,63세,화물차,상해없음,남,80세,자전거,중상,차대차 - 측면충돌,안전운전불이행,맑음,2018-11-03_6시,ID_5178
2018,남,27세,승용차,상해없음,남,15세,자전거,경상,차대차 - 기타,안전운전불이행,맑음,2018-04-02_7시,ID_5076
2018,남,44세,자전거,상해없음,남,77세,보행자,경상,차대사람 - 기타,안전운전불이행,맑음,2018-07-07_19시,ID_5582
2017,남,22세,화물차,상해없음,남,53세,자전거,중상,차대차 - 측면충돌,신호위반,맑음,2017-10-12_21시,ID_3670
2020,남,29세,승용차,상해없음,여,69세,자전거,경상,차대차 - 측면충돌,안전운전불이행,맑음,2020-04-10_13시,ID_7053
2017,남,59세,승용차,상해없음,여,24세,자전거,경상,차대차 - 기타,안전운전불이행,맑음,2017-03-08_20시,ID_4566
2015,남,66세,승합차,상해없음,여,64세,자전거,경상,차대차 - 기타,안전운전불이행,맑음,2015-02-06_18시,ID_1615
2016,남,20세,자전거,상해없음,남,73세,자전거,경상,차대차 - 측면직각충돌,안전운전불이행,맑음,2016-04-22_17시,ID_3066
2017,남,60세,승용차,상해없음,남,47세,자전거,경상,차대차 - 측면충돌,기타,맑음,2017-05-22_8시,ID_3663
2018,남,59세,자전거,상해없음,남,40세,보행자,경상,차대사람 - 횡단중,신호위반,맑음,2018-03-23_7시,ID_4824
2018,남,39세,화물차,상해없음,남,63세,자전거,중상,차대차 - 정면충돌,안전운전불이행,맑음,2018-10-23_20시,ID_5366
2019,남,26세,승용차,기타불명,남,54세,자전거,경상,차대차 - 측면충돌,안전운전불이행,흐림,2019-09-08_20시,ID_6461
2020,남,41세,이륜차,상해없음,여,31세,자전거,경상,차대차 - 측면충돌,신호위반,맑음,2020-04-12_15시,ID_7599
2020,남,21세,승용차,상해없음,남,28세,자전거,경상,차대차 - 측면충돌,안전운전불이행,맑음,2020-02-09_21시,ID_7614
2020,남,43세,승용차,상해없음,남,42세,자전거,경상,차대차 - 기타,안전운전불이행,맑음,2020-05-17_16시,ID_7331
2017,여,50세,승용차,상해없음,남,62세,자전거,중상,차대차 - 측면충돌,안전운전불이행,맑음,2017-09-05_8시,ID_4727
2016,여,39세,승용차,상해없음,남,75세,자전거,경상,차대차 - 측면직각충돌,교차로운행방법위반,맑음,2016-12-13_19시,ID_3146
2015,여,42세,승용차,상해없음,남,24세,자전거,중상,차대차 - 추돌 - 진행중,안전운전불이행,맑음,2015-10-08_10시,ID_990
2016,남,59세,승용차,상해없음,여,58세,자전거,중상,차대차 - 측면직각충돌,교차로운행방법위반,맑음,2016-03-22_10시,ID_3090
2017,남,73세,승용차,상해없음,남,12세,자전거,경상,차대차 - 정면충돌,안전운전불이행,맑음,2017-10-20_19시,ID_3891
2015,남,39세,승용차,상해없음,남,41세,자전거,경상,차대차 - 기타,안전운전불이행,맑음,2015-01-20_6시,ID_2030
2015,남,36세,건설기계,상해없음,여,58세,자전거,중상,차대차 - 측면직각충돌,안전운전불이행,맑음,2015-07-20_17시,ID_1866
2015,여,30세,승용차,상해없음,남,38세,자전거,경상,차대차 - 기타,교차로운행방법위반,맑음,2015-05-20_16시,ID_944
2020,남,60세,승용차,상해없음,남,11세,자전거,경상,차대차 - 측면충돌,안전운전불이행,맑음,2020-05-22_17시,ID_7594
2017,남,20세,자전거,상해없음,남,39세,자전거,경상,차대차 - 측면충돌,안전운전불이행,맑음,2017-08-12_21시,ID_3844
2016,남,68세,승용차,상해없음,여,66세,자전거,중상,차대차 - 측면직각충돌,교차로운행방법위반,맑음,2016-08-01_13시,ID_2718
2018,남,59세,승용차,상해없음,여,30세,자전거,중상,차대차 - 측면충돌,안전운전불이행,맑음,2018-06-12_16시,ID_5706
2019,여,63세,자전거,상해없음,여,47세,보행자,경상,차대사람 - 횡단중,신호위반,맑음,2019-02-28_19시,ID_6233
2020,남,68세,승용차,기타불명,여,51세,자전거,경상,차대차 - 추돌,안전운전불이행,맑음,2020-02-26_21시,ID_6895
2017,여,48세,승용차,상해없음,남,45세,자전거,경상,차대차 - 측면충돌,안전운전불이행,비,2017-08-16_22시,ID_3982
2016,남,53세,승용차,상해없음,남,56세,자전거,경상,차대차 - 측면직각충돌,안전운전불이행,맑음,2016-04-04_7시,ID_2235
2020,남,9세,자전거,경상,여,51세,자전거,경상,차대차 - 측면충돌,안전운전불이행,맑음,2020-06-28_6시,ID_7138
2015,남,61세,승용차,상해없음,여,61세,자전거,경상,차대차 - 추돌 - 진행중,안전운전불이행,비,2015-08-28_16시,ID_93
2018,남,59세,화물차,상해없음,여,54세,자전거,중상,차대차 - 측면충돌,안전운전불이행,맑음,2018-10-24_9시,ID_5388
2016,남,25세,승용차,상해없음,남,65세,자전거,경상,차대차 - 측면직각충돌,안전운전불이행,맑음,2016-11-21_17시,ID_2769
2015,남,50세,승용차,상해없음,남,26세,자전거,경상,차대차 - 측면직각충돌,기타,맑음,2015-05-24_1시,ID_50
2015,남,27세,승용차,상해없음,남,52세,자전거,경상,차대차 - 추돌 - 진행중,안전거리미확보,맑음,2015-02-18_14시,ID_103
2017,여,39세,승용차,상해없음,여,75세,자전거,중상,차대차 - 측면충돌,안전운전불이행,맑음,2017-12-22_9시,ID_4809
2016,남,63세,승용차,상해없음,남,24세,자전거,중상,차대차 - 측면직각충돌,신호위반,맑음,2016-10-09_15시,ID_3567
2015,여,48세,자전거,상해없음,여,58세,보행자,경상,차대사람 - 보도통행중,기타,맑음,2015-04-17_8시,ID_947
2017,남,17세,자전거,기타불명,여,42세,보행자,경상,차대사람 - 기타,안전운전불이행,맑음,2017-06-05_8시,ID_4261
2019,여,50세,승용차,상해없음,남,32세,자전거,경상,차대차 - 측면충돌,신호위반,맑음,2019-08-12_18시,ID_5882
2015,남,42세,자전거,상해없음,여,60세,자전거,경상,차대차 - 정면충돌,안전운전불이행,맑음,2015-11-20_20시,ID_1405
2015,남,53세,승용차,상해없음,여,49세,자전거,중상,차대차 - 기타,신호위반,비,2015-07-19_5시,ID_517
2019,남,30세,승용차,상해없음,남,65세,자전거,중상,차대차 - 측면충돌,안전운전불이행,맑음,2019-11-22_10시,ID_6275
2015,남,62세,자전거,상해없음,여,39세,보행자,경상,차대사람 - 보도통행중,안전운전불이행,맑음,2015-08-14_19시,ID_1555
2016,남,52세,자전거,상해없음,남,24세,자전거,경상,차대차 - 측면직각충돌,안전운전불이행,맑음,2016-09-20_22시,ID_2459
2015,여,46세,승용차,상해없음,남,30세,자전거,경상,차대차 - 기타,안전운전불이행,맑음,2015-12-31_16시,ID_1610
2017,남,60세,승용차,상해없음,남,80세,자전거,중상,차대차 - 측면충돌,안전운전불이행,맑음,2017-08-05_8시,ID_4356
2019,여,20세,자전거,경상,남,54세,자전거,중상,차대차 - 기타,안전운전불이행,맑음,2019-09-27_21시,ID_6029
2018,남,57세,승용차,상해없음,남,57세,자전거,경상,차대차 - 기타,기타,맑음,2018-10-16_18시,ID_5199
2018,남,57세,자전거,기타불명,여,95세,보행자,경상,차대사람 - 보도통행중,기타,맑음,2018-08-01_16시,ID_5703
2015,남,27세,승용차,상해없음,남,23세,자전거,중상,차대차 - 추돌 - 진행중,안전운전불이행,맑음,2015-06-13_19시,ID_1074
2016,남,39세,이륜차,상해없음,남,82세,자전거,중상,차대차 - 기타,신호위반,맑음,2016-12-08_16시,ID_3232
2015,남,76세,자전거,경상,남,74세,자전거,경상,차대차 - 기타,안전운전불이행,맑음,2015-03-26_12시,ID_484
2017,여,39세,승용차,상해없음,남,62세,자전거,중상,차대차 - 정면충돌,안전운전불이행,맑음,2017-04-15_9시,ID_4600
2018,남,59세,이륜차,상해없음,남,74세,자전거,경상,차대차 - 기타,교차로통행방법위반,맑음,2018-08-03_13시,ID_5427
2015,여,41세,승용차,기타불명,남,68세,자전거,경상,차대차 - 정면충돌,신호위반,흐림,2015-12-02_21시,ID_1952
2015,남,44세,승합차,상해없음,여,29세,자전거,중상,차대차 - 기타,안전운전불이행,맑음,2015-04-25_12시,ID_829
2018,남,49세,승용차,상해없음,남,74세,자전거,중상,차대차 - 기타,신호위반,맑음,2018-06-06_5시,ID_5182
2018,여,47세,승용차,상해없음,남,12세,자전거,경상,차대차 - 측면충돌,안전운전불이행,맑음,2018-04-09_18시,ID_5288
2016,남,15세,자전거,상해없음,남,62세,보행자,경상,차대사람 - 횡단중,신호위반,맑음,2016-06-01_22시,ID_2585
2015,남,39세,화물차,상해없음,남,40세,자전거,경상,차대차 - 기타,안전운전불이행,맑음,2015-05-25_21시,ID_743
2020,여,25세,자전거,경상,여,31세,자전거,경상,차대차 - 기타,안전운전불이행,맑음,2020-05-25_22시,ID_7074
2020,여,38세,승용차,상해없음,남,8세,자전거,경상,차대차 - 기타,안전운전불이행,맑음,2020-05-02_4시,ID_7710
2018,남,38세,승용차,상해없음,남,80세,자전거,경상,차대차 - 측면충돌,안전운전불이행,맑음,2018-06-22_6시,ID_4903
2018,남,48세,승용차,상해없음,남,23세,자전거,경상,차대차 - 기타,교차로통행방법위반,맑음,2018-05-09_3시,ID_5717
2019,여,24세,자전거,경상,여,13세,자전거,경상,차대차 - 기타,안전운전불이행,맑음,2019-08-26_20시,ID_6361
2018,여,53세,승합차,상해없음,남,64세,자전거,경상,차대차 - 측면충돌,교차로통행방법위반,맑음,2018-08-08_6시,ID_5115
2016,여,64세,승용차,상해없음,남,72세,자전거,중상,차대차 - 정면충돌,안전운전불이행,맑음,2016-10-24_5시,ID_3308
2018,남,18세,자전거,상해없음,여,17세,보행자,경상,차대사람 - 횡단중,안전운전불이행,흐림,2018-04-08_14시,ID_5039
2016,여,55세,승용차,상해없음,남,82세,자전거,경상,차대차 - 측면직각충돌,안전운전불이행,맑음,2016-11-04_9시,ID_2641
2020,남,43세,화물차,상해없음,남,55세,자전거,경상,차대차 - 기타,안전운전불이행,맑음,2020-05-08_19시,ID_7015
2016,남,45세,특수차,상해없음,남,76세,자전거,중상,차대차 - 측면직각충돌,안전운전불이행,맑음,2016-08-05_4시,ID_3424
2018,남,35세,화물차,상해없음,남,73세,자전거,경상,차대차 - 추돌,안전운전불이행,맑음,2018-06-16_16시,ID_5360
2019,남,57세,승용차,상해없음,남,81세,자전거,중상,차대차 - 정면충돌,안전운전불이행,맑음,2019-07-03_8시,ID_6316
2015,남,39세,승용차,상해없음,여,54세,자전거,중상,차대차 - 측면직각충돌,안전운전불이행,맑음,2015-10-31_9시,ID_1174
2015,남,52세,승용차,상해없음,여,57세,자전거,경상,차대차 - 기타,안전운전불이행,맑음,2015-03-28_22시,ID_1309
2015,남,70세,승합차,상해없음,남,8세,자전거,경상,차대차 - 기타,안전운전불이행,맑음,2015-11-11_16시,ID_1658
2019,남,40세,화물차,상해없음,여,54세,자전거,경상,차대차 - 기타,안전운전불이행,비,2019-07-31_23시,ID_6628
2015,남,71세,승용차,상해없음,여,56세,자전거,중상,차대차 - 기타,안전운전불이행,맑음,2015-10-23_13시,ID_73
2015,남,42세,승용차,상해없음,남,52세,자전거,경상,차대차 - 측면직각충돌,신호위반,맑음,2015-01-17_6시,ID_1887
2018,남,67세,승용차,상해없음,남,79세,자전거,경상,차대차 - 측면충돌,보행자보호위반,맑음,2018-04-26_13시,ID_5746
2015,남,48세,승용차,상해없음,남,35세,자전거,중상,차대차 - 측면직각충돌,안전운전불이행,맑음,2015-09-16_18시,ID_234
2016,여,51세,승용차,상해없음,여,22세,자전거,경상,차대차 - 기타,안전운전불이행,맑음,2016-05-07_11시,ID_3000
2016,남,39세,승용차,상해없음,남,83세,자전거,경상,차대차 - 기타,안전운전불이행,맑음,2016-11-29_17시,ID_2990
2016,여,42세,승용차,상해없음,남,23세,자전거,중상,차대차 - 측면직각충돌,안전운전불이행,맑음,2016-12-15_9시,ID_2948
2017,남,55세,승합차,상해없음,남,56세,자전거,경상,차대차 - 정면충돌,안전거리미확보,맑음,2017-05-31_20시,ID_3669
2020,남,66세,승용차,상해없음,남,27세,자전거,경상,차대차 - 측면충돌,안전운전불이행,맑음,2020-09-29_19시,ID_7712
2016,남,61세,자전거,상해없음,여,67세,보행자,중상,차대사람 - 보도통행중,안전운전불이행,비,2016-06-08_7시,ID_2798
2020,남,73세,승용차,상해없음,남,61세,자전거,경상,차대차 - 측면충돌,신호위반,맑음,2020-10-26_5시,ID_7071
2019,남,23세,승용차,상해없음,남,59세,자전거,중상,차대차 - 후진중충돌,안전운전불이행,맑음,2019-07-13_21시,ID_6431
2016,남,12세,자전거,기타불명,여,67세,보행자,경상,차대사람 - 보도통행중,안전운전불이행,맑음,2016-03-17_8시,ID_2344
2020,남,54세,자전거,상해없음,여,70세,보행자,중상,차대사람 - 기타,안전운전불이행,맑음,2020-08-26_17시,ID_7253
2020,남,59세,승용차,상해없음,여,59세,자전거,경상,차대차 - 측면충돌,신호위반,맑음,2020-09-07_22시,ID_7690
2016,남,61세,승용차,상해없음,남,9세,자전거,중상,차대차 - 측면직각충돌,안전운전불이행,맑음,2016-10-08_16시,ID_2854
2018,남,66세,화물차,상해없음,여,64세,자전거,중상,차대차 - 측면충돌,안전운전불이행,맑음,2018-09-28_12시,ID_5721
2015,여,38세,승용차,상해없음,남,26세,자전거,경상,차대차 - 기타,안전운전불이행,맑음,2015-10-21_14시,ID_1155
2020,남,33세,화물차,상해없음,남,78세,자전거,중상,차대차 - 기타,안전거리미확보,맑음,2020-04-02_8시,ID_6891
2020,남,41세,승용차,상해없음,남,26세,자전거,경상,차대차 - 측면충돌,신호위반,맑음,2020-02-10_22시,ID_7649
2017,남,34세,승용차,상해없음,남,67세,자전거,경상,차대차 - 측면충돌,안전운전불이행,맑음,2017-04-10_22시,ID_4696
2018,남,59세,자전거,경상,여,61세,보행자,중상,차대사람 - 길가장자리구역통행중,안전운전불이행,맑음,2018-02-20_17시,ID_5749
2015,남,59세,승용차,상해없음,남,61세,자전거,중상,차대차 - 기타,안전운전불이행,맑음,2015-07-24_20시,ID_721
2015,여,39세,승용차,상해없음,남,66세,자전거,경상,차대차 - 측면직각충돌,안전운전불이행,비,2015-11-18_6시,ID_1899
2015,남,63세,승용차,상해없음,남,35세,자전거,경상,차대차 - 기타,기타,맑음,2015-09-29_15시,ID_329
2019,남,60세,이륜차,상해없음,남,18세,자전거,중상,차대차 - 기타,중앙선침범,맑음,2019-07-04_23시,ID_5996
2015,남,31세,승합차,상해없음,여,70세,자전거,경상,차대차 - 측면직각충돌,중앙선침범,맑음,2015-03-28_12시,ID_1553
2018,남,36세,이륜차,상해없음,남,24세,자전거,경상,차대차 - 기타,안전운전불이행,맑음,2018-07-23_11시,ID_5579
2019,남,68세,승용차,상해없음,남,81세,자전거,중상,차대차 - 기타,신호위반,흐림,2019-11-11_7시,ID_6596
2015,남,52세,이륜차,상해없음,남,47세,자전거,중상,차대차 - 측면직각충돌,신호위반,맑음,2015-03-21_8시,ID_13
2015,남,40세,승용차,상해없음,남,13세,자전거,경상,차대차 - 기타,신호위반,맑음,2015-08-25_21시,ID_1623
2017,남,39세,승용차,상해없음,남,70세,자전거,경상,차대차 - 측면충돌,안전운전불이행,맑음,2017-08-02_11시,ID_4146
2016,여,57세,승용차,상해없음,남,28세,자전거,중상,차대차 - 측면직각충돌,안전운전불이행,맑음,2016-03-16_8시,ID_2821
2019,남,66세,자전거,상해없음,여,28세,보행자,경상,차대사람 - 보도통행중,기타,맑음,2019-11-04_16시,ID_6049
2019,남,41세,승용차,상해없음,남,74세,자전거,중상,차대차 - 측면충돌,안전운전불이행,맑음,2019-01-07_7시,ID_6192
2016,남,40세,승용차,상해없음,남,63세,자전거,중상,차대차 - 측면직각충돌,신호위반,맑음,2016-01-10_2시,ID_3070
2019,남,51세,화물차,상해없음,남,69세,자전거,중상,차대차 - 기타,신호위반,맑음,2019-07-23_12시,ID_6517
2016,남,54세,화물차,기타불명,남,52세,자전거,경상,차대차 - 측면직각충돌,안전운전불이행,맑음,2016-07-14_14시,ID_2489
2016,여,35세,승용차,상해없음,남,57세,자전거,중상,차대차 - 기타,안전운전불이행,맑음,2016-07-02_16시,ID_2486
2015,남,52세,승용차,상해없음,남,14세,자전거,경상,차대차 - 정면충돌,안전운전불이행,맑음,2015-11-23_8시,ID_1205