사고년도,가해자성별,가해자연령,가해차종,가해자신체상해정도,피해자성별,피해자연령,피해차종,피해자신체상해정도,사고유형,가해자법규위반,기상상태,시각,사건번호
2015,남,45세,화물차,상해없음,여,73세,자전거,경상,차대차 - 측면직각충돌,안전운전불이행,맑음,2015-10-26_14시,ID_1014
2015,남,51세,승용차,상해없음,여,22세,자전거,경상,차대차 - 측면직각충돌,안전운전불이행,맑음,2015-04-18_8시,ID_1776
2015,남,22세,승용차,상해없음,남,30세,자전거,중상,차대차 - 정면충돌,신호위반,맑음,2015-11-22_23시,ID_1738
2018,남,45세,이륜차,상해없음,남,64세,자전거,경상,차대차 - 기타,기타,비,2018-04-08_18시,ID_4882
2020,남,68세,화물차,상해없음,남,37세,자전거,경상,차대차 - 측면충돌,안전운전불이행,맑음,2020-10-29_8시,ID_7386
2016,남,55세,승용차,상해없음,남,14세,자전거,경상,차대차 - 측면직각충돌,안전거리미확보,맑음,2016-06-06_17시,ID_2741
2015,남,35세,원동기장치자전거,기타불명,남,23세,자전거,경상,차대차 - 정면충돌,중앙선침범,맑음,2015-11-30_11시,ID_115
2017,남,61세,승용차,상해없음,남,11세,자전거,경상,차대차 - 추돌,안전운전불이행,맑음,2017-01-09_15시,ID_3634
2017,남,52세,승용차,상해없음,남,10세,자전거,중상,차대차 - 측면충돌,신호위반,맑음,2017-03-19_9시,ID_4598
2017,남,53세,승용차,상해없음,여,59세,자전거,경상,차대차 - 측면충돌,안전운전불이행,맑음,2017-09-14_15시,ID_4217
2015,남,58세,승용차,상해없음,남,28세,자전거,경상,차대차 - 기타,신호위반,맑음,2015-08-28_5시,ID_353
2016,남,73세,승합차,상해없음,남,17세,자전거,경상,차대차 - 기타,안전운전불이행,맑음,2016-04-28_18시,ID_3299
2015,여,46세,자전거,상해없음,남,68세,자전거,중상,차대차 - 측면직각충돌,안전운전불이행,맑음,2015-05-01_16시,ID_776
2018,남,52세,승용차,상해없음,여,62세,자전거,경상,차대차 - 측면충돌,안전운전불이행,맑음,2018-01-02_21시,ID_5127
2018,남,75세,승용차,상해없음,남,31세,자전거,경상,차대차 - 측면충돌,신호위반,맑음,2018-12-11_17시,ID_5580
2015,남,45세,승용차,상해없음,남,36세,자전거,중상,차대차 - 기타,신호위반,맑음,2015-02-19_13시,ID_1494
2016,여,55세,승용차,상해없음,남,23세,자전거,중상,차대차 - 측면직각충돌,교차로운행방법위반,맑음,2016-06-08_11시,ID_3540
2019,남,44세,자전거,경상,남,55세,자전거,경상,차대차 - 측면충돌,안전운전불이행,맑음,2019-10-01_18시,ID_6030
2019,남,45세,화물차,상해없음,남,25세,자전거,중상,차대차 - 측면충돌,안전운전불이행,맑음,2019-10-18_6시,ID_6208
2019,남,37세,승용차,상해없음,여,66세,자전거,경상,차대차 - 측면충돌,안전운전불이행,비,2019-09-06_22시,ID_6509
2017,남,18세,자전거,상해없음,여,57세,보행자,경상,차대사람 - 기타,안전운전불이행,맑음,2017-10-06_20시,ID_3839
2015,남,75세,승용차,상해없음,남,75세,자전거,경상,차대차 - 측면직각충돌,신호위반,맑음,2015-03-09_10시,ID_1639
2019,여,51세,승용차,상해없음,여,42세,자전거,경상,차대차 - 측면충돌,안전운전불이행,맑음,2019-05-21_10시,ID_6145
2015,남,57세,화물차,상해없음,남,63세,자전거,중상,차대차 - 측면직각충돌,신호위반,비,2015-11-07_20시,ID_1530
2017,남,49세,승용차,상해없음,남,68세,자전거,중상,차대차 - 측면충돌,직진우회전진행방해,맑음,2017-07-12_7시,ID_4693
2015,남,66세,승용차,상해없음,남,22세,자전거,경상,차대차 - 측면직각충돌,안전운전불이행,맑음,2015-01-14_16시,ID_1650
2015,남,45세,승용차,상해없음,남,77세,자전거,중상,차대차 - 기타,안전운전불이행,맑음,2015-03-14_12시,ID_752
2019,남,51세,승용차,상해없음,여,49세,자전거,중상,차대차 - 측면충돌,안전운전불이행,맑음,2019-11-07_7시,ID_5784
2015,남,33세,승용차,상해없음,남,49세,자전거,경상,차대차 - 기타,안전운전불이행,맑음,2015-05-30_0시,ID_1885
2020,남,59세,화물차,상해없음,남,82세,자전거,경상,차대차 - 측면충돌,안전운전불이행,맑음,2020-09-26_11시,ID_6923
2018,남,58세,승용차,상해없음,남,37세,자전거,경상,차대차 - 기타,안전운전불이행,맑음,2018-09-18_15시,ID_5375
2016,남,49세,승용차,상해없음,여,19세,자전거,중상,차대차 - 측면직각충돌,교차로운행방법위반,흐림,2016-10-31_19시,ID_2603
2018,남,9세,자전거,경상,남,34세,승용차,경상,차대차 - 측면충돌,기타,맑음,2018-11-28_16시,ID_5458
2019,남,62세,승용차,상해없음,남,10세,자전거,중상,차대차 - 기타,안전운전불이행,비,2019-06-06_16시,ID_6695
2016,남,36세,승용차,상해없음,남,52세,자전거,중상,차대차 - 측면직각충돌,신호위반,맑음,2016-10-14_13시,ID_3100
2017,남,58세,승용차,상해없음,남,60세,자전거,중상,차대차 - 측면충돌,기타,맑음,2017-03-10_20시,ID_4120
2015,남,74세,승용차,상해없음,남,35세,자전거,중상,차대차 - 기타,기타,맑음,2015-07-04_9시,ID_275
2020,남,19세,이륜차,상해없음,남,38세,자전거,경상,차대차 - 정면충돌,중앙선침범,맑음,2020-10-22_19시,ID_7054
2016,남,60세,승용차,상해없음,남,61세,자전거,경상,차대차 - 측면직각충돌,기타,맑음,2016-10-14_11시,ID_2240
2016,남,65세,승용차,상해없음,남,45세,자전거,중상,차대차 - 기타,안전거리미확보,맑음,2016-06-10_18시,ID_2112
2017,여,47세,승용차,상해없음,남,74세,자전거,경상,차대차 - 측면충돌,안전운전불이행,맑음,2017-10-25_19시,ID_4590
2017,남,16세,자전거,상해없음,여,86세,보행자,중상,차대사람 - 기타,안전운전불이행,맑음,2017-04-10_7시,ID_3766
2015,남,55세,승용차,상해없음,남,82세,자전거,경상,차대차 - 측면직각충돌,교차로운행방법위반,비,2015-04-20_10시,ID_983
2015,여,52세,승용차,상해없음,남,13세,자전거,경상,차대차 - 측면직각충돌,안전운전불이행,맑음,2015-03-24_7시,ID_1861
2019,남,59세,자전거,상해없음,남,67세,보행자,경상,차대사람 - 횡단중,신호위반,맑음,2019-11-20_13시,ID_6671
2019,남,59세,화물차,상해없음,여,48세,자전거,경상,차대차 - 기타,안전운전불이행,맑음,2019-06-05_15시,ID_5877
2020,남,42세,이륜차,상해없음,남,47세,자전거,경상,차대차 - 측면충돌,안전운전불이행,맑음,2020-09-22_12시,ID_7102
2017,남,57세,화물차,상해없음,남,58세,자전거,경상,차대차 - 측면충돌,신호위반,맑음,2017-06-17_6시,ID_3868
2018,남,58세,건설기계,상해없음,남,67세,자전거,중상,차대차 - 측면충돌,안전운전불이행,맑음,2018-06-20_16시,ID_5107
2019,여,65세,승용차,상해없음,남,63세,자전거,경상,차대차 - 기타,신호위반,맑음,2019-10-31_21시,ID_6548
2019,여,56세,승용차,부상신고,여,36세,자전거,중상,차대차 - 측면충돌,안전운전불이행,흐림,2019-07-10_9시,ID_6083
2016,남,47세,승용차,상해없음,여,25세,자전거,경상,차대차 - 기타,직진우회전진행방해,맑음,2016-08-04_19시,ID_2285
2016,남,72세,승합차,상해없음,여,9세,자전거,중상,차대차 - 측면직각충돌,안전운전불이행,맑음,2016-06-29_17시,ID_2758
2019,남,41세,화물차,상해없음,남,89세,자전거,중상,차대차 - 측면충돌,기타,맑음,2019-07-03_10시,ID_6694
2020,남,53세,건설기계,상해없음,남,79세,자전거,중상,차대차 - 측면충돌,신호위반,맑음,2020-11-07_16시,ID_6926
2016,남,68세,자전거,상해없음,여,26세,자전거,중상,차대차 - 측면직각충돌,안전운전불이행,맑음,2016-03-31_15시,ID_2370
2015,여,50세,승용차,상해없음,여,57세,자전거,경상,차대차 - 측면직각충돌,안전운전불이행,맑음,2015-07-23_13시,ID_225
2020,남,53세,승용차,상해없음,남,45세,자전거,경상,차대차 - 기타,안전운전불이행,맑음,2020-11-14_14시,ID_7305
2018,남,40세,자전거,상해없음,남,53세,보행자,중상,차대사람 - 횡단중,안전운전불이행,맑음,2018-05-26_17시,ID_5419
2018,남,72세,화물차,상해없음,남,61세,자전거,중상,차대차 - 기타,안전운전불이행,맑음,2018-08-14_12시,ID_5762
2020,여,45세,승용차,상해없음,남,6세,자전거,경상,차대차 - 측면충돌,신호위반,맑음,2020-05-07_14시,ID_7449
2020,남,59세,승용차,상해없음,남,80세,자전거,중상,차대차 - 측면충돌,안전운전불이행,맑음,2020-03-11_9시,ID_7271
2020,남,16세,자전거,상해없음,여,39세,보행자,경상,차대사람 - 보도통행중,안전운전불이행,맑음,2020-02-20_19시,ID_7486
2020,남,49세,승용차,상해없음,여,67세,자전거,경상,차대차 - 기타,기타,맑음,2020-11-16_10시,ID_7753
2015,남,47세,승용차,상해없음,남,16세,자전거,중상,차대차 - 기타,기타,맑음,2015-06-18_16시,ID_117
2017,남,13세,자전거,경상,여,73세,보행자,중상,차대사람 - 보도통행중,신호위반,맑음,2017-12-29_16시,ID_3814
2016,남,56세,승용차,상해없음,남,17세,자전거,경상,차대차 - 측면직각충돌,신호위반,맑음,2016-01-02_15시,ID_3074
2017,남,32세,승용차,기타불명,남,15세,자전거,경상,차대차 - 측면충돌,신호위반,맑음,2017-03-08_22시,ID_4492
2020,여,39세,승용차,상해없음,남,44세,자전거,경상,차대차 - 측면충돌,신호위반,맑음,2020-07-04_13시,ID_7196
2015,남,55세,승용차,상해없음,남,78세,자전거,중상,차대차 - 측면직각충돌,안전운전불이행,맑음,2015-01-11_14시,ID_1034
2015,남,28세,승용차,상해없음,남,21세,자전거,경상,차대차 - 기타,중앙선침범,맑음,2015-09-07_8시,ID_1783
2017,남,36세,자전거,상해없음,남,69세,자전거,중상,차대차 - 정면충돌,안전운전불이행,맑음,2017-05-15_16시,ID_3841
2016,남,22세,화물차,상해없음,남,70세,자전거,중상,차대차 - 측면직각충돌,안전운전불이행,맑음,2016-01-16_17시,ID_2809
2019,여,53세,승용차,상해없음,남,84세,자전거,경상,차대차 - 기타,안전운전불이행,맑음,2019-05-28_12시,ID_6259
2020,남,59세,화물차,상해없음,남,66세,자전거,경상,차대차 - 측면충돌,안전운전불이행,맑음,2020-10-08_14시,ID_7028
2016,여,39세,승용차,상해없음,남,11세,자전거,경상,차대차 - 측면직각충돌,안전운전불이행,맑음,2016-06-16_17시,ID_3026
2019,남,41세,화물차,상해없음,남,68세,자전거,중상,차대차 - 측면충돌,안전운전불이행,맑음,2019-11-03_13시,ID_6273
2019,여,54세,승용차,상해없음,남,58세,자전거,중상,차대차 - 기타,안전운전불이행,맑음,2019-01-02_18시,ID_6258
2015,남,42세,자전거,상해없음,남,38세,원동기장치자전거,경상,차대차 - 기타,신호위반,맑음,2015-08-28_13시,ID_1920
2020,남,52세,승용차,상해없음,남,32세,자전거,중상,차대차 - 추돌,안전운전불이행,맑음,2020-02-05_0시,ID_7011
2015,남,60세,승용차,상해없음,여,46세,자전거,경상,차대차 - 기타,안전운전불이행,흐림,2015-04-02_15시,ID_1963
2016,남,48세,화물차,상해없음,여,55세,자전거,경상,차대차 - 정면충돌,안전운전불이행,맑음,2016-06-02_16시,ID_3456
2017,남,61세,승용차,상해없음,남,75세,자전거,중상,차대차 - 기타,불법유턴,맑음,2017-01-10_14시,ID_3997
2015,남,46세,승용차,상해없음,남,20세,자전거,경상,차대차 - 측면직각충돌,안전운전불이행,맑음,2015-03-01_21시,ID_282
2015,여,35세,승용차,상해없음,여,42세,자전거,중상,차대차 - 측면직각충돌,안전운전불이행,맑음,2015-11-04_9시,ID_1071
2016,남,53세,승용차,상해없음,남,15세,자전거,경상,차대차 - 기타,안전운전불이행,맑음,2016-10-16_22시,ID_2234
2017,남,50세,원동기장치자전거,상해없음,남,14세,자전거,경상,차대차 - 측면충돌,안전운전불이행,맑음,2017-01-10_13시,ID_4476
2016,남,47세,화물차,상해없음,남,71세,자전거,경상,차대차 - 측면직각충돌,안전운전불이행,맑음,2016-09-24_6시,ID_2705
2016,남,35세,승용차,상해없음,여,25세,자전거,경상,차대차 - 측면직각충돌,안전운전불이행,맑음,2016-06-13_9시,ID_3079
2015,여,41세,승용차,상해없음,남,62세,자전거,경상,차대차 - 기타,안전운전불이행,맑음,2015-02-12_20시,ID_364
2017,남,30세,승용차,상해없음,여,67세,자전거,경상,차대차 - 기타,안전운전불이행,맑음,2017-07-22_15시,ID_4269
2017,남,13세,자전거,상해없음,남,37세,이륜차,경상,차대차 - 측면충돌,신호위반,맑음,2017-07-29_19시,ID_4497
2019,남,44세,승용차,상해없음,여,57세,자전거,경상,차대차 - 후진중충돌,안전운전불이행,맑음,2019-03-08_6시,ID_6702
2017,남,68세,승용차,상해없음,여,54세,자전거,중상,차대차 - 기타,안전운전불이행,맑음,2017-07-13_9시,ID_3988
2016,남,31세,승용차,상해없음,여,53세,자전거,중상,차대차 - 추돌 - 진행중,신호위반,맑음,2016-02-03_9시,ID_2104
2017,여,36세,승용차,상해없음,여,63세,자전거,중상,차대차 - 측면충돌,안전운전불이행,맑음,2017-11-09_8시,ID_4290
2020,남,70세,승합차,상해없음,남,63세,자전거,경상,차대차 - 기타,안전운전불이행,맑음,2020-04-28_14시,ID_6941
2017,남,51세,승합차,상해없음,남,46세,자전거,경상,차대차 - 측면충돌,안전운전불이행,맑음,2017-09-22_8시,ID_4802
2020,남,60세,승용차,상해없음,여,64세,자전거,경상,차대차 - 기타,안전운전불이행,맑음,2020-04-21_14시,ID_7272
2017,남,60세,이륜차,상해없음,남,33세,자전거,중상,차대차 - 기타,중앙선침범,맑음,2017-05-24_18시,ID_4411
2019,남,55세,화물차,상해없음,남,73세,자전거,중상,차대차 - 측면충돌,안전운전불이행,맑음,2019-02-07_10시,ID_6425
2017,남,56세,승용차,상해없음,여,65세,자전거,중상,차대차 - 측면충돌,안전운전불이행,맑음,2017-04-21_12시,ID_4063
2015,여,54세,승용차,상해없음,남,54세,자전거,중상,차대차 - 추돌 - 진행중,안전운전불이행,맑음,2015-11-04_3시,ID_1784
2018,여,25세,승용차,상해없음,남,71세,자전거,경상,차대차 - 기타,안전운전불이행,맑음,2018-10-12_16시,ID_5221
2016,남,49세,승용차,상해없음,여,53세,자전거,중상,차대차 - 측면직각충돌,안전운전불이행,맑음,2016-11-01_21시,ID_2467
2017,남,35세,승용차,상해없음,남,86세,자전거,중상,차대차 - 측면충돌,안전운전불이행,맑음,2017-08-02_13시,ID_4020
2015,남,55세,승용차,상해없음,남,53세,자전거,경상,차대차 - 측면직각충돌,불법유턴,맑음,2015-09-06_19시,ID_1407
2016,여,34세,승용차,상해없음,여,44세,자전거,경상,차대차 - 기타,안전운전불이행,맑음,2016-07-06_19시,ID_3241
2020,여,40세,자전거,상해없음,여,65세,보행자,중상,차대사람 - 기타,안전운전불이행,맑음,2020-10-12_11시,ID_7312
2016,남,67세,승용차,상해없음,남,61세,자전거,경상,차대차 - 측면직각충돌,안전운전불이행,맑음,2016-05-30_8시,ID_3439
2019,남,53세,승용차,상해없음,남,20세,자전거,중상,차대차 - 기타,안전운전불이행,맑음,2019-03-01_12시,ID_5923
2020,남,69세,승용차,상해없음,여,56세,자전거,경상,차대차 - 기타,신호위반,맑음,2020-09-25_9시,ID_7450
2017,여,42세,승용차,상해없음,남,54세,자전거,중상,차대차 - 측면충돌,안전운전불이행,맑음,2017-07-19_8시,ID_4343
2016,남,72세,승용차,상해없음,남,45세,자전거,경상,차대차 - 측면직각충돌,안전운전불이행,맑음,2016-11-08_8시,ID_2149
2015,남,47세,승용차,상해없음,남,57세,자전거,중상,차대차 - 측면직각충돌,안전운전불이행,맑음,2015-04-28_5시,ID_283
2015,남,46세,승용차,상해없음,남,58세,자전거,경상,차대차 - 추돌 - 진행중,안전운전불이행,맑음,2015-05-06_10시,ID_249
2020,여,51세,승용차,경상,남,55세,자전거,중상,차대차 - 측면충돌,신호위반,맑음,2020-05-04_6시,ID_6925
2017,여,37세,승용차,상해없음,남,7세,자전거,경상,차대차 - 측면충돌,안전운전불이행,맑음,2017-05-20_12시,ID_4035
2019,남,60세,승용차,상해없음,여,27세,자전거,경상,차대차 - 기타,신호위반,맑음,2019-10-22_23시,ID_6401
2016,여,51세,승용차,기타불명,남,13세,자전거,중상,차대차 - 측면직각충돌,안전운전불이행,맑음,2016-05-26_19시,ID_2345
2016,남,17세,자전거,상해없음,남,52세,보행자,경상,차대사람 - 횡단중,기타,맑음,2016-09-21_19시,ID_2612
2019,남,57세,승용차,상해없음,남,82세,자전거,경상,차대차 - 기타,신호위반,맑음,2019-07-01_17시,ID_6375
2017,남,69세,승용차,상해없음,여,58세,자전거,중상,차대차 - 측면충돌,안전운전불이행,맑음,2017-11-05_8시,ID_3915
2020,여,35세,승용차,상해없음,남,50세,자전거,경상,차대차 - 기타,안전운전불이행,맑음,2020-02-21_14시,ID_7004
2018,남,45세,화물차,상해없음,남,79세,자전거,중상,차대차 - 측면충돌,기타,맑음,2018-03-31_10시,ID_5167
2020,남,35세,승용차,상해없음,여,78세,자전거,중상,차대차 - 측면충돌,안전운전불이행,맑음,2020-04-13_11시,ID_7163
2017,남,47세,이륜차,상해없음,남,9세,자전거,경상,차대차 - 측면충돌,신호위반,맑음,2017-05-20_15시,ID_4728
2018,남,32세,승용차,상해없음,남,40세,자전거,중상,차대차 - 측면충돌,안전운전불이행,맑음,2018-01-24_16시,ID_5088
2017,남,51세,승용차,상해없음,남,80세,자전거,중상,차대차 - 측면충돌,안전운전불이행,맑음,2017-09-13_8시,ID_3905
2015,남,17세,자전거,부상신고,여,38세,승용차,중상,차대차 - 기타,신호위반,맑음,2015-05-20_17시,ID_80
2017,남,60세,승용차,상해없음,남,60세,자전거,중상,차대차 - 기타,안전운전불이행,맑음,2017-07-08_9시,ID_4345
2015,여,69세,승용차,상해없음,남,75세,자전거,중상,차대차 - 기타,안전운전불이행,맑음,2015-12-13_7시,ID_2004
2020,남,53세,화물차,상해없음,남,66세,자전거,경상,차대차 - 기타,안전운전불이행,맑음,2020-05-04_10시,ID_7714
2016,남,41세,승용차,상해없음,남,19세,자전거,중상,차대차 - 추돌 - 진행중,안전운전불이행,맑음,2016-02-23_21시,ID_2626
2017,여,41세,승용차,상해없음,남,77세,자전거,중상,차대차 - 측면충돌,신호위반,맑음,2017-03-06_12시,ID_4249
2016,남,63세,승용차,상해없음,남,32세,자전거,중상,차대차 - 측면직각충돌,신호위반,맑음,2016-08-13_21시,ID_2715
2020,남,33세,승용차,상해없음,남,49세,자전거,경상,차대차 - 기타,교차로통행방법위반,맑음,2020-12-17_19시,ID_7323
2015,남,47세,승용차,상해없음,남,50세,자전거,중상,차대차 - 기타,안전운전불이행,맑음,2015-05-04_21시,ID_1811
2015,남,52세,승용차,상해없음,남,55세,자전거,경상,차대차 - 측면직각충돌,안전운전불이행,맑음,2015-09-04_20시,ID_43
2015,남,54세,승용차,상해없음,남,75세,자전거,경상,차대차 - 기타,안전운전불이행,맑음,2015-05-01_14시,ID_111
2015,여,28세,승용차,상해없음,남,29세,자전거,경상,차대차 - 측면직각충돌,기타,맑음,2015-08-08_23시,ID_754
2017,남,50세,승용차,상해없음,여,54세,자전거,경상,차대차 - 정면충돌,안전운전불이행,흐림,2017-04-17_13시,ID_4044
2018,여,39세,승용차,상해없음,남,57세,자전거,경상,차대차 - 측면충돌,신호위반,맑음,2018-04-13_18시,ID_5028
2015,남,34세,화물차,상해없음,남,70세,자전거,중상,차대차 - 기타,안전거리미확보,맑음,2015-02-24_14시,ID_1137
2020,남,24세,자전거,상해없음,남,59세,보행자,중상,차대사람 - 기타,안전운전불이행,맑음,2020-06-01_21시,ID_7399
2019,남,75세,승용차,상해없음,여,44세,자전거,경상,차대차 - 측면충돌,안전운전불이행,맑음,2019-01-08_20시,ID_6017
2016,여,44세,승용차,상해없음,남,66세,자전거,경상,차대차 - 기타,교차로운행방법위반,맑음,2016-02-26_13시,ID_2584
2020,남,38세,승용차,상해없음,여,63세,자전거,경상,차대차 - 측면충돌,안전운전불이행,맑음,2020-10-14_8시,ID_7350
2015,남,40세,승용차,상해없음,남,41세,자전거,중상,차대차 - 기타,안전운전불이행,맑음,2015-07-28_21시,ID_667
2016,남,55세,이륜차,상해없음,남,18세,자전거,경상,차대차 - 기타,신호위반,맑음,2016-10-20_1시,ID_3009
2020,남,43세,이륜차,상해없음,남,16세,자전거,경상,차대차 - 측면충돌,신호위반,맑음,2020-11-22_15시,ID_6985
2019,남,66세,화물차,상해없음,여,53세,자전거,경상,차대차 - 측면충돌,안전운전불이행,맑음,2019-10-31_17시,ID_6799
2018,여,30세,승용차,상해없음,여,26세,자전거,경상,차대차 - 기타,안전운전불이행,맑음,2018-04-20_19시,ID_5341
2016,여,48세,승용차,상해없음,여,33세,자전거,경상,차대차 - 측면직각충돌,안전운전불이행,맑음,2016-05-20_20시,ID_2824
2015,남,61세,승용차,상해없음,여,70세,자전거,경상,차대차 - 기타,안전운전불이행,맑음,2015-03-26_19시,ID_940
2020,남,54세,화물차,상해없음,남,56세,자전거,중상,차대차 - 기타,기타,맑음,2020-08-15_14시,ID_7786
2017,여,61세,승용차,상해없음,남,78세,자전거,경상,차대차 - 측면충돌,안전운전불이행,맑음,2017-03-17_11시,ID_4690
2015,남,59세,승용차,상해없음,남,14세,자전거,경상,차대차 - 측면직각충돌,기타,맑음,2015-10-17_10시,ID_800
2018,남,34세,승용차,상해없음,남,16세,자전거,중상,차대차 - 측면충돌,안전운전불이행,맑음,2018-06-27_19시,ID_5732
2015,여,24세,승용차,상해없음,남,77세,자전거,경상,차대차 - 기타,안전운전불이행,맑음,2015-05-27_17시,ID_1913
2016,남,67세,화물차,상해없음,남,74세,자전거,경상,차대차 - 측면직각충돌,안전운전불이행,맑음,2016-12-14_10시,ID_2703
2018,남,44세,승용차,상해없음,남,15세,자전거,경상,차대차 - 기타,안전운전불이행,맑음,2018-07-16_21시,ID_5129
2016,여,24세,승용차,상해없음,남,10세,자전거,중상,차대차 - 기타,신호위반,맑음,2016-05-22_16시,ID_2260
2019,여,60세,승용차,상해없음,남,57세,자전거,중상,차대차 - 측면충돌,신호위반,맑음,2019-08-21_20시,ID_6313
2017,남,54세,승용차,상해없음,남,80세,자전거,중상,차대차 - 측면충돌,직진우회전진행방해,맑음,2017-02-06_16시,ID_4330
2016,여,12세,자전거,상해없음,여,57세,보행자,중상,차대사람 - 기타,안전운전불이행,맑음,2016-04-09_14시,ID_2778
2016,남,51세,이륜차,상해없음,여,67세,자전거,중상,차대차 - 측면직각충돌,안전운전불이행,맑음,2016-02-27_15시,ID_3423
2015,여,24세,승용차,상해없음,남,73세,자전거,중상,차대차 - 측면직각충돌,안전운전불이행,맑음,2015-08-03_22시,ID_802
2018,남,27세,화물차,상해없음,남,71세,자전거,중상,차대차 - 측면충돌,신호위반,맑음,2018-06-05_14시,ID_5432
2016,남,69세,화물차,상해없음,남,62세,자전거,경상,차대차 - 측면직각충돌,교차로운행방법위반,맑음,2016-07-29_16시,ID_3051
2018,여,26세,승용차,상해없음,여,74세,자전거,중상,차대차 - 측면충돌,안전운전불이행,맑음,2018-03-11_15시,ID_5261
2020,남,63세,승용차,상해없음,여,68세,자전거,경상,차대차 - 기타,안전운전불이행,맑음,2020-05-12_12시,ID_7747
2017,남,58세,승용차,상해없음,남,12세,자전거,경상,차대차 - 측면충돌,안전운전불이행,맑음,2017-03-26_16시,ID_4768
2015,남,47세,승용차,상해없음,남,72세,자전거,중상,차대차 - 측면직각충돌,안전운전불이행,맑음,2015-12-13_5시,ID_481
2016,남,13세,자전거,상해없음,여,56세,보행자,경상,차대사람 - 횡단중,안전운전불이행,맑음,2016-06-08_10시,ID_2402
2016,남,56세,화물차,상해없음,남,31세,자전거,중상,차대차 - 기타,안전운전불이행,맑음,2016-10-28_7시,ID_3295
2018,남,57세,승용차,상해없음,남,72세,자전거,경상,차대차 - 측면충돌,안전운전불이행,맑음,2018-08-02_17시,ID_5292
2017,남,30세,승용차,상해없음,남,58세,자전거,경상,차대차 - 정면충돌,신호위반,맑음,2017-06-13_18시,ID_4414
2019,여,46세,승용차,상해없음,남,43세,자전거,중상,차대차 - 측면충돌,안전운전불이행,맑음,2019-08-14_13시,ID_6606
2016,남,65세,자전거,부상신고,남,26세,이륜차,경상,차대차 - 정면충돌,중앙선침범,맑음,2016-09-29_18시,ID_2177
2017,남,57세,화물차,상해없음,남,74세,자전거,중상,차대차 - 측면충돌,안전운전불이행,맑음,2017-08-24_17시,ID_3644
2015,여,38세,승용차,상해없음,남,72세,자전거,중상,차대차 - 기타,안전운전불이행,흐림,2015-02-08_10시,ID_1803
2015,여,56세,승용차,상해없음,남,18세,자전거,경상,차대차 - 기타,교차로운행방법위반,맑음,2015-09-10_18시,ID_853
2018,남,85세,승용차,상해없음,여,63세,자전거,경상,차대차 - 측면충돌,신호위반,맑음,2018-03-22_13시,ID_5213
2018,남,20세,이륜차,상해없음,남,26세,자전거,경상,차대차 - 기타,안전운전불이행,맑음,2018-09-10_8시,ID_4975
2018,여,58세,승용차,상해없음,여,59세,자전거,중상,차대차 - 기타,안전운전불이행,맑음,2018-08-31_7시,ID_4948
2016,여,65세,자전거,경상,여,55세,보행자,경상,차대사람 - 차도통행중,안전운전불이행,흐림,2016-08-28_17시,ID_3260
2016,남,73세,화물차,상해없음,남,41세,자전거,경상,차대차 - 측면직각충돌,안전운전불이행,맑음,2016-10-19_12시,ID_3507
2018,남,63세,승용차,상해없음,남,66세,자전거,경상,차대차 - 측면충돌,안전운전불이행,맑음,2018-10-16_10시,ID_5174
2019,남,44세,화물차,상해없음,남,76세,자전거,중상,차대차 - 기타,교차로통행방법위반,맑음,2019-10-08_18시,ID_6714
2016,남,38세,승용차,상해없음,남,34세,자전거,경상,차대차 - 측면직각충돌,직진우회전진행방해,맑음,2016-08-28_13시,ID_3302
2020,남,42세,승용차,상해없음,여,67세,자전거,중상,차대차 - 측면충돌,안전운전불이행,맑음,2020-10-28_14시,ID_7105
2017,여,49세,승용차,상해없음,여,8세,자전거,경상,차대차 - 측면충돌,안전운전불이행,맑음,2017-05-25_18시,ID_4671
2015,여,46세,자전거,상해없음,여,53세,보행자,중상,차대사람 - 횡단중,신호위반,맑음,2015-12-12_18시,ID_276
2016,남,63세,승용차,상해없음,남,77세,자전거,중상,차대차 - 측면직각충돌,안전운전불이행,맑음,2016-05-16_16시,ID_3407
2017,남,34세,화물차,상해없음,남,13세,자전거,중상,차대차 - 측면충돌,안전운전불이행,맑음,2017-09-28_13시,ID_4765
2017,남,52세,승용차,상해없음,남,24세,자전거,경상,차대차 - 기타,안전운전불이행,맑음,2017-05-03_17시,ID_3776
2016,남,31세,자전거,상해없음,여,60세,보행자,중상,차대사람 - 기타,기타,맑음,2016-08-22_15시,ID_2818
2018,남,14세,자전거,상해없음,남,23세,이륜차,경상,차대차 - 측면충돌,중앙선침범,맑음,2018-04-19_19시,ID_5479
2020,남,32세,승용차,상해없음,남,43세,자전거,경상,차대차 - 측면충돌,기타,맑음,2020-05-23_14시,ID_7205
2019,남,55세,승용차,상해없음,남,62세,자전거,경상,차대차 - 측면충돌,안전운전불이행,맑음,2019-10-19_19시,ID_6229
2020,남,32세,승합차,상해없음,남,77세,자전거,중상,차대차 - 추돌,안전운전불이행,맑음,2020-03-02_14시,ID_6998