사고년도,가해자성별,가해자연령,가해차종,가해자신체상해정도,피해자성별,피해자연령,피해차종,피해자신체상해정도,사고유형,가해자법규위반,기상상태,시각,사건번호
2020,여,44세,승용차,상해없음,남,83세,자전거,중상,차대차 - 기타,안전운전불이행,맑음,2020-02-22_10시,ID_7487
2015,여,57세,승용차,상해없음,남,72세,자전거,중상,차대차 - 기타,안전운전불이행,맑음,2015-01-26_16시,ID_1813
2017,여,56세,승용차,상해없음,여,38세,자전거,경상,차대차 - 기타,안전운전불이행,맑음,2017-03-29_20시,ID_3847
2016,남,56세,자전거,상해없음,남,76세,자전거,중상,차대차 - 정면충돌,안전운전불이행,맑음,2016-06-01_16시,ID_3039
2019,여,54세,승용차,상해없음,남,76세,자전거,경상,차대차 - 기타,안전운전불이행,맑음,2019-06-28_14시,ID_6306
2017,남,43세,화물차,상해없음,남,67세,자전거,경상,차대차 - 추돌,안전운전불이행,맑음,2017-04-13_17시,ID_4189
2016,여,49세,승용차,상해없음,여,47세,자전거,중상,차대차 - 측면직각충돌,안전운전불이행,맑음,2016-02-24_11시,ID_3531
2017,여,55세,승용차,상해없음,여,9세,자전거,경상,차대차 - 측면충돌,안전운전불이행,맑음,2017-05-22_17시,ID_4657
2020,남,66세,자전거,상해없음,여,6세,보행자,경상,차대사람 - 기타,안전운전불이행,맑음,2020-06-28_13시,ID_7236
2015,여,48세,승용차,상해없음,남,15세,자전거,경상,차대차 - 기타,신호위반,맑음,2015-05-08_20시,ID_1814
2015,남,13세,자전거,부상신고,남,32세,자전거,경상,차대차 - 측면직각충돌,안전운전불이행,맑음,2015-10-18_13시,ID_526
2015,남,28세,승용차,상해없음,남,56세,자전거,경상,차대차 - 기타,안전운전불이행,비,2015-08-27_18시,ID_862
2015,남,46세,승용차,상해없음,남,14세,자전거,중상,차대차 - 측면직각충돌,안전운전불이행,맑음,2015-03-27_19시,ID_1245
2017,여,55세,승용차,상해없음,남,64세,자전거,중상,차대차 - 측면충돌,안전운전불이행,맑음,2017-05-08_8시,ID_4761
2015,여,44세,승용차,상해없음,남,14세,자전거,경상,차대차 - 추돌 - 진행중,안전운전불이행,맑음,2015-03-01_11시,ID_1533
2018,남,28세,승용차,상해없음,남,35세,자전거,중상,차대차 - 측면충돌,신호위반,맑음,2018-06-17_22시,ID_5047
2015,남,59세,승용차,상해없음,남,37세,자전거,경상,차대차 - 기타,신호위반,맑음,2015-03-04_4시,ID_100
2018,남,49세,승용차,상해없음,여,67세,자전거,중상,차대차 - 측면충돌,안전운전불이행,맑음,2018-12-02_18시,ID_5222
2015,남,39세,승용차,상해없음,남,10세,자전거,경상,차대차 - 측면직각충돌,안전운전불이행,맑음,2015-06-18_15시,ID_1029
2018,남,55세,이륜차,상해없음,남,23세,자전거,경상,차대차 - 측면충돌,안전운전불이행,맑음,2018-01-04_20시,ID_5753
2019,남,23세,승용차,상해없음,남,50세,자전거,경상,차대차 - 측면충돌,안전거리미확보,맑음,2019-04-15_13시,ID_5913
2020,남,55세,화물차,상해없음,남,21세,자전거,경상,차대차 - 측면충돌,신호위반,맑음,2020-05-21_22시,ID_7507
2017,남,29세,승용차,상해없음,남,47세,자전거,경상,차대차 - 측면충돌,안전운전불이행,맑음,2017-06-16_20시,ID_3771
2018,여,51세,승용차,상해없음,여,22세,자전거,중상,차대차 - 측면충돌,신호위반,맑음,2018-03-16_16시,ID_5690
2020,여,63세,승용차,상해없음,남,78세,자전거,경상,차대차 - 측면충돌,신호위반,맑음,2020-06-15_18시,ID_7335
2015,남,43세,승합차,기타불명,여,57세,자전거,중상,차대차 - 측면직각충돌,안전운전불이행,맑음,2015-08-25_20시,ID_1669
2019,남,68세,화물차,상해없음,여,64세,자전거,경상,차대차 - 기타,기타,맑음,2019-04-30_16시,ID_5905
2016,여,37세,승용차,상해없음,남,16세,자전거,중상,차대차 - 측면직각충돌,안전운전불이행,흐림,2016-11-11_8시,ID_3005
2015,남,72세,자전거,기타불명,여,72세,보행자,경상,차대사람 - 보도통행중,안전운전불이행,맑음,2015-11-11_18시,ID_1496
2018,여,34세,승용차,상해없음,남,62세,자전거,경상,차대차 - 기타,신호위반,맑음,2018-03-06_12시,ID_5409
2017,남,18세,이륜차,상해없음,남,49세,자전거,중상,차대차 - 측면충돌,직진우회전진행방해,맑음,2017-12-02_15시,ID_4256
2017,남,27세,승용차,상해없음,여,24세,자전거,중상,차대차 - 측면충돌,안전운전불이행,맑음,2017-11-09_20시,ID_4321
2020,여,40세,승용차,상해없음,남,69세,자전거,경상,차대차 - 기타,안전운전불이행,맑음,2020-05-06_18시,ID_7728
2015,여,64세,승용차,상해없음,남,86세,자전거,중상,차대차 - 기타,안전운전불이행,흐림,2015-08-02_10시,ID_710
2016,여,51세,승용차,상해없음,남,9세,자전거,경상,차대차 - 측면직각충돌,신호위반,맑음,2016-01-12_13시,ID_2748
2015,남,33세,승용차,상해없음,남,25세,자전거,중상,차대차 - 측면직각충돌,직진우회전진행방해,맑음,2015-03-09_19시,ID_664
2019,남,39세,이륜차,상해없음,남,55세,자전거,경상,차대차 - 측면충돌,신호위반,맑음,2019-01-09_15시,ID_6475
2016,남,45세,승합차,상해없음,남,34세,자전거,중상,차대차 - 측면직각충돌,안전운전불이행,맑음,2016-06-11_12시,ID_2912
2018,남,50세,자전거,상해없음,여,66세,보행자,경상,차대사람 - 기타,안전운전불이행,맑음,2018-05-07_11시,ID_5421
2019,남,54세,승용차,상해없음,여,42세,자전거,중상,차대차 - 기타,안전운전불이행,맑음,2019-05-27_17시,ID_6263
2019,남,59세,승용차,상해없음,여,64세,자전거,중상,차대차 - 측면충돌,안전운전불이행,맑음,2019-08-07_8시,ID_6691
2017,남,45세,자전거,상해없음,여,44세,보행자,경상,차대사람 - 횡단중,안전운전불이행,맑음,2017-06-11_21시,ID_4149
2018,여,47세,승용차,상해없음,남,35세,자전거,경상,차대차 - 기타,안전운전불이행,맑음,2018-10-26_19시,ID_5373
2017,여,62세,승용차,상해없음,여,53세,자전거,중상,차대차 - 정면충돌,안전운전불이행,맑음,2017-03-31_14시,ID_4685
2017,남,69세,승용차,상해없음,남,68세,자전거,중상,차대차 - 측면충돌,안전운전불이행,맑음,2017-11-19_14시,ID_4092
2020,남,44세,승용차,상해없음,여,58세,자전거,경상,차대차 - 기타,안전운전불이행,맑음,2020-11-05_12시,ID_6952
2016,남,33세,승용차,상해없음,남,17세,자전거,경상,차대차 - 측면직각충돌,안전운전불이행,맑음,2016-06-26_21시,ID_2763
2018,여,48세,승용차,상해없음,여,26세,자전거,경상,차대차 - 기타,안전운전불이행,맑음,2018-12-05_17시,ID_5714
2015,여,43세,승용차,상해없음,남,14세,자전거,경상,차대차 - 정면충돌,안전운전불이행,맑음,2015-01-08_9시,ID_1124
2018,여,55세,승용차,상해없음,남,34세,자전거,경상,차대차 - 기타,안전운전불이행,맑음,2018-12-12_15시,ID_4878
2019,남,76세,승용차,상해없음,여,24세,자전거,경상,차대차 - 추돌,신호위반,맑음,2019-07-19_9시,ID_6449
2019,남,47세,승용차,상해없음,남,61세,자전거,중상,차대차 - 측면충돌,안전운전불이행,맑음,2019-04-01_8시,ID_6765
2017,남,24세,승용차,상해없음,남,56세,자전거,중상,차대차 - 기타,안전운전불이행,맑음,2017-09-03_18시,ID_4010
2020,남,18세,이륜차,경상,여,51세,자전거,중상,차대차 - 측면충돌,신호위반,맑음,2020-05-08_18시,ID_7330
2015,남,38세,승합차,상해없음,남,51세,자전거,경상,차대차 - 기타,안전운전불이행,맑음,2015-07-17_23시,ID_1337
2015,남,48세,승용차,상해없음,남,67세,자전거,중상,차대차 - 측면직각충돌,신호위반,맑음,2015-08-05_9시,ID_1901
2017,남,26세,승용차,상해없음,남,75세,자전거,경상,차대차 - 측면충돌,안전운전불이행,맑음,2017-05-14_10시,ID_4297
2015,여,42세,승용차,상해없음,여,48세,자전거,경상,차대차 - 기타,안전운전불이행,맑음,2015-08-04_21시,ID_739
2015,남,43세,승용차,상해없음,남,58세,자전거,중상,차대차 - 측면직각충돌,안전운전불이행,맑음,2015-09-19_11시,ID_420
2016,남,27세,승용차,상해없음,남,18세,자전거,경상,차대차 - 측면직각충돌,신호위반,맑음,2016-06-08_18시,ID_3195
2018,여,53세,승용차,상해없음,남,31세,자전거,중상,차대차 - 추돌,안전운전불이행,맑음,2018-10-31_1시,ID_5461
2015,여,38세,승용차,상해없음,여,62세,자전거,경상,차대차 - 기타,안전운전불이행,맑음,2015-07-08_19시,ID_1479
2016,여,28세,승용차,상해없음,남,39세,자전거,경상,차대차 - 기타,안전운전불이행,맑음,2016-01-07_8시,ID_2716
2015,여,45세,승용차,상해없음,남,14세,자전거,경상,차대차 - 측면직각충돌,안전운전불이행,맑음,2015-03-29_13시,ID_1737
2019,여,33세,승용차,상해없음,남,22세,자전거,경상,차대차 - 측면충돌,안전운전불이행,맑음,2019-11-11_18시,ID_6114
2015,남,36세,화물차,상해없음,남,66세,자전거,경상,차대차 - 측면직각충돌,신호위반,맑음,2015-09-09_16시,ID_418
2018,남,31세,승용차,상해없음,남,73세,자전거,중상,차대차 - 기타,안전운전불이행,맑음,2018-03-04_1시,ID_5093
2016,남,51세,승용차,상해없음,남,72세,자전거,경상,차대차 - 기타,안전운전불이행,맑음,2016-08-12_9시,ID_2133
2017,남,81세,승용차,상해없음,남,64세,자전거,경상,차대차 - 기타,신호위반,맑음,2017-09-19_12시,ID_4692
2015,남,23세,이륜차,상해없음,남,15세,자전거,경상,차대차 - 기타,안전운전불이행,맑음,2015-11-22_18시,ID_416
2017,남,57세,승용차,상해없음,남,22세,자전거,중상,차대차 - 측면충돌,신호위반,맑음,2017-09-09_21시,ID_3952
2015,남,16세,자전거,상해없음,여,53세,보행자,경상,차대사람 - 기타,안전운전불이행,맑음,2015-09-08_17시,ID_361
2018,남,64세,승용차,상해없음,남,47세,자전거,경상,차대차 - 측면충돌,안전운전불이행,맑음,2018-06-01_8시,ID_5263
2017,남,60세,화물차,상해없음,남,76세,자전거,경상,차대차 - 추돌,안전운전불이행,맑음,2017-06-01_10시,ID_4180
2017,남,54세,승용차,상해없음,남,56세,자전거,경상,차대차 - 측면충돌,안전운전불이행,맑음,2017-02-23_9시,ID_4741
2018,남,54세,승용차,상해없음,여,57세,자전거,중상,차대차 - 측면충돌,안전운전불이행,맑음,2018-04-17_0시,ID_5262
2019,여,61세,승용차,상해없음,남,75세,자전거,중상,차대차 - 기타,안전운전불이행,맑음,2019-06-19_8시,ID_6360
2020,남,61세,승용차,상해없음,남,24세,자전거,중상,차대차 - 측면충돌,신호위반,맑음,2020-10-07_18시,ID_7328
2015,남,52세,승합차,상해없음,남,22세,자전거,중상,차대차 - 기타,기타,맑음,2015-07-09_1시,ID_377
2018,남,31세,자전거,상해없음,여,48세,보행자,경상,차대사람 - 횡단중,신호위반,맑음,2018-08-30_20시,ID_5537
2020,남,55세,자전거,상해없음,여,37세,보행자,중상,차대사람 - 기타,신호위반,맑음,2020-06-17_22시,ID_7130
2015,남,26세,자전거,상해없음,남,25세,자전거,경상,차대차 - 추돌 - 진행중,안전운전불이행,맑음,2015-04-12_18시,ID_465
2019,남,52세,자전거,상해없음,여,57세,보행자,중상,차대사람 - 차도통행중,안전운전불이행,맑음,2019-06-10_20시,ID_5907
2019,남,29세,승용차,상해없음,남,32세,자전거,경상,차대차 - 측면충돌,안전운전불이행,맑음,2019-06-17_14시,ID_6231
2020,여,53세,승용차,상해없음,남,66세,자전거,경상,차대차 - 정면충돌,안전운전불이행,맑음,2020-05-23_16시,ID_7797
2020,남,58세,승용차,상해없음,남,17세,자전거,경상,차대차 - 기타,안전운전불이행,맑음,2020-09-23_19시,ID_7499
2015,남,38세,승용차,상해없음,남,69세,자전거,경상,차대차 - 기타,안전운전불이행,맑음,2015-01-08_13시,ID_1741
2020,여,55세,승용차,상해없음,여,9세,자전거,경상,차대차 - 측면충돌,신호위반,맑음,2020-04-05_13시,ID_6940
2015,남,59세,승용차,상해없음,여,43세,자전거,경상,차대차 - 기타,안전운전불이행,맑음,2015-08-07_9시,ID_1478
2018,남,28세,승용차,상해없음,남,23세,자전거,경상,차대차 - 기타,교차로통행방법위반,맑음,2018-07-05_19시,ID_4892
2015,남,52세,승용차,상해없음,여,46세,자전거,경상,차대차 - 추돌 - 진행중,안전운전불이행,맑음,2015-01-07_9시,ID_992
2016,남,55세,승용차,상해없음,남,51세,자전거,중상,차대차 - 기타,신호위반,맑음,2016-07-06_17시,ID_3566
2016,남,35세,자전거,상해없음,남,67세,보행자,경상,차대사람 - 횡단중,안전운전불이행,맑음,2016-07-07_18시,ID_2803
2015,여,55세,승용차,상해없음,남,72세,자전거,중상,차대차 - 추돌 - 진행중,안전운전불이행,맑음,2015-02-03_15시,ID_1850
2018,남,37세,화물차,상해없음,남,26세,자전거,중상,차대차 - 측면충돌,안전운전불이행,맑음,2018-06-09_10시,ID_5153
2019,남,35세,승합차,상해없음,남,74세,자전거,경상,차대차 - 측면충돌,안전운전불이행,맑음,2019-08-20_11시,ID_6752
2015,남,55세,승용차,상해없음,남,13세,자전거,경상,차대차 - 측면직각충돌,신호위반,맑음,2015-08-05_12시,ID_351
2017,남,68세,승용차,상해없음,남,25세,자전거,중상,차대차 - 측면충돌,안전운전불이행,맑음,2017-07-13_16시,ID_4138
2015,남,32세,승용차,상해없음,남,44세,자전거,중상,차대차 - 기타,안전운전불이행,맑음,2015-09-21_18시,ID_1609
2015,남,19세,자전거,상해없음,여,49세,보행자,경상,차대사람 - 보도통행중,안전운전불이행,맑음,2015-09-08_22시,ID_89
2020,남,63세,화물차,상해없음,남,30세,자전거,중상,차대차 - 기타,기타,맑음,2020-04-16_14시,ID_7468
2015,남,52세,승용차,상해없음,남,30세,자전거,경상,차대차 - 기타,기타,맑음,2015-08-21_23시,ID_1536
2015,남,45세,승용차,상해없음,남,16세,자전거,경상,차대차 - 기타,안전운전불이행,맑음,2015-04-10_15시,ID_687
2019,남,57세,승용차,상해없음,남,73세,자전거,경상,차대차 - 기타,신호위반,비,2019-09-10_5시,ID_5906
2017,남,53세,자전거,상해없음,남,46세,보행자,경상,차대사람 - 길가장자리구역통행중,안전운전불이행,맑음,2017-06-10_8시,ID_4125
2015,남,56세,승용차,상해없음,남,73세,자전거,중상,차대차 - 측면직각충돌,안전운전불이행,비,2015-01-26_8시,ID_1453
2020,여,61세,승용차,상해없음,남,25세,자전거,경상,차대차 - 기타,신호위반,맑음,2020-09-18_13시,ID_7613
2015,남,47세,승용차,상해없음,여,53세,자전거,중상,차대차 - 측면직각충돌,안전운전불이행,맑음,2015-07-21_22시,ID_1890
2020,남,42세,승용차,상해없음,남,70세,자전거,경상,차대차 - 측면충돌,안전운전불이행,맑음,2020-04-14_18시,ID_7302
2020,여,51세,승용차,상해없음,남,50세,자전거,경상,차대차 - 기타,안전운전불이행,맑음,2020-02-08_17시,ID_7709
2018,남,13세,자전거,경상,남,44세,자전거,중상,차대차 - 측면충돌,안전운전불이행,맑음,2018-06-10_17시,ID_5102
2015,남,66세,승용차,상해없음,여,24세,자전거,경상,차대차 - 측면직각충돌,안전거리미확보,맑음,2015-08-26_0시,ID_433
2016,여,56세,승용차,상해없음,남,21세,자전거,경상,차대차 - 측면직각충돌,신호위반,맑음,2016-10-10_18시,ID_3326
2016,남,19세,이륜차,상해없음,남,17세,자전거,경상,차대차 - 측면직각충돌,안전운전불이행,맑음,2016-04-02_18시,ID_3226
2019,남,25세,자전거,경상,여,18세,자전거,경상,차대차 - 정면충돌,안전운전불이행,맑음,2019-05-15_10시,ID_6287
2016,남,55세,특수차,상해없음,남,73세,자전거,중상,차대차 - 측면직각충돌,안전운전불이행,맑음,2016-01-18_11시,ID_3550
2016,여,42세,승용차,상해없음,남,61세,자전거,경상,차대차 - 측면직각충돌,안전운전불이행,맑음,2016-09-09_21시,ID_2218
2020,남,64세,승용차,상해없음,남,9세,자전거,경상,차대차 - 측면충돌,안전운전불이행,맑음,2020-06-01_18시,ID_6983
2018,여,58세,승용차,상해없음,여,56세,자전거,중상,차대차 - 기타,신호위반,맑음,2018-12-22_18시,ID_5552
2015,남,45세,승합차,기타불명,남,16세,자전거,경상,차대차 - 정면충돌,안전운전불이행,맑음,2015-11-20_17시,ID_1526
2020,여,41세,승용차,상해없음,남,10세,자전거,중상,차대차 - 측면충돌,신호위반,맑음,2020-06-29_15시,ID_7589
2018,여,38세,승용차,상해없음,남,74세,자전거,경상,차대차 - 기타,안전운전불이행,맑음,2018-02-09_12시,ID_5338
2015,남,15세,자전거,상해없음,여,63세,보행자,중상,차대사람 - 보도통행중,안전운전불이행,맑음,2015-08-14_8시,ID_1458
2015,여,44세,승용차,상해없음,여,27세,자전거,중상,차대차 - 측면직각충돌,신호위반,맑음,2015-09-15_21시,ID_1991
2020,남,54세,이륜차,기타불명,여,31세,자전거,경상,차대차 - 측면충돌,신호위반,맑음,2020-05-06_17시,ID_7392
2015,여,47세,승용차,상해없음,남,40세,자전거,경상,차대차 - 측면직각충돌,안전운전불이행,맑음,2015-05-24_22시,ID_945
2016,남,67세,자전거,상해없음,여,55세,보행자,중상,차대사람 - 보도통행중,기타,맑음,2016-07-31_20시,ID_2255
2016,여,37세,승용차,상해없음,남,73세,자전거,중상,차대차 - 측면직각충돌,신호위반,맑음,2016-04-05_8시,ID_2747
2019,남,52세,승용차,상해없음,남,77세,자전거,경상,차대차 - 측면충돌,안전운전불이행,맑음,2019-11-16_10시,ID_6397
2015,여,38세,승용차,상해없음,남,41세,자전거,중상,차대차 - 측면직각충돌,신호위반,맑음,2015-05-07_21시,ID_1214
2016,남,29세,승용차,상해없음,여,17세,자전거,경상,차대차 - 기타,안전운전불이행,맑음,2016-10-17_8시,ID_3167
2019,남,43세,화물차,상해없음,여,63세,자전거,경상,차대차 - 기타,안전운전불이행,맑음,2019-09-10_8시,ID_6248
2015,남,54세,화물차,상해없음,남,75세,자전거,경상,차대차 - 측면직각충돌,신호위반,맑음,2015-06-15_8시,ID_1009
2015,여,25세,자전거,상해없음,여,41세,보행자,중상,차대사람 - 횡단중,안전운전불이행,맑음,2015-05-03_20시,ID_1406
2020,남,36세,승용차,상해없음,남,64세,자전거,경상,차대차 - 측면충돌,안전운전불이행,맑음,2020-06-22_10시,ID_7457
2017,남,67세,승합차,상해없음,남,60세,자전거,중상,차대차 - 측면충돌,신호위반,맑음,2017-01-09_7시,ID_4668
2018,남,41세,승용차,상해없음,남,62세,자전거,경상,차대차 - 측면충돌,안전운전불이행,맑음,2018-08-08_19시,ID_5364
2019,남,19세,이륜차,상해없음,남,76세,자전거,경상,차대차 - 측면충돌,안전운전불이행,맑음,2019-03-25_16시,ID_6821
2016,여,53세,이륜차,상해없음,남,48세,자전거,경상,차대차 - 기타,신호위반,맑음,2016-04-13_21시,ID_2600
2020,남,37세,이륜차,상해없음,남,11세,자전거,경상,차대차 - 측면충돌,교차로통행방법위반,맑음,2020-05-11_20시,ID_7686
2017,남,63세,자전거,상해없음,여,76세,보행자,중상,차대사람 - 보도통행중,신호위반,맑음,2017-03-21_16시,ID_3854
2016,여,57세,승용차,상해없음,남,24세,자전거,경상,차대차 - 측면직각충돌,안전운전불이행,맑음,2016-07-21_15시,ID_2754
2016,남,60세,승용차,상해없음,남,56세,자전거,경상,차대차 - 측면직각충돌,교차로운행방법위반,맑음,2016-09-30_20시,ID_3057
2017,남,12세,자전거,상해없음,남,75세,보행자,중상,차대사람 - 보도통행중,중앙선침범,비,2017-04-17_8시,ID_3628
2016,남,28세,승용차,상해없음,남,11세,자전거,경상,차대차 - 기타,안전운전불이행,맑음,2016-09-25_13시,ID_2279
2017,여,45세,승용차,상해없음,남,36세,자전거,중상,차대차 - 정면충돌,안전운전불이행,맑음,2017-05-15_8시,ID_4605
2018,남,38세,승용차,상해없음,남,71세,자전거,경상,차대차 - 기타,기타,맑음,2018-09-10_8시,ID_5186
2017,남,54세,승용차,상해없음,남,17세,자전거,중상,차대차 - 측면충돌,안전운전불이행,맑음,2017-05-23_21시,ID_4663
2016,여,48세,승용차,상해없음,여,69세,자전거,중상,차대차 - 기타,안전운전불이행,맑음,2016-09-24_6시,ID_2663
2020,남,16세,자전거,상해없음,여,52세,자전거,경상,차대차 - 측면충돌,안전운전불이행,맑음,2020-07-18_10시,ID_7530
2016,남,9세,자전거,상해없음,여,92세,보행자,경상,차대사람 - 기타,안전운전불이행,맑음,2016-03-17_19시,ID_2154
2018,여,58세,승용차,상해없음,남,23세,자전거,경상,차대차 - 측면충돌,안전운전불이행,맑음,2018-07-29_23시,ID_5160
2018,여,55세,승용차,상해없음,남,83세,자전거,중상,차대차 - 정면충돌,신호위반,맑음,2018-10-08_12시,ID_5594
2018,남,39세,원동기장치자전거,상해없음,여,64세,자전거,중상,차대차 - 측면충돌,신호위반,맑음,2018-07-31_9시,ID_4966
2017,남,44세,자전거,상해없음,여,8세,보행자,경상,차대사람 - 기타,안전운전불이행,맑음,2017-03-30_8시,ID_3636
2019,남,17세,자전거,상해없음,여,58세,보행자,중상,차대사람 - 차도통행중,안전운전불이행,맑음,2019-03-19_8시,ID_6479
2015,남,52세,화물차,상해없음,남,51세,자전거,경상,차대차 - 추돌 - 진행중,안전운전불이행,맑음,2015-08-05_10시,ID_1345
2016,남,69세,승용차,상해없음,남,59세,자전거,경상,차대차 - 측면직각충돌,신호위반,맑음,2016-02-23_23시,ID_2219
2017,남,15세,자전거,상해없음,남,70세,자전거,중상,차대차 - 기타,안전운전불이행,맑음,2017-10-24_8시,ID_4347
2020,남,59세,승합차,상해없음,남,13세,자전거,중상,차대차 - 측면충돌,안전운전불이행,맑음,2020-11-10_8시,ID_7635
2019,남,64세,자전거,경상,남,21세,이륜차,경상,차대차 - 측면충돌,안전운전불이행,맑음,2019-02-28_16시,ID_6616
2016,남,24세,승용차,상해없음,여,22세,자전거,중상,차대차 - 측면직각충돌,신호위반,맑음,2016-09-17_21시,ID_3215
2015,남,41세,승합차,상해없음,남,48세,자전거,중상,차대차 - 측면직각충돌,안전운전불이행,맑음,2015-02-05_8시,ID_360
2019,남,39세,화물차,상해없음,남,66세,자전거,중상,차대차 - 기타,신호위반,맑음,2019-04-11_5시,ID_6561
2020,여,27세,승용차,상해없음,남,10세,자전거,경상,차대차 - 기타,신호위반,맑음,2020-11-04_16시,ID_7815
2016,남,13세,자전거,경상,남,12세,자전거,경상,차대차 - 측면직각충돌,안전운전불이행,맑음,2016-07-22_20시,ID_3027
2020,남,46세,승용차,상해없음,남,30세,자전거,경상,차대차 - 측면충돌,신호위반,맑음,2020-02-12_0시,ID_7469
2017,남,38세,화물차,상해없음,여,45세,자전거,중상,차대차 - 측면충돌,신호위반,맑음,2017-02-13_17시,ID_4483
2015,남,59세,승용차,상해없음,남,64세,자전거,중상,차대차 - 정면충돌,안전운전불이행,흐림,2015-11-26_17시,ID_1449
2019,여,52세,자전거,경상,남,52세,이륜차,중상,차대차 - 측면충돌,중앙선침범,맑음,2019-06-11_9시,ID_5999
2020,여,25세,자전거,부상신고,남,36세,자전거,경상,차대차 - 측면충돌,안전운전불이행,맑음,2020-03-08_11시,ID_7072
2015,남,43세,승용차,상해없음,여,56세,자전거,중상,차대차 - 정면충돌,신호위반,맑음,2015-12-20_21시,ID_881
2017,남,37세,승용차,상해없음,남,42세,자전거,중상,차대차 - 정면충돌,안전운전불이행,맑음,2017-03-30_18시,ID_3880
2020,여,44세,자전거,경상,여,25세,자전거,경상,차대차 - 기타,안전운전불이행,맑음,2020-09-11_9시,ID_7012
2015,여,54세,승용차,상해없음,남,67세,자전거,경상,차대차 - 기타,안전운전불이행,맑음,2015-08-22_6시,ID_897
2018,남,29세,자전거,상해없음,남,57세,자전거,중상,차대차 - 정면충돌,안전운전불이행,맑음,2018-09-19_4시,ID_4840
2016,남,56세,승용차,상해없음,남,48세,자전거,중상,차대차 - 측면직각충돌,안전운전불이행,맑음,2016-06-26_20시,ID_2859
2017,남,48세,자전거,상해없음,남,21세,이륜차,경상,차대차 - 정면충돌,교차로운행방법위반,맑음,2017-01-13_20시,ID_4136
2017,남,48세,자전거,상해없음,여,70세,보행자,중상,차대사람 - 보도통행중,기타,맑음,2017-01-26_16시,ID_4022
2015,남,37세,승용차,상해없음,남,24세,자전거,중상,차대차 - 측면직각충돌,신호위반,맑음,2015-06-22_19시,ID_1066
2016,남,62세,승합차,상해없음,남,21세,자전거,경상,차대차 - 기타,안전운전불이행,맑음,2016-03-13_15시,ID_3255
2020,여,50세,승용차,상해없음,여,27세,자전거,경상,차대차 - 기타,안전운전불이행,맑음,2020-06-17_18시,ID_7106
2016,남,22세,이륜차,상해없음,남,16세,자전거,경상,차대차 - 기타,신호위반,맑음,2016-10-26_18시,ID_2350
2017,남,32세,승용차,상해없음,여,68세,자전거,중상,차대차 - 기타,직진우회전진행방해,맑음,2017-05-09_1시,ID_4348
2018,여,22세,자전거,상해없음,남,50세,승용차,경상,차대차 - 정면충돌,안전운전불이행,맑음,2018-05-07_11시,ID_4947
2016,남,31세,승용차,상해없음,남,66세,자전거,중상,차대차 - 측면직각충돌,안전운전불이행,흐림,2016-07-18_6시,ID_2417
2019,남,31세,승용차,상해없음,여,65세,자전거,중상,차대차 - 측면충돌,안전운전불이행,맑음,2019-10-12_19시,ID_6409
2015,남,33세,승용차,상해없음,남,50세,자전거,경상,차대차 - 측면직각충돌,기타,맑음,2015-01-12_19시,ID_1136
2016,남,65세,승용차,상해없음,여,52세,자전거,경상,차대차 - 기타,기타,맑음,2016-08-12_2시,ID_3238
2020,남,19세,원동기장치자전거,상해없음,남,27세,자전거,경상,차대차 - 측면충돌,신호위반,맑음,2020-10-12_12시,ID_7273
2016,여,31세,승용차,상해없음,남,13세,자전거,경상,차대차 - 측면직각충돌,안전운전불이행,맑음,2016-11-15_20시,ID_3296
2019,남,68세,승용차,상해없음,남,36세,자전거,중상,차대차 - 측면충돌,안전운전불이행,맑음,2019-04-08_10시,ID_6069
2017,남,58세,승용차,상해없음,남,30세,자전거,경상,차대차 - 기타,안전운전불이행,맑음,2017-03-21_9시,ID_3685
2017,남,31세,승용차,기타불명,여,45세,자전거,경상,차대차 - 기타,안전운전불이행,맑음,2017-11-24_13시,ID_3945
2018,남,59세,승용차,상해없음,여,48세,자전거,경상,차대차 - 측면충돌,안전운전불이행,맑음,2018-11-11_4시,ID_5283
2020,남,56세,승용차,상해없음,남,44세,자전거,경상,차대차 - 기타,기타,맑음,2020-12-24_22시,ID_7247
2015,남,62세,자전거,상해없음,여,25세,보행자,경상,차대사람 - 보도통행중,보행자보호위반,맑음,2015-09-07_15시,ID_1104
2015,남,46세,승용차,상해없음,여,53세,자전거,경상,차대차 - 측면직각충돌,안전운전불이행,흐림,2015-11-19_11시,ID_550
2019,남,75세,화물차,상해없음,여,67세,자전거,중상,차대차 - 기타,교차로통행방법위반,맑음,2019-10-27_11시,ID_6203
2019,남,15세,자전거,기타불명,남,60세,보행자,경상,차대사람 - 기타,안전운전불이행,비,2019-04-25_22시,ID_6484
2016,남,55세,승용차,상해없음,남,13세,자전거,중상,차대차 - 기타,신호위반,맑음,2016-08-20_16시,ID_3527