사고년도,가해자성별,가해자연령,가해차종,가해자신체상해정도,피해자성별,피해자연령,피해차종,피해자신체상해정도,사고유형,가해자법규위반,기상상태,시각,사건번호
2015,여,46세,승용차,상해없음,남,78세,자전거,중상,차대차 - 측면직각충돌,안전운전불이행,맑음,2015-02-10_7시,ID_1644
2016,남,48세,화물차,상해없음,남,49세,자전거,경상,차대차 - 추돌 - 진행중,안전운전불이행,맑음,2016-12-24_14시,ID_3119
2019,남,70세,화물차,상해없음,남,22세,자전거,경상,차대차 - 측면충돌,신호위반,맑음,2019-05-26_5시,ID_6809
2020,남,67세,자전거,경상,남,41세,이륜차,경상,차대차 - 측면충돌,안전운전불이행,맑음,2020-12-30_18시,ID_6867
2017,남,46세,승용차,상해없음,남,60세,자전거,중상,차대차 - 측면충돌,안전운전불이행,맑음,2017-05-11_14시,ID_4406
2020,남,22세,승용차,상해없음,남,14세,자전거,중상,차대차 - 측면충돌,안전운전불이행,맑음,2020-08-24_14시,ID_6889
2020,남,21세,이륜차,상해없음,남,57세,자전거,경상,차대차 - 정면충돌,안전운전불이행,맑음,2020-09-08_12시,ID_7390
2019,여,51세,자전거,상해없음,남,35세,이륜차,중상,차대차 - 측면충돌,중앙선침범,맑음,2019-02-11_21시,ID_6411
2016,남,50세,자전거,경상,여,64세,보행자,경상,차대사람 - 보도통행중,중앙선침범,맑음,2016-07-12_16시,ID_2398
2015,남,34세,승용차,상해없음,남,11세,자전거,중상,차대차 - 기타,안전운전불이행,맑음,2015-05-13_8시,ID_400
2016,여,22세,승용차,상해없음,남,71세,자전거,중상,차대차 - 추돌 - 진행중,신호위반,맑음,2016-04-01_14시,ID_2500
2019,여,47세,승용차,상해없음,남,10세,자전거,경상,차대차 - 정면충돌,안전운전불이행,맑음,2019-09-18_18시,ID_6301
2015,여,54세,승용차,상해없음,여,62세,자전거,중상,차대차 - 기타,안전운전불이행,맑음,2015-02-18_15시,ID_935
2018,남,54세,승용차,상해없음,남,28세,자전거,경상,차대차 - 측면충돌,안전운전불이행,맑음,2018-08-27_19시,ID_4953
2020,여,39세,승용차,상해없음,여,51세,자전거,경상,차대차 - 기타,신호위반,맑음,2020-05-21_13시,ID_7437
2020,남,51세,화물차,상해없음,남,68세,자전거,경상,차대차 - 측면충돌,안전운전불이행,맑음,2020-08-29_12시,ID_7805
2016,남,65세,승용차,상해없음,여,26세,자전거,중상,차대차 - 측면직각충돌,안전운전불이행,맑음,2016-05-25_16시,ID_2509
2018,남,63세,승용차,상해없음,남,74세,자전거,경상,차대차 - 측면충돌,안전운전불이행,맑음,2018-06-01_12시,ID_5317
2020,남,25세,자전거,경상,여,26세,보행자,경상,차대사람 - 기타,안전운전불이행,맑음,2020-02-15_12시,ID_7511
2020,남,75세,화물차,상해없음,여,59세,자전거,경상,차대차 - 기타,안전운전불이행,맑음,2020-04-10_11시,ID_7448
2020,여,16세,자전거,상해없음,여,63세,보행자,중상,차대사람 - 기타,안전운전불이행,맑음,2020-09-17_21시,ID_7031
2020,남,29세,승용차,상해없음,남,38세,자전거,경상,차대차 - 측면충돌,안전운전불이행,맑음,2020-10-18_19시,ID_7372
2015,남,46세,승용차,상해없음,남,54세,자전거,경상,차대차 - 측면직각충돌,안전운전불이행,맑음,2015-12-22_8시,ID_1485
2015,남,46세,승용차,상해없음,남,29세,자전거,중상,차대차 - 측면직각충돌,직진우회전진행방해,맑음,2015-06-10_8시,ID_384
2019,남,33세,승용차,상해없음,여,51세,자전거,경상,차대차 - 기타,안전운전불이행,맑음,2019-11-30_10시,ID_6205
2020,남,38세,승용차,상해없음,남,34세,자전거,중상,차대차 - 측면충돌,안전운전불이행,맑음,2020-07-08_7시,ID_6830
2017,남,62세,승용차,상해없음,남,13세,자전거,중상,차대차 - 측면충돌,안전운전불이행,맑음,2017-08-23_18시,ID_4231
2015,남,60세,화물차,상해없음,여,60세,자전거,중상,차대차 - 측면직각충돌,기타,맑음,2015-05-28_9시,ID_560
2015,남,58세,승합차,상해없음,남,20세,자전거,중상,차대차 - 기타,안전운전불이행,맑음,2015-03-17_10시,ID_1158
2019,남,39세,이륜차,상해없음,남,50세,자전거,경상,차대차 - 기타,안전운전불이행,맑음,2019-09-10_9시,ID_6183
2020,남,51세,이륜차,상해없음,여,61세,자전거,중상,차대차 - 측면충돌,안전운전불이행,맑음,2020-05-22_14시,ID_7533
2016,여,52세,승용차,상해없음,남,33세,자전거,경상,차대차 - 측면직각충돌,안전운전불이행,맑음,2016-10-10_15시,ID_3263
2017,남,60세,화물차,상해없음,남,76세,자전거,경상,차대차 - 기타,안전운전불이행,맑음,2017-08-21_9시,ID_4369
2016,여,54세,승용차,상해없음,여,27세,자전거,경상,차대차 - 기타,안전운전불이행,맑음,2016-07-18_15시,ID_2956
2016,남,47세,이륜차,상해없음,여,40세,자전거,경상,차대차 - 측면직각충돌,교차로운행방법위반,맑음,2016-05-20_22시,ID_3433
2015,남,30세,자전거,기타불명,남,38세,보행자,중상,차대사람 - 횡단중,안전운전불이행,맑음,2015-07-23_9시,ID_651
2018,남,84세,화물차,상해없음,여,58세,자전거,중상,차대차 - 측면충돌,신호위반,맑음,2018-09-28_10시,ID_5381
2016,남,63세,승용차,기타불명,남,14세,자전거,경상,차대차 - 추돌 - 진행중,안전운전불이행,비,2016-04-16_21시,ID_2885
2016,남,45세,자전거,기타불명,여,20세,보행자,경상,차대사람 - 횡단중,안전운전불이행,맑음,2016-08-09_20시,ID_2436
2017,남,35세,승용차,상해없음,남,31세,자전거,경상,차대차 - 기타,안전운전불이행,비,2017-03-05_19시,ID_3794
2018,여,39세,승용차,상해없음,남,19세,자전거,경상,차대차 - 측면충돌,안전운전불이행,맑음,2018-06-15_8시,ID_5586
2017,남,45세,화물차,상해없음,여,47세,자전거,경상,차대차 - 추돌,교차로운행방법위반,맑음,2017-05-10_20시,ID_4195
2015,여,53세,승용차,상해없음,여,55세,자전거,중상,차대차 - 측면직각충돌,안전운전불이행,맑음,2015-08-07_20시,ID_803
2019,남,38세,자전거,상해없음,남,64세,자전거,중상,차대차 - 기타,안전운전불이행,맑음,2019-06-25_8시,ID_6035
2016,남,68세,승용차,상해없음,남,74세,자전거,중상,차대차 - 측면직각충돌,안전운전불이행,맑음,2016-10-26_4시,ID_2265
2020,남,68세,승용차,상해없음,남,52세,자전거,경상,차대차 - 기타,기타,맑음,2020-06-23_8시,ID_6945
2019,남,45세,화물차,상해없음,남,67세,자전거,경상,차대차 - 측면충돌,안전운전불이행,맑음,2019-01-29_12시,ID_6281
2020,남,56세,승합차,상해없음,남,68세,자전거,중상,차대차 - 측면충돌,신호위반,맑음,2020-03-08_21시,ID_7299
2017,남,59세,승용차,상해없음,남,62세,자전거,경상,차대차 - 정면충돌,불법유턴,흐림,2017-05-13_13시,ID_3679
2015,남,52세,승용차,상해없음,남,69세,자전거,경상,차대차 - 추돌 - 진행중,안전운전불이행,맑음,2015-05-09_17시,ID_300
2018,여,51세,자전거,상해없음,여,67세,자전거,경상,차대차 - 측면충돌,안전운전불이행,맑음,2018-09-27_7시,ID_5069
2015,남,9세,자전거,상해없음,남,15세,자전거,중상,차대차 - 정면충돌,안전운전불이행,맑음,2015-05-05_17시,ID_1187
2018,여,42세,승용차,상해없음,남,11세,자전거,경상,차대차 - 측면충돌,안전운전불이행,맑음,2018-04-08_11시,ID_5774
2017,남,62세,승용차,상해없음,남,9세,자전거,경상,차대차 - 추돌,안전운전불이행,맑음,2017-03-29_17시,ID_4288
2017,여,54세,승용차,기타불명,여,51세,자전거,경상,차대차 - 측면충돌,교차로운행방법위반,맑음,2017-09-28_10시,ID_4456
2016,남,48세,승용차,상해없음,남,15세,자전거,경상,차대차 - 기타,신호위반,맑음,2016-09-26_7시,ID_2582
2020,여,46세,승용차,상해없음,여,70세,자전거,중상,차대차 - 정면충돌,신호위반,맑음,2020-12-08_12시,ID_7242
2016,남,49세,이륜차,상해없음,남,28세,자전거,중상,차대차 - 측면직각충돌,안전운전불이행,맑음,2016-09-22_20시,ID_2917
2016,남,23세,승용차,상해없음,남,45세,자전거,경상,차대차 - 측면직각충돌,신호위반,맑음,2016-12-23_18시,ID_3132
2017,남,37세,자전거,상해없음,남,21세,이륜차,경상,차대차 - 기타,신호위반,맑음,2017-12-23_23시,ID_4112
2015,남,43세,승용차,상해없음,남,54세,자전거,중상,차대차 - 측면직각충돌,안전운전불이행,맑음,2015-04-30_9시,ID_1258
2019,여,22세,자전거,상해없음,여,38세,보행자,경상,차대사람 - 횡단중,보행자보호위반,맑음,2019-07-29_12시,ID_6121
2017,남,60세,승용차,상해없음,여,29세,자전거,경상,차대차 - 기타,신호위반,맑음,2017-03-02_7시,ID_4592
2016,남,57세,승용차,상해없음,남,10세,자전거,경상,차대차 - 기타,안전운전불이행,맑음,2016-09-10_8시,ID_2660
2019,여,67세,승용차,상해없음,남,72세,자전거,경상,차대차 - 측면충돌,신호위반,맑음,2019-08-25_10시,ID_5814
2018,남,69세,승용차,상해없음,남,9세,자전거,경상,차대차 - 측면충돌,안전운전불이행,맑음,2018-07-12_19시,ID_5270
2019,남,56세,화물차,상해없음,여,62세,자전거,경상,차대차 - 기타,신호위반,맑음,2019-05-17_20시,ID_5998
2019,여,48세,승용차,상해없음,남,80세,자전거,중상,차대차 - 측면충돌,안전운전불이행,맑음,2019-06-14_18시,ID_6209
2017,남,45세,승용차,상해없음,남,33세,자전거,중상,차대차 - 기타,교차로운행방법위반,맑음,2017-03-09_6시,ID_4819
2015,남,32세,승용차,상해없음,남,67세,자전거,중상,차대차 - 측면직각충돌,안전운전불이행,맑음,2015-07-10_20시,ID_633
2020,남,57세,이륜차,상해없음,남,44세,자전거,경상,차대차 - 기타,신호위반,맑음,2020-12-11_5시,ID_7403
2016,여,44세,승용차,상해없음,남,29세,자전거,중상,차대차 - 측면직각충돌,신호위반,맑음,2016-11-01_22시,ID_2842
2018,여,34세,승용차,상해없음,남,87세,자전거,경상,차대차 - 측면충돌,안전운전불이행,맑음,2018-07-30_8시,ID_5750
2020,남,32세,승용차,기타불명,남,60세,자전거,중상,차대차 - 측면충돌,안전운전불이행,맑음,2020-02-02_10시,ID_7475
2018,남,35세,화물차,상해없음,남,87세,자전거,경상,차대차 - 측면충돌,안전운전불이행,맑음,2018-03-02_17시,ID_5241
2019,남,62세,승용차,상해없음,남,65세,자전거,경상,차대차 - 측면충돌,교차로통행방법위반,맑음,2019-08-13_16시,ID_6571
2016,남,46세,승용차,상해없음,남,33세,자전거,경상,차대차 - 측면직각충돌,안전운전불이행,맑음,2016-01-17_19시,ID_2914
2015,남,53세,화물차,상해없음,남,74세,자전거,중상,차대차 - 기타,기타,비,2015-07-24_16시,ID_206
2019,여,48세,승용차,상해없음,남,28세,자전거,중상,차대차 - 측면충돌,신호위반,맑음,2019-12-10_9시,ID_6470
2016,남,39세,이륜차,상해없음,남,40세,자전거,중상,차대차 - 측면직각충돌,안전운전불이행,맑음,2016-10-18_20시,ID_2107
2015,남,52세,승용차,상해없음,여,21세,자전거,경상,차대차 - 기타,안전운전불이행,맑음,2015-09-14_18시,ID_268
2020,여,37세,승용차,상해없음,남,10세,자전거,경상,차대차 - 기타,안전운전불이행,맑음,2020-10-10_21시,ID_7813
2016,남,26세,자전거,상해없음,남,17세,이륜차,중상,차대차 - 정면충돌,신호위반,맑음,2016-03-12_18시,ID_2221
2016,여,52세,승용차,상해없음,남,17세,자전거,경상,차대차 - 측면직각충돌,신호위반,맑음,2016-03-21_20시,ID_2796
2020,남,59세,화물차,상해없음,여,60세,자전거,중상,차대차 - 측면충돌,신호위반,맑음,2020-09-27_0시,ID_7370
2015,남,58세,원동기장치자전거,상해없음,남,16세,자전거,경상,차대차 - 측면직각충돌,안전운전불이행,맑음,2015-06-24_18시,ID_1949
2016,남,61세,승용차,상해없음,여,62세,자전거,경상,차대차 - 측면직각충돌,안전운전불이행,맑음,2016-06-08_4시,ID_2412
2016,남,30세,화물차,상해없음,여,35세,자전거,경상,차대차 - 측면직각충돌,안전운전불이행,맑음,2016-01-27_12시,ID_2609
2017,남,75세,승용차,상해없음,남,67세,자전거,중상,차대차 - 측면충돌,신호위반,맑음,2017-12-31_16시,ID_3890
2015,남,30세,승용차,상해없음,남,15세,자전거,중상,차대차 - 측면직각충돌,안전운전불이행,맑음,2015-08-21_20시,ID_1719
2015,남,79세,자전거,상해없음,여,76세,보행자,중상,차대사람 - 기타,기타,맑음,2015-07-01_8시,ID_1912
2019,남,59세,승용차,상해없음,남,51세,자전거,중상,차대차 - 기타,안전운전불이행,맑음,2019-08-13_18시,ID_6422
2016,남,32세,승용차,상해없음,여,55세,자전거,경상,차대차 - 추돌 - 진행중,교차로운행방법위반,맑음,2016-06-21_21시,ID_3111
2015,남,44세,자전거,상해없음,여,12세,보행자,경상,차대사람 - 길가장자리구역통행중,안전운전불이행,맑음,2015-03-27_15시,ID_1172
2018,남,60세,화물차,상해없음,남,72세,자전거,중상,차대차 - 측면충돌,안전운전불이행,비,2018-08-27_5시,ID_5460
2015,남,48세,승용차,상해없음,남,58세,자전거,중상,차대차 - 기타,신호위반,맑음,2015-02-03_6시,ID_1679
2015,남,39세,승용차,상해없음,남,52세,자전거,중상,차대차 - 기타,신호위반,맑음,2015-09-22_8시,ID_382
2015,남,60세,승용차,상해없음,남,17세,자전거,중상,차대차 - 기타,신호위반,맑음,2015-08-31_7시,ID_601
2016,남,44세,화물차,상해없음,남,55세,자전거,중상,차대차 - 측면직각충돌,교차로운행방법위반,흐림,2016-07-05_23시,ID_3166
2017,남,62세,승용차,상해없음,남,14세,자전거,경상,차대차 - 측면충돌,안전운전불이행,맑음,2017-09-14_19시,ID_3896
2018,남,36세,승용차,상해없음,남,47세,자전거,중상,차대차 - 측면충돌,안전운전불이행,맑음,2018-07-25_17시,ID_5396
2015,남,59세,승용차,상해없음,남,50세,자전거,경상,차대차 - 기타,신호위반,맑음,2015-08-18_9시,ID_503
2015,남,35세,승용차,상해없음,여,28세,자전거,경상,차대차 - 추돌 - 주정차중,기타,맑음,2015-09-26_16시,ID_982
2020,남,15세,자전거,경상,여,64세,보행자,중상,차대사람 - 기타,안전운전불이행,맑음,2020-03-05_15시,ID_7063
2015,여,54세,화물차,상해없음,남,33세,자전거,경상,차대차 - 기타,안전운전불이행,맑음,2015-07-18_21시,ID_1065
2018,남,56세,승합차,상해없음,여,70세,자전거,중상,차대차 - 기타,안전운전불이행,맑음,2018-03-07_8시,ID_5187
2017,남,59세,승용차,상해없음,여,62세,자전거,중상,차대차 - 측면충돌,신호위반,맑음,2017-06-27_17시,ID_3971
2017,남,29세,승용차,상해없음,남,25세,자전거,경상,차대차 - 측면충돌,안전운전불이행,맑음,2017-11-09_18시,ID_4091
2015,남,46세,화물차,상해없음,남,76세,자전거,경상,차대차 - 기타,신호위반,흐림,2015-08-11_16시,ID_260
2018,남,59세,자전거,상해없음,여,57세,보행자,경상,차대사람 - 횡단중,보행자보호위반,맑음,2018-10-31_15시,ID_4926
2015,남,26세,승용차,상해없음,여,51세,자전거,중상,차대차 - 기타,안전운전불이행,맑음,2015-05-14_22시,ID_1819
2015,여,61세,승용차,상해없음,여,70세,자전거,경상,차대차 - 측면직각충돌,안전운전불이행,맑음,2015-11-19_13시,ID_1095
2018,여,51세,승용차,상해없음,남,13세,자전거,중상,차대차 - 정면충돌,교차로통행방법위반,맑음,2018-03-25_18시,ID_5729
2015,남,36세,승용차,상해없음,여,64세,자전거,중상,차대차 - 추돌 - 진행중,안전운전불이행,흐림,2015-04-11_6시,ID_334
2015,남,58세,승합차,상해없음,남,16세,자전거,경상,차대차 - 추돌 - 진행중,신호위반,맑음,2015-06-03_8시,ID_1353
2016,여,31세,승용차,상해없음,남,24세,자전거,중상,차대차 - 측면직각충돌,신호위반,맑음,2016-06-10_13시,ID_2943
2016,여,45세,승용차,상해없음,남,65세,자전거,중상,차대차 - 측면직각충돌,안전운전불이행,맑음,2016-08-30_10시,ID_2756
2019,남,66세,승용차,상해없음,여,77세,자전거,중상,차대차 - 측면충돌,안전운전불이행,맑음,2019-10-25_13시,ID_6358
2020,남,45세,승용차,상해없음,남,15세,자전거,경상,차대차 - 기타,안전운전불이행,맑음,2020-07-04_13시,ID_7379
2016,남,63세,화물차,상해없음,여,71세,자전거,경상,차대차 - 측면직각충돌,안전운전불이행,맑음,2016-09-28_12시,ID_2365
2015,남,33세,이륜차,상해없음,남,69세,자전거,중상,차대차 - 측면직각충돌,안전운전불이행,비,2015-09-17_19시,ID_1028
2020,남,33세,승용차,상해없음,여,64세,자전거,경상,차대차 - 정면충돌,기타,맑음,2020-09-17_4시,ID_7232
2018,남,13세,자전거,상해없음,여,56세,승용차,경상,차대차 - 추돌,안전운전불이행,맑음,2018-12-12_13시,ID_5533
2015,남,53세,자전거,상해없음,여,65세,보행자,경상,차대사람 - 횡단중,안전운전불이행,맑음,2015-04-21_8시,ID_17
2015,남,64세,승용차,상해없음,여,18세,자전거,경상,차대차 - 측면직각충돌,신호위반,맑음,2015-09-03_23시,ID_1347
2019,여,46세,승용차,상해없음,남,68세,자전거,중상,차대차 - 측면충돌,교차로통행방법위반,맑음,2019-07-05_16시,ID_6495
2015,남,46세,화물차,상해없음,남,57세,자전거,중상,차대차 - 측면직각충돌,안전운전불이행,비,2015-11-18_9시,ID_660
2017,남,61세,승용차,상해없음,남,66세,자전거,경상,차대차 - 측면충돌,안전운전불이행,맑음,2017-12-16_11시,ID_3986
2015,남,57세,승용차,상해없음,여,68세,자전거,중상,차대차 - 측면직각충돌,안전운전불이행,맑음,2015-10-14_18시,ID_1226
2020,여,67세,자전거,부상신고,남,50세,자전거,경상,차대차 - 정면충돌,안전운전불이행,맑음,2020-11-16_11시,ID_7590
2017,남,73세,승용차,상해없음,여,59세,자전거,경상,차대차 - 정면충돌,안전거리미확보,맑음,2017-08-23_7시,ID_3686
2015,남,15세,자전거,상해없음,남,27세,원동기장치자전거,경상,차대차 - 기타,안전운전불이행,맑음,2015-05-26_10시,ID_741
2015,남,50세,화물차,상해없음,여,46세,자전거,중상,차대차 - 측면직각충돌,안전운전불이행,맑음,2015-10-17_9시,ID_611
2015,남,65세,승용차,상해없음,여,34세,자전거,경상,차대차 - 측면직각충돌,안전운전불이행,맑음,2015-07-03_11시,ID_473
2018,여,74세,승용차,상해없음,여,55세,자전거,중상,차대차 - 측면충돌,안전운전불이행,맑음,2018-11-17_11시,ID_5520
2018,남,63세,화물차,상해없음,여,52세,자전거,경상,차대차 - 측면충돌,안전운전불이행,맑음,2018-09-06_8시,ID_4845
2015,여,52세,승합차,상해없음,남,60세,자전거,경상,차대차 - 측면직각충돌,안전운전불이행,맑음,2015-03-05_7시,ID_114
2018,남,25세,화물차,상해없음,여,61세,자전거,경상,차대차 - 측면충돌,신호위반,맑음,2018-12-17_11시,ID_5674
2018,남,38세,승용차,상해없음,남,22세,자전거,중상,차대차 - 추돌,안전운전불이행,비,2018-06-19_21시,ID_5691
2015,남,64세,승용차,상해없음,여,24세,자전거,경상,차대차 - 측면직각충돌,안전운전불이행,맑음,2015-08-03_17시,ID_896
2019,여,41세,승용차,상해없음,남,15세,자전거,중상,차대차 - 측면충돌,안전운전불이행,맑음,2019-11-09_12시,ID_6701
2015,남,31세,승용차,상해없음,남,86세,자전거,경상,차대차 - 측면직각충돌,안전운전불이행,맑음,2015-07-13_10시,ID_848
2019,남,38세,승용차,상해없음,여,40세,자전거,중상,차대차 - 기타,안전운전불이행,맑음,2019-12-27_10시,ID_6444
2017,남,13세,자전거,상해없음,남,86세,자전거,중상,차대차 - 정면충돌,안전운전불이행,맑음,2017-04-12_18시,ID_4613
2019,남,23세,승용차,상해없음,여,45세,자전거,중상,차대차 - 기타,안전운전불이행,맑음,2019-01-15_21시,ID_6625
2015,남,60세,승용차,상해없음,남,74세,자전거,중상,차대차 - 추돌 - 진행중,불법유턴,맑음,2015-01-27_19시,ID_585
2018,남,56세,화물차,상해없음,남,68세,자전거,경상,차대차 - 기타,안전운전불이행,맑음,2018-08-10_6시,ID_5001
2017,남,64세,승합차,상해없음,남,14세,자전거,경상,차대차 - 기타,교차로운행방법위반,맑음,2017-05-30_23시,ID_4522
2017,남,23세,승용차,상해없음,남,82세,자전거,중상,차대차 - 측면충돌,신호위반,맑음,2017-08-16_14시,ID_3802
2016,남,10세,자전거,상해없음,여,47세,보행자,경상,차대사람 - 차도통행중,신호위반,맑음,2016-10-11_8시,ID_2315
2020,남,63세,승용차,상해없음,여,58세,자전거,경상,차대차 - 후진중충돌,안전운전불이행,맑음,2020-06-26_22시,ID_7794
2018,여,42세,승용차,상해없음,남,75세,자전거,경상,차대차 - 측면충돌,안전운전불이행,맑음,2018-01-16_9시,ID_5438
2016,여,28세,자전거,경상,남,79세,보행자,경상,차대사람 - 횡단중,안전운전불이행,맑음,2016-06-19_10시,ID_2485
2020,남,49세,이륜차,경상,남,27세,자전거,중상,차대차 - 측면충돌,안전운전불이행,흐림,2020-08-21_20시,ID_6928
2020,남,23세,이륜차,상해없음,남,36세,자전거,경상,차대차 - 측면충돌,신호위반,맑음,2020-10-15_19시,ID_7067
2017,남,62세,승용차,상해없음,남,24세,자전거,경상,차대차 - 측면충돌,교차로운행방법위반,맑음,2017-12-29_17시,ID_4116
2016,남,51세,승용차,상해없음,여,61세,자전거,중상,차대차 - 측면직각충돌,교차로운행방법위반,맑음,2016-06-11_13시,ID_3089
2019,여,27세,자전거,상해없음,여,41세,보행자,경상,차대사람 - 보도통행중,기타,맑음,2019-07-26_1시,ID_5890
2018,남,52세,승용차,상해없음,남,25세,자전거,경상,차대차 - 측면충돌,안전운전불이행,맑음,2018-06-06_18시,ID_5046
2016,남,50세,승용차,상해없음,남,46세,자전거,경상,차대차 - 측면직각충돌,안전운전불이행,맑음,2016-12-12_6시,ID_2849
2016,남,17세,이륜차,상해없음,남,53세,자전거,경상,차대차 - 측면직각충돌,신호위반,맑음,2016-07-12_21시,ID_2151
2015,남,46세,화물차,상해없음,여,56세,자전거,중상,차대차 - 측면직각충돌,안전운전불이행,맑음,2015-10-22_15시,ID_70
2016,남,57세,자전거,상해없음,여,49세,보행자,중상,차대사람 - 횡단중,보행자보호위반,맑음,2016-05-08_13시,ID_3180
2017,남,45세,자전거,상해없음,여,62세,보행자,경상,차대사람 - 보도통행중,기타,맑음,2017-07-16_20시,ID_4135
2016,여,45세,승용차,상해없음,여,58세,자전거,중상,차대차 - 측면직각충돌,신호위반,맑음,2016-03-22_4시,ID_2105
2016,여,48세,승용차,상해없음,남,61세,자전거,경상,차대차 - 추돌 - 진행중,안전운전불이행,맑음,2016-05-20_7시,ID_2261
2017,남,68세,승용차,상해없음,남,86세,자전거,경상,차대차 - 측면충돌,안전운전불이행,맑음,2017-11-09_11시,ID_4742
2016,남,76세,승용차,상해없음,남,47세,자전거,경상,차대차 - 기타,안전운전불이행,맑음,2016-10-21_15시,ID_2984
2017,여,44세,승용차,상해없음,남,74세,자전거,중상,차대차 - 정면충돌,안전운전불이행,맑음,2017-02-03_15시,ID_3853
2020,남,29세,이륜차,상해없음,남,27세,자전거,경상,차대차 - 측면충돌,안전운전불이행,맑음,2020-11-14_22시,ID_7185
2020,남,51세,승용차,상해없음,남,10세,자전거,중상,차대차 - 측면충돌,안전운전불이행,맑음,2020-11-25_16시,ID_6971
2018,남,49세,이륜차,상해없음,여,63세,자전거,중상,차대차 - 기타,안전운전불이행,맑음,2018-07-04_22시,ID_5025
2020,남,69세,승용차,상해없음,여,26세,자전거,중상,차대차 - 측면충돌,안전운전불이행,맑음,2020-06-18_12시,ID_7143
2017,남,15세,자전거,기타불명,남,80세,보행자,중상,차대사람 - 횡단중,안전운전불이행,맑음,2017-05-16_8시,ID_3907
2017,남,49세,승용차,상해없음,여,67세,자전거,중상,차대차 - 측면충돌,안전운전불이행,맑음,2017-05-29_21시,ID_3816
2017,남,29세,승용차,상해없음,남,15세,자전거,경상,차대차 - 측면충돌,안전운전불이행,맑음,2017-05-15_13시,ID_4057
2016,남,29세,승용차,상해없음,남,13세,자전거,경상,차대차 - 측면직각충돌,안전운전불이행,맑음,2016-09-01_8시,ID_2669
2019,남,51세,화물차,상해없음,여,59세,자전거,중상,차대차 - 기타,안전운전불이행,맑음,2019-01-17_14시,ID_6610
2016,여,51세,승용차,상해없음,남,70세,자전거,중상,차대차 - 추돌 - 진행중,신호위반,맑음,2016-08-08_16시,ID_3080
2018,남,37세,승용차,상해없음,여,50세,자전거,경상,차대차 - 추돌,안전운전불이행,맑음,2018-04-21_10시,ID_5723
2018,남,49세,승용차,상해없음,남,56세,자전거,중상,차대차 - 측면충돌,안전운전불이행,맑음,2018-10-10_16시,ID_5393
2018,남,39세,승용차,상해없음,남,47세,자전거,경상,차대차 - 기타,안전운전불이행,맑음,2018-11-01_9시,ID_5009
2015,남,54세,화물차,상해없음,남,74세,자전거,경상,차대차 - 기타,신호위반,맑음,2015-08-31_18시,ID_91
2019,여,53세,승용차,상해없음,남,13세,자전거,경상,차대차 - 측면충돌,안전운전불이행,맑음,2019-09-29_14시,ID_6331
2020,여,68세,자전거,경상,남,41세,자전거,경상,차대차 - 측면충돌,안전운전불이행,맑음,2020-11-07_13시,ID_7643
2015,남,76세,승용차,상해없음,남,19세,자전거,경상,차대차 - 기타,신호위반,맑음,2015-08-14_21시,ID_1383
2016,남,72세,승용차,상해없음,남,18세,자전거,경상,차대차 - 측면직각충돌,기타,맑음,2016-03-23_12시,ID_2471
2017,남,54세,승용차,상해없음,남,72세,자전거,경상,차대차 - 측면충돌,기타,맑음,2017-03-18_10시,ID_3761
2018,남,64세,승용차,상해없음,여,64세,자전거,경상,차대차 - 기타,안전운전불이행,맑음,2018-03-26_15시,ID_5527
2015,남,61세,승용차,상해없음,남,24세,자전거,경상,차대차 - 기타,안전운전불이행,맑음,2015-02-01_18시,ID_1040
2020,여,62세,원동기장치자전거,상해없음,여,61세,자전거,중상,차대차 - 측면충돌,안전운전불이행,맑음,2020-07-17_8시,ID_7519
2017,남,67세,승용차,상해없음,여,28세,자전거,경상,차대차 - 정면충돌,신호위반,맑음,2017-04-24_23시,ID_4686
2016,남,35세,자전거,상해없음,남,33세,이륜차,경상,차대차 - 기타,안전운전불이행,맑음,2016-12-29_18시,ID_2410
2019,남,82세,승용차,상해없음,여,15세,자전거,경상,차대차 - 기타,신호위반,맑음,2019-11-07_16시,ID_6152
2019,여,52세,승용차,상해없음,남,25세,자전거,경상,차대차 - 기타,신호위반,비,2019-04-29_11시,ID_6390
2015,남,42세,자전거,상해없음,여,67세,보행자,중상,차대사람 - 횡단중,보행자보호위반,맑음,2015-10-12_20시,ID_2038
2017,남,62세,화물차,상해없음,남,74세,자전거,경상,차대차 - 측면충돌,안전운전불이행,맑음,2017-06-09_8시,ID_4127
2017,여,74세,승용차,기타불명,남,72세,자전거,중상,차대차 - 기타,교차로운행방법위반,맑음,2017-11-03_14시,ID_4640
2015,남,63세,승용차,상해없음,여,60세,자전거,중상,차대차 - 측면직각충돌,안전운전불이행,흐림,2015-04-23_15시,ID_1056
2019,남,77세,승용차,상해없음,남,26세,자전거,경상,차대차 - 측면충돌,기타,맑음,2019-07-19_8시,ID_6459
2019,여,40세,승용차,상해없음,남,11세,자전거,중상,차대차 - 측면충돌,안전운전불이행,맑음,2019-08-27_17시,ID_6254