사고년도,가해자성별,가해자연령,가해차종,가해자신체상해정도,피해자성별,피해자연령,피해차종,피해자신체상해정도,사고유형,가해자법규위반,기상상태,시각,사건번호
2016,여,48세,승용차,상해없음,남,73세,자전거,경상,차대차 - 측면직각충돌,안전운전불이행,맑음,2016-04-01_15시,ID_3183
2019,여,59세,자전거,상해없음,여,35세,보행자,경상,차대사람 - 보도통행중,기타,맑음,2019-01-28_14시,ID_5887
2016,남,14세,자전거,상해없음,여,69세,보행자,경상,차대사람 - 횡단중,안전운전불이행,맑음,2016-04-16_12시,ID_2608
2015,남,17세,자전거,상해없음,여,34세,보행자,중상,차대사람 - 횡단중,안전운전불이행,맑음,2015-08-16_14시,ID_1365
2015,남,62세,승용차,상해없음,남,40세,자전거,경상,차대차 - 기타,기타,맑음,2015-06-30_0시,ID_44
2018,여,43세,승용차,상해없음,남,39세,자전거,중상,차대차 - 기타,안전운전불이행,맑음,2018-10-19_8시,ID_5096
2015,남,48세,건설기계,기타불명,여,71세,자전거,중상,차대차 - 기타,안전운전불이행,맑음,2015-08-08_12시,ID_1010
2016,남,11세,자전거,경상,남,30세,자전거,경상,차대차 - 측면직각충돌,안전운전불이행,맑음,2016-03-19_16시,ID_2860
2016,여,45세,자전거,상해없음,남,79세,보행자,경상,차대사람 - 기타,안전운전불이행,맑음,2016-04-22_16시,ID_3045
2016,남,36세,승용차,상해없음,남,66세,자전거,경상,차대차 - 기타,안전운전불이행,맑음,2016-12-03_15시,ID_2304
2015,여,34세,승용차,상해없음,남,9세,자전거,경상,차대차 - 측면직각충돌,안전운전불이행,맑음,2015-11-09_17시,ID_1723
2019,남,60세,화물차,상해없음,여,53세,자전거,경상,차대차 - 측면충돌,신호위반,맑음,2019-11-06_7시,ID_6003
2015,남,58세,승합차,상해없음,남,11세,자전거,중상,차대차 - 기타,안전운전불이행,맑음,2015-08-06_16시,ID_1373
2015,남,47세,승용차,상해없음,여,46세,자전거,경상,차대차 - 기타,안전운전불이행,맑음,2015-07-10_18시,ID_1225
2018,남,57세,승용차,상해없음,여,50세,자전거,중상,차대차 - 추돌,신호위반,맑음,2018-01-21_7시,ID_4993
2015,남,64세,승용차,상해없음,남,13세,자전거,경상,차대차 - 기타,교차로운행방법위반,맑음,2015-06-12_19시,ID_1120
2019,남,41세,이륜차,상해없음,남,31세,자전거,경상,차대차 - 기타,안전운전불이행,맑음,2019-04-03_14시,ID_6051
2020,남,62세,화물차,상해없음,여,60세,자전거,경상,차대차 - 측면충돌,안전운전불이행,맑음,2020-08-23_6시,ID_7735
2016,남,69세,승용차,상해없음,남,17세,자전거,경상,차대차 - 측면직각충돌,교차로운행방법위반,맑음,2016-10-19_18시,ID_2286
2017,남,40세,자전거,상해없음,남,62세,보행자,중상,차대사람 - 횡단중,안전운전불이행,맑음,2017-02-25_10시,ID_4650
2015,남,21세,자전거,경상,남,16세,자전거,경상,차대차 - 정면충돌,신호위반,맑음,2015-09-21_16시,ID_301
2015,남,30세,자전거,상해없음,남,51세,자전거,중상,차대차 - 기타,안전운전불이행,맑음,2015-11-10_8시,ID_562
2019,여,30세,승용차,상해없음,남,24세,자전거,중상,차대차 - 기타,안전운전불이행,맑음,2019-09-17_19시,ID_6067
2019,남,38세,승용차,상해없음,남,38세,자전거,경상,차대차 - 측면충돌,안전운전불이행,맑음,2019-12-19_18시,ID_6137
2017,남,40세,승용차,상해없음,여,46세,자전거,경상,차대차 - 기타,신호위반,맑음,2017-07-17_18시,ID_4515
2015,남,19세,원동기장치자전거,부상신고,남,14세,자전거,경상,차대차 - 추돌 - 진행중,안전운전불이행,맑음,2015-06-13_22시,ID_1806
2017,남,17세,자전거,경상,남,34세,이륜차,경상,차대차 - 정면충돌,중앙선침범,맑음,2017-03-02_22시,ID_4545
2020,여,60세,승용차,상해없음,여,64세,자전거,중상,차대차 - 측면충돌,안전운전불이행,맑음,2020-02-11_10시,ID_7628
2015,남,47세,승합차,상해없음,남,62세,자전거,중상,차대차 - 측면직각충돌,안전거리미확보,맑음,2015-08-18_19시,ID_1444
2016,남,53세,자전거,상해없음,남,51세,보행자,경상,차대사람 - 기타,안전운전불이행,맑음,2016-11-07_9시,ID_2782
2017,남,60세,승용차,상해없음,남,70세,자전거,중상,차대차 - 측면충돌,안전운전불이행,맑음,2017-08-24_21시,ID_4287
2017,남,73세,승용차,상해없음,남,47세,자전거,경상,차대차 - 기타,안전운전불이행,맑음,2017-10-17_8시,ID_4341
2016,남,15세,자전거,상해없음,여,60세,보행자,중상,차대사람 - 횡단중,안전운전불이행,맑음,2016-09-02_18시,ID_3247
2015,남,54세,승용차,상해없음,남,19세,자전거,경상,차대차 - 측면직각충돌,기타,맑음,2015-07-30_3시,ID_303
2017,남,56세,승용차,상해없음,남,75세,자전거,경상,차대차 - 측면충돌,안전운전불이행,맑음,2017-02-06_15시,ID_4228
2019,남,58세,승용차,상해없음,남,17세,자전거,경상,차대차 - 기타,안전운전불이행,맑음,2019-11-26_9시,ID_6559
2015,여,41세,승용차,상해없음,남,67세,자전거,경상,차대차 - 측면직각충돌,직진우회전진행방해,맑음,2015-10-17_16시,ID_1606
2015,남,29세,승용차,상해없음,남,48세,자전거,경상,차대차 - 측면직각충돌,안전운전불이행,맑음,2015-12-31_6시,ID_535
2015,여,56세,승용차,상해없음,남,78세,자전거,경상,차대차 - 기타,안전운전불이행,맑음,2015-03-10_9시,ID_1760
2019,남,54세,승용차,상해없음,남,17세,자전거,경상,차대차 - 측면충돌,신호위반,맑음,2019-05-09_17시,ID_6448
2018,여,46세,승용차,상해없음,남,73세,자전거,경상,차대차 - 기타,신호위반,맑음,2018-09-13_15시,ID_5776
2019,남,44세,이륜차,상해없음,여,70세,자전거,경상,차대차 - 기타,안전운전불이행,맑음,2019-06-20_19시,ID_5850
2018,남,58세,화물차,상해없음,남,41세,자전거,경상,차대차 - 측면충돌,안전운전불이행,맑음,2018-08-15_7시,ID_5041
2020,남,50세,승용차,상해없음,남,79세,자전거,경상,차대차 - 기타,안전운전불이행,맑음,2020-03-25_12시,ID_7730
2015,남,57세,승용차,상해없음,남,24세,자전거,경상,차대차 - 측면직각충돌,안전운전불이행,맑음,2015-05-31_17시,ID_1735
2016,여,32세,승용차,상해없음,남,12세,자전거,경상,차대차 - 측면직각충돌,안전운전불이행,맑음,2016-04-15_20시,ID_3412
2018,남,35세,자전거,기타불명,남,5세,보행자,경상,차대사람 - 기타,기타,맑음,2018-06-02_14시,ID_5159
2015,여,52세,승용차,상해없음,남,43세,자전거,중상,차대차 - 기타,신호위반,맑음,2015-01-28_19시,ID_1041
2019,남,13세,자전거,상해없음,남,37세,보행자,경상,차대사람 - 기타,보행자보호위반,맑음,2019-07-06_21시,ID_6644
2015,여,51세,승용차,상해없음,남,31세,자전거,중상,차대차 - 기타,안전운전불이행,맑음,2015-06-16_23시,ID_1765
2018,여,45세,승용차,상해없음,남,71세,자전거,중상,차대차 - 측면충돌,안전운전불이행,맑음,2018-05-28_20시,ID_5216
2016,남,44세,승용차,상해없음,남,46세,자전거,중상,차대차 - 기타,안전운전불이행,맑음,2016-09-26_7시,ID_3249
2017,남,60세,승용차,상해없음,남,42세,자전거,중상,차대차 - 정면충돌,신호위반,맑음,2017-04-18_19시,ID_3662
2015,남,30세,이륜차,상해없음,여,46세,자전거,중상,차대차 - 기타,안전운전불이행,맑음,2015-10-15_18시,ID_724
2017,남,64세,승용차,상해없음,남,74세,자전거,경상,차대차 - 측면충돌,안전운전불이행,맑음,2017-11-01_14시,ID_4205
2019,남,37세,자전거,상해없음,여,56세,보행자,경상,차대사람 - 횡단중,안전운전불이행,맑음,2019-08-11_9시,ID_6622
2019,남,63세,화물차,상해없음,여,36세,자전거,경상,차대차 - 측면충돌,안전운전불이행,맑음,2019-05-31_15시,ID_6705
2015,여,43세,승용차,상해없음,여,50세,자전거,경상,차대차 - 측면직각충돌,신호위반,맑음,2015-06-04_22시,ID_1830
2016,남,70세,자전거,상해없음,남,20세,이륜차,중상,차대차 - 측면직각충돌,중앙선침범,맑음,2016-12-06_17시,ID_3578
2015,여,54세,승용차,상해없음,남,12세,자전거,경상,차대차 - 추돌 - 진행중,안전운전불이행,맑음,2015-10-28_7시,ID_1218
2016,남,75세,승용차,상해없음,여,75세,자전거,중상,차대차 - 측면직각충돌,신호위반,맑음,2016-05-04_6시,ID_2229
2017,남,45세,자전거,상해없음,남,50세,자전거,중상,차대차 - 측면충돌,안전운전불이행,맑음,2017-09-10_11시,ID_4580
2019,남,17세,이륜차,상해없음,여,11세,자전거,경상,차대차 - 기타,신호위반,맑음,2019-12-25_20시,ID_6015
2016,남,50세,자전거,기타불명,남,28세,보행자,경상,차대사람 - 보도통행중,기타,맑음,2016-09-17_21시,ID_2386
2016,여,45세,승용차,상해없음,남,46세,자전거,중상,차대차 - 기타,안전운전불이행,맑음,2016-05-31_13시,ID_2945
2019,남,77세,승용차,상해없음,여,53세,자전거,중상,차대차 - 기타,안전운전불이행,맑음,2019-10-10_9시,ID_6601
2020,여,41세,승용차,상해없음,남,67세,자전거,경상,차대차 - 기타,안전운전불이행,맑음,2020-05-12_18시,ID_7682
2016,남,37세,화물차,상해없음,남,62세,자전거,중상,차대차 - 기타,불법유턴,맑음,2016-07-13_12시,ID_2405
2017,여,48세,승용차,상해없음,여,49세,자전거,경상,차대차 - 측면충돌,안전운전불이행,맑음,2017-01-23_8시,ID_3715
2019,남,57세,원동기장치자전거,상해없음,여,68세,자전거,중상,차대차 - 추돌,안전운전불이행,맑음,2019-08-07_18시,ID_5827
2017,남,58세,승용차,상해없음,여,19세,자전거,경상,차대차 - 기타,신호위반,맑음,2017-11-11_15시,ID_3979
2018,여,45세,승용차,상해없음,여,62세,자전거,경상,차대차 - 측면충돌,신호위반,맑음,2018-11-18_8시,ID_4981
2020,남,68세,자전거,부상신고,남,28세,이륜차,경상,차대차 - 측면충돌,안전운전불이행,흐림,2020-09-12_22시,ID_7161
2017,남,64세,승용차,상해없음,남,14세,자전거,중상,차대차 - 측면충돌,신호위반,맑음,2017-06-29_22시,ID_4697
2016,남,33세,승용차,상해없음,남,71세,자전거,경상,차대차 - 기타,안전운전불이행,맑음,2016-11-09_11시,ID_2273
2017,남,15세,자전거,상해없음,여,34세,보행자,중상,차대사람 - 횡단중,보행자보호위반,맑음,2017-09-07_8시,ID_4512
2017,남,49세,승합차,상해없음,남,22세,자전거,경상,차대차 - 측면충돌,안전운전불이행,흐림,2017-08-10_9시,ID_4756
2020,여,57세,자전거,상해없음,여,72세,보행자,중상,차대사람 - 기타,안전운전불이행,맑음,2020-06-18_20시,ID_7039
2016,여,41세,승용차,상해없음,여,53세,자전거,경상,차대차 - 기타,안전운전불이행,맑음,2016-09-29_11시,ID_2651
2018,여,43세,승용차,상해없음,남,37세,자전거,중상,차대차 - 기타,안전운전불이행,맑음,2018-10-22_8시,ID_5234
2019,남,44세,승합차,상해없음,남,51세,자전거,경상,차대차 - 측면충돌,안전운전불이행,맑음,2019-11-14_6시,ID_5959
2016,남,56세,화물차,상해없음,여,70세,자전거,중상,차대차 - 기타,안전운전불이행,맑음,2016-12-12_10시,ID_2131
2020,남,65세,자전거,상해없음,남,73세,자전거,중상,차대차 - 기타,안전운전불이행,맑음,2020-07-08_7시,ID_7046
2019,남,22세,승용차,상해없음,남,70세,자전거,중상,차대차 - 측면충돌,안전운전불이행,맑음,2019-12-16_22시,ID_6493
2017,남,48세,승용차,상해없음,여,56세,자전거,경상,차대차 - 추돌,안전운전불이행,맑음,2017-11-30_18시,ID_4709
2015,남,16세,자전거,상해없음,여,28세,보행자,경상,차대사람 - 횡단중,보행자보호위반,맑음,2015-07-14_8시,ID_1377
2018,남,59세,승용차,상해없음,남,61세,자전거,경상,차대차 - 측면충돌,안전운전불이행,맑음,2018-05-25_18시,ID_5607
2015,남,16세,자전거,상해없음,여,41세,보행자,경상,차대사람 - 길가장자리구역통행중,안전운전불이행,맑음,2015-07-10_8시,ID_1163
2017,남,49세,승용차,상해없음,남,75세,자전거,경상,차대차 - 측면충돌,안전운전불이행,맑음,2017-06-13_9시,ID_4643
2015,남,68세,승합차,상해없음,남,71세,자전거,중상,차대차 - 측면직각충돌,신호위반,맑음,2015-06-01_18시,ID_1836
2020,남,57세,승용차,상해없음,남,65세,자전거,중상,차대차 - 기타,신호위반,맑음,2020-09-28_17시,ID_7439
2017,남,16세,자전거,상해없음,여,46세,자전거,중상,차대차 - 측면충돌,신호위반,맑음,2017-01-17_22시,ID_3805
2020,남,50세,승용차,상해없음,남,47세,자전거,경상,차대차 - 측면충돌,안전운전불이행,맑음,2020-10-05_13시,ID_6955
2020,남,49세,승용차,기타불명,남,25세,자전거,경상,차대차 - 측면충돌,교차로통행방법위반,맑음,2020-05-03_8시,ID_7723
2017,남,20세,승용차,상해없음,남,60세,자전거,경상,차대차 - 측면충돌,안전운전불이행,비,2017-07-31_17시,ID_4273
2020,남,43세,자전거,상해없음,남,13세,자전거,경상,차대차 - 기타,안전운전불이행,맑음,2020-05-31_11시,ID_7038
2015,여,47세,승용차,상해없음,남,17세,자전거,중상,차대차 - 측면직각충돌,신호위반,맑음,2015-12-01_13시,ID_701
2018,남,47세,승합차,상해없음,남,73세,자전거,중상,차대차 - 기타,안전운전불이행,맑음,2018-07-05_11시,ID_5303
2015,남,54세,승합차,상해없음,남,21세,자전거,중상,차대차 - 측면직각충돌,안전운전불이행,맑음,2015-10-28_18시,ID_55
2020,남,44세,건설기계,기타불명,남,51세,자전거,중상,차대차 - 기타,안전운전불이행,맑음,2020-06-22_6시,ID_6838
2017,남,55세,승용차,상해없음,여,46세,자전거,경상,차대차 - 측면충돌,안전운전불이행,맑음,2017-12-19_16시,ID_4764
2016,남,49세,승용차,기타불명,남,51세,자전거,경상,차대차 - 측면직각충돌,안전운전불이행,맑음,2016-05-13_11시,ID_2862
2018,남,46세,승용차,상해없음,여,69세,자전거,경상,차대차 - 기타,안전운전불이행,맑음,2018-01-27_18시,ID_5778
2017,남,53세,승용차,상해없음,남,29세,자전거,경상,차대차 - 추돌,안전운전불이행,흐림,2017-09-22_18시,ID_4207
2019,남,57세,승용차,상해없음,남,76세,자전거,중상,차대차 - 기타,안전운전불이행,맑음,2019-09-10_19시,ID_6214
2015,남,54세,승용차,상해없음,남,62세,자전거,경상,차대차 - 측면직각충돌,신호위반,맑음,2015-03-31_12시,ID_1381
2020,남,45세,자전거,기타불명,남,15세,자전거,경상,차대차 - 정면충돌,기타,맑음,2020-03-31_15시,ID_7091
2020,남,50세,승용차,상해없음,남,73세,자전거,중상,차대차 - 기타,안전운전불이행,맑음,2020-10-20_20시,ID_7114
2019,여,42세,승용차,상해없음,남,77세,자전거,경상,차대차 - 기타,안전운전불이행,맑음,2019-02-01_9시,ID_6454
2019,남,50세,승용차,상해없음,여,66세,자전거,중상,차대차 - 측면충돌,안전운전불이행,맑음,2019-03-27_13시,ID_6276
2015,남,56세,승용차,상해없음,남,47세,자전거,중상,차대차 - 추돌 - 진행중,안전운전불이행,맑음,2015-03-13_16시,ID_216
2018,남,38세,이륜차,상해없음,남,44세,자전거,중상,차대차 - 측면충돌,신호위반,맑음,2018-04-28_12시,ID_5285
2019,남,72세,승용차,상해없음,남,22세,자전거,경상,차대차 - 기타,신호위반,맑음,2019-01-02_9시,ID_5886
2016,남,59세,승용차,상해없음,남,68세,자전거,경상,차대차 - 측면직각충돌,신호위반,맑음,2016-07-19_13시,ID_2682
2018,남,41세,이륜차,상해없음,남,14세,자전거,경상,차대차 - 기타,안전운전불이행,맑음,2018-05-24_0시,ID_5357
2019,남,47세,승합차,상해없음,남,65세,자전거,경상,차대차 - 기타,안전운전불이행,맑음,2019-07-29_10시,ID_6016
2019,여,28세,승용차,상해없음,남,60세,자전거,중상,차대차 - 측면충돌,안전운전불이행,맑음,2019-11-07_17시,ID_6755
2015,남,42세,자전거,부상신고,남,16세,자전거,경상,차대차 - 추돌 - 진행중,안전운전불이행,맑음,2015-07-17_20시,ID_244
2015,남,32세,자전거,상해없음,여,62세,보행자,중상,차대사람 - 기타,안전운전불이행,맑음,2015-06-02_21시,ID_466
2018,남,50세,승용차,상해없음,여,14세,자전거,경상,차대차 - 측면충돌,안전운전불이행,맑음,2018-03-12_18시,ID_5743
2020,남,47세,승합차,상해없음,남,77세,자전거,중상,차대차 - 기타,안전운전불이행,맑음,2020-05-29_4시,ID_7460
2015,남,57세,승용차,상해없음,남,52세,자전거,중상,차대차 - 측면직각충돌,기타,맑음,2015-06-27_6시,ID_145
2017,남,46세,자전거,상해없음,여,39세,자전거,경상,차대차 - 측면충돌,안전운전불이행,맑음,2017-10-06_11시,ID_3842
2015,여,52세,승용차,상해없음,여,22세,자전거,중상,차대차 - 측면직각충돌,안전운전불이행,맑음,2015-03-04_12시,ID_1442
2015,여,43세,승용차,상해없음,남,18세,자전거,중상,차대차 - 측면직각충돌,안전운전불이행,맑음,2015-08-17_17시,ID_793
2020,남,63세,승용차,상해없음,남,41세,자전거,경상,차대차 - 기타,안전운전불이행,맑음,2020-05-08_15시,ID_7456
2019,남,57세,승용차,상해없음,여,55세,자전거,중상,차대차 - 측면충돌,안전운전불이행,맑음,2019-11-29_10시,ID_6708
2015,남,51세,승용차,상해없음,여,53세,자전거,중상,차대차 - 측면직각충돌,안전운전불이행,맑음,2015-02-24_6시,ID_1627
2016,남,33세,승용차,상해없음,여,61세,자전거,경상,차대차 - 정면충돌,안전운전불이행,맑음,2016-12-14_10시,ID_2320
2015,남,62세,승용차,상해없음,여,65세,자전거,중상,차대차 - 측면직각충돌,신호위반,맑음,2015-04-15_5시,ID_595
2018,남,48세,자전거,상해없음,여,25세,자전거,경상,차대차 - 추돌,안전운전불이행,맑음,2018-05-25_17시,ID_5112
2015,남,16세,자전거,상해없음,남,78세,보행자,중상,차대사람 - 보도통행중,기타,맑음,2015-09-11_7시,ID_762
2016,여,47세,승용차,상해없음,여,17세,자전거,경상,차대차 - 측면직각충돌,교차로운행방법위반,맑음,2016-05-31_8시,ID_3284
2016,여,22세,승용차,상해없음,남,57세,자전거,경상,차대차 - 기타,안전운전불이행,맑음,2016-08-07_13시,ID_3457
2016,여,33세,승용차,상해없음,여,20세,자전거,중상,차대차 - 기타,안전운전불이행,맑음,2016-04-02_13시,ID_3182
2016,남,46세,승용차,상해없음,남,16세,자전거,경상,차대차 - 기타,안전운전불이행,맑음,2016-04-28_23시,ID_3277
2019,남,48세,자전거,기타불명,남,67세,자전거,중상,차대차 - 기타,안전운전불이행,맑음,2019-09-15_16시,ID_5909
2020,여,59세,승용차,경상,여,63세,자전거,중상,차대차 - 기타,교차로통행방법위반,맑음,2020-05-20_17시,ID_7192
2020,남,56세,승합차,상해없음,남,41세,자전거,경상,차대차 - 측면충돌,안전운전불이행,맑음,2020-12-11_18시,ID_7099
2016,여,48세,승용차,상해없음,남,23세,자전거,경상,차대차 - 측면직각충돌,안전운전불이행,맑음,2016-01-29_9시,ID_3035
2016,여,54세,자전거,상해없음,남,39세,보행자,경상,차대사람 - 횡단중,안전운전불이행,맑음,2016-10-28_17시,ID_3242
2018,남,23세,승용차,상해없음,여,64세,자전거,중상,차대차 - 측면충돌,안전운전불이행,맑음,2018-12-20_8시,ID_5663
2018,남,52세,화물차,상해없음,남,64세,자전거,경상,차대차 - 기타,중앙선침범,맑음,2018-09-11_12시,ID_4868
2015,남,26세,승용차,상해없음,남,17세,자전거,경상,차대차 - 측면직각충돌,신호위반,맑음,2015-03-27_23시,ID_1355
2017,남,57세,승용차,상해없음,여,58세,자전거,중상,차대차 - 측면충돌,신호위반,비,2017-10-04_1시,ID_4027
2016,여,56세,승용차,상해없음,여,27세,자전거,중상,차대차 - 기타,안전운전불이행,맑음,2016-02-06_15시,ID_2986
2017,여,63세,승용차,상해없음,여,50세,자전거,중상,차대차 - 기타,안전운전불이행,맑음,2017-05-22_8시,ID_4334
2015,남,45세,승용차,상해없음,남,29세,자전거,경상,차대차 - 측면직각충돌,신호위반,맑음,2015-02-01_23시,ID_350
2018,여,50세,승용차,상해없음,여,71세,자전거,중상,차대차 - 기타,안전운전불이행,맑음,2018-02-04_10시,ID_5634
2020,남,54세,승용차,상해없음,남,31세,자전거,경상,차대차 - 기타,교차로통행방법위반,맑음,2020-03-21_17시,ID_7516
2018,여,42세,승용차,상해없음,여,22세,자전거,경상,차대차 - 기타,안전운전불이행,맑음,2018-05-10_8시,ID_5588
2018,남,15세,자전거,상해없음,남,64세,보행자,중상,차대사람 - 보도통행중,기타,맑음,2018-10-30_8시,ID_4919
2017,남,46세,승용차,상해없음,남,59세,자전거,경상,차대차 - 기타,기타,맑음,2017-09-30_18시,ID_3680
2016,남,60세,승용차,상해없음,남,54세,자전거,경상,차대차 - 기타,기타,맑음,2016-02-14_18시,ID_2616
2019,여,35세,승용차,상해없음,남,69세,자전거,경상,차대차 - 측면충돌,안전운전불이행,맑음,2019-08-28_16시,ID_6650
2015,남,36세,승용차,상해없음,여,57세,자전거,중상,차대차 - 기타,안전운전불이행,맑음,2015-04-02_5시,ID_314
2016,남,53세,승용차,상해없음,남,83세,자전거,경상,차대차 - 정면충돌,교차로운행방법위반,맑음,2016-12-03_14시,ID_3311
2019,여,49세,승용차,상해없음,남,78세,자전거,경상,차대차 - 기타,교차로통행방법위반,맑음,2019-10-16_8시,ID_6450
2016,남,24세,승용차,상해없음,남,14세,자전거,경상,차대차 - 측면직각충돌,안전운전불이행,흐림,2016-07-12_18시,ID_2624
2018,여,34세,승용차,상해없음,남,69세,자전거,중상,차대차 - 측면충돌,안전운전불이행,맑음,2018-02-21_14시,ID_4920
2015,남,52세,승용차,상해없음,남,14세,자전거,경상,차대차 - 측면직각충돌,교차로운행방법위반,맑음,2015-08-23_18시,ID_966
2016,남,14세,자전거,상해없음,남,27세,보행자,경상,차대사람 - 횡단중,안전운전불이행,맑음,2016-08-24_22시,ID_2425
2015,남,52세,승용차,상해없음,여,42세,자전거,경상,차대차 - 측면직각충돌,신호위반,비,2015-06-05_14시,ID_513
2017,남,37세,승용차,상해없음,남,65세,자전거,중상,차대차 - 측면충돌,과속,맑음,2017-09-16_4시,ID_4008
2015,여,40세,승용차,상해없음,남,11세,자전거,중상,차대차 - 기타,기타,맑음,2015-06-23_17시,ID_1823
2015,남,35세,자전거,상해없음,여,32세,보행자,경상,차대사람 - 보도통행중,기타,맑음,2015-03-27_16시,ID_576
2017,남,25세,승용차,상해없음,여,58세,자전거,중상,차대차 - 측면충돌,신호위반,맑음,2017-08-30_13시,ID_4283
2015,남,31세,승용차,상해없음,남,22세,자전거,경상,차대차 - 측면직각충돌,안전운전불이행,맑음,2015-06-02_18시,ID_1423
2017,남,24세,승용차,상해없음,남,13세,자전거,중상,차대차 - 기타,신호위반,맑음,2017-11-30_20시,ID_4317
2015,남,46세,승합차,상해없음,남,17세,자전거,중상,차대차 - 측면직각충돌,안전운전불이행,맑음,2015-07-08_16시,ID_308
2017,남,24세,자전거,상해없음,남,41세,이륜차,경상,차대차 - 기타,안전운전불이행,맑음,2017-12-04_22시,ID_3647
2016,여,52세,승용차,상해없음,남,19세,자전거,중상,차대차 - 측면직각충돌,교차로운행방법위반,맑음,2016-05-25_7시,ID_3460
2019,여,41세,승용차,상해없음,여,59세,자전거,중상,차대차 - 측면충돌,안전운전불이행,맑음,2019-12-16_10시,ID_6736
2016,여,58세,승용차,상해없음,남,61세,자전거,경상,차대차 - 추돌 - 진행중,안전운전불이행,맑음,2016-11-19_15시,ID_2191
2017,여,60세,승용차,상해없음,남,80세,자전거,중상,차대차 - 측면충돌,안전운전불이행,맑음,2017-06-09_10시,ID_4704
2019,여,38세,승용차,상해없음,남,11세,자전거,중상,차대차 - 기타,신호위반,맑음,2019-05-07_17시,ID_6506
2019,여,31세,승용차,상해없음,남,68세,자전거,경상,차대차 - 측면충돌,교차로통행방법위반,맑음,2019-07-25_13시,ID_6323
2016,여,57세,승용차,상해없음,남,28세,자전거,경상,차대차 - 측면직각충돌,기타,맑음,2016-10-01_13시,ID_2376
2020,여,54세,승용차,상해없음,남,17세,자전거,경상,차대차 - 기타,안전운전불이행,맑음,2020-01-14_17시,ID_7689
2020,여,56세,자전거,경상,남,65세,자전거,경상,차대차 - 기타,안전운전불이행,맑음,2020-05-07_11시,ID_7673
2020,여,23세,자전거,상해없음,남,52세,보행자,경상,차대사람 - 기타,안전운전불이행,맑음,2020-05-21_18시,ID_7183
2015,남,16세,자전거,부상신고,여,57세,보행자,중상,차대사람 - 길가장자리구역통행중,안전운전불이행,맑음,2015-10-30_18시,ID_1488
2016,남,54세,승용차,상해없음,여,42세,자전거,경상,차대차 - 측면직각충돌,안전운전불이행,맑음,2016-04-04_22시,ID_2181
2019,여,55세,승용차,상해없음,남,27세,자전거,중상,차대차 - 측면충돌,신호위반,맑음,2019-07-12_7시,ID_6237
2020,남,27세,승용차,상해없음,남,34세,자전거,경상,차대차 - 측면충돌,신호위반,맑음,2020-07-11_14시,ID_6968
2017,남,68세,승용차,상해없음,남,76세,자전거,경상,차대차 - 측면충돌,안전운전불이행,맑음,2017-08-26_8시,ID_3639
2017,남,32세,화물차,상해없음,남,16세,자전거,경상,차대차 - 기타,안전운전불이행,맑음,2017-09-15_15시,ID_4262
2017,남,57세,자전거,상해없음,여,66세,자전거,경상,차대차 - 정면충돌,안전운전불이행,맑음,2017-08-13_19시,ID_3789
2015,남,64세,승용차,상해없음,남,13세,자전거,경상,차대차 - 기타,안전운전불이행,맑음,2015-10-31_10시,ID_1133
2018,남,33세,화물차,상해없음,여,58세,자전거,중상,차대차 - 측면충돌,신호위반,비,2018-09-03_21시,ID_5562
2015,여,47세,승용차,상해없음,남,18세,자전거,경상,차대차 - 측면직각충돌,안전운전불이행,맑음,2015-05-07_19시,ID_1607
2020,남,18세,승용차,상해없음,남,66세,자전거,경상,차대차 - 측면충돌,안전운전불이행,맑음,2020-08-24_19시,ID_7755
2020,남,65세,자전거,상해없음,남,42세,이륜차,경상,차대차 - 기타,안전운전불이행,맑음,2020-04-25_13시,ID_6914
2020,남,72세,승용차,상해없음,여,57세,자전거,중상,차대차 - 측면충돌,신호위반,맑음,2020-03-09_6시,ID_6853
2015,남,13세,자전거,상해없음,여,67세,보행자,경상,차대사람 - 길가장자리구역통행중,안전운전불이행,맑음,2015-12-28_15시,ID_587
2016,남,58세,이륜차,상해없음,남,15세,자전거,경상,차대차 - 측면직각충돌,안전운전불이행,맑음,2016-08-12_16시,ID_3440
2015,남,44세,승용차,상해없음,여,53세,자전거,중상,차대차 - 측면직각충돌,신호위반,맑음,2015-11-24_2시,ID_1509
2016,남,61세,승용차,상해없음,남,51세,자전거,중상,차대차 - 기타,안전운전불이행,맑음,2016-05-20_10시,ID_2791
2016,남,47세,자전거,상해없음,여,56세,보행자,경상,차대사람 - 횡단중,신호위반,맑음,2016-10-09_13시,ID_2095
2016,남,14세,자전거,상해없음,여,60세,자전거,경상,차대차 - 정면충돌,안전운전불이행,맑음,2016-05-25_19시,ID_3400
2019,남,27세,승용차,상해없음,남,85세,자전거,중상,차대차 - 측면충돌,안전운전불이행,맑음,2019-10-06_11시,ID_6408