사고년도,가해자성별,가해자연령,가해차종,가해자신체상해정도,피해자성별,피해자연령,피해차종,피해자신체상해정도,사고유형,가해자법규위반,기상상태,시각,사건번호
2016,남,50세,승용차,상해없음,남,30세,자전거,경상,차대차 - 기타,안전운전불이행,맑음,2016-09-12_20시,ID_2823
2017,남,49세,승용차,상해없음,남,8세,자전거,경상,차대차 - 기타,안전운전불이행,맑음,2017-05-18_17시,ID_4011
2016,남,16세,이륜차,상해없음,여,48세,자전거,경상,차대차 - 측면직각충돌,신호위반,맑음,2016-03-13_16시,ID_2498
2017,남,50세,승용차,상해없음,남,18세,자전거,경상,차대차 - 측면충돌,안전운전불이행,맑음,2017-04-24_7시,ID_4797
2019,여,60세,승용차,상해없음,남,49세,자전거,중상,차대차 - 측면충돌,안전운전불이행,맑음,2019-11-13_22시,ID_6246
2015,남,62세,화물차,상해없음,남,58세,자전거,경상,차대차 - 측면직각충돌,안전운전불이행,맑음,2015-12-13_21시,ID_811
2019,남,65세,화물차,상해없음,여,55세,자전거,경상,차대차 - 측면충돌,안전운전불이행,맑음,2019-11-11_10시,ID_6343
2016,남,12세,자전거,상해없음,남,54세,자전거,중상,차대차 - 측면직각충돌,안전운전불이행,맑음,2016-04-23_9시,ID_3482
2015,남,57세,승용차,상해없음,여,78세,자전거,경상,차대차 - 측면직각충돌,안전운전불이행,맑음,2015-05-24_8시,ID_1856
2019,남,41세,승합차,상해없음,남,73세,자전거,중상,차대차 - 측면충돌,안전운전불이행,맑음,2019-01-16_13시,ID_6781
2020,남,16세,자전거,부상신고,여,74세,보행자,중상,차대사람 - 기타,안전운전불이행,맑음,2020-05-21_17시,ID_7126
2015,여,57세,승용차,상해없음,남,47세,자전거,경상,차대차 - 기타,안전운전불이행,맑음,2015-10-15_12시,ID_343
2016,남,41세,승용차,상해없음,남,15세,자전거,중상,차대차 - 추돌 - 진행중,안전운전불이행,맑음,2016-03-17_7시,ID_2266
2015,여,39세,자전거,상해없음,남,59세,보행자,경상,차대사람 - 횡단중,중앙선침범,맑음,2015-09-02_23시,ID_423
2017,남,54세,자전거,상해없음,남,52세,보행자,중상,차대사람 - 횡단중,보행자보호위반,맑음,2017-04-03_21시,ID_4426
2016,남,27세,자전거,상해없음,남,62세,자전거,중상,차대차 - 기타,안전운전불이행,맑음,2016-10-27_15시,ID_3038
2015,남,52세,승용차,상해없음,남,48세,자전거,중상,차대차 - 기타,신호위반,비,2015-01-25_19시,ID_661
2015,남,64세,승용차,상해없음,남,45세,자전거,경상,차대차 - 측면직각충돌,안전운전불이행,맑음,2015-05-20_14시,ID_1595
2017,남,59세,화물차,상해없음,남,29세,자전거,경상,차대차 - 측면충돌,안전운전불이행,맑음,2017-04-22_19시,ID_4340
2016,남,60세,승용차,상해없음,남,19세,자전거,경상,차대차 - 측면직각충돌,신호위반,맑음,2016-12-03_4시,ID_3157
2017,여,30세,승용차,상해없음,남,56세,자전거,중상,차대차 - 측면충돌,교차로운행방법위반,맑음,2017-11-23_14시,ID_3870
2018,여,52세,승용차,상해없음,남,84세,자전거,경상,차대차 - 기타,안전운전불이행,비,2018-08-27_10시,ID_5516
2020,남,40세,승용차,상해없음,남,65세,자전거,경상,차대차 - 기타,안전운전불이행,맑음,2020-12-03_13시,ID_7430
2017,남,38세,원동기장치자전거,상해없음,남,56세,자전거,경상,차대차 - 측면충돌,안전운전불이행,맑음,2017-10-20_9시,ID_3727
2015,남,28세,승용차,상해없음,여,74세,자전거,경상,차대차 - 측면직각충돌,안전운전불이행,맑음,2015-04-04_9시,ID_791
2016,남,33세,승용차,상해없음,남,84세,자전거,중상,차대차 - 측면직각충돌,안전운전불이행,맑음,2016-06-03_20시,ID_3403
2015,남,73세,자전거,상해없음,남,48세,보행자,경상,차대사람 - 기타,안전운전불이행,맑음,2015-08-02_14시,ID_1024
2017,남,56세,승용차,상해없음,여,43세,자전거,경상,차대차 - 기타,안전운전불이행,맑음,2017-12-25_9시,ID_3620
2019,남,50세,승용차,상해없음,여,57세,자전거,경상,차대차 - 측면충돌,신호위반,맑음,2019-07-18_22시,ID_5810
2015,남,31세,승용차,상해없음,남,79세,자전거,중상,차대차 - 기타,안전운전불이행,맑음,2015-12-19_7시,ID_784
2015,남,59세,이륜차,경상,남,46세,자전거,중상,차대차 - 측면직각충돌,신호위반,맑음,2015-08-06_19시,ID_311
2015,여,36세,승용차,상해없음,남,16세,자전거,경상,차대차 - 기타,안전운전불이행,맑음,2015-07-28_19시,ID_242
2017,여,35세,승용차,상해없음,남,57세,자전거,경상,차대차 - 측면충돌,중앙선침범,맑음,2017-07-22_5시,ID_4375
2016,남,27세,승용차,상해없음,여,51세,자전거,경상,차대차 - 정면충돌,안전운전불이행,맑음,2016-04-04_9시,ID_2989
2017,남,59세,승용차,상해없음,남,73세,자전거,경상,차대차 - 측면충돌,기타,맑음,2017-08-17_12시,ID_3829
2016,남,38세,승용차,상해없음,여,17세,자전거,중상,차대차 - 측면직각충돌,교차로운행방법위반,맑음,2016-11-06_20시,ID_3209
2015,남,56세,승용차,상해없음,남,15세,자전거,경상,차대차 - 기타,기타,흐림,2015-10-12_18시,ID_1840
2018,남,48세,승용차,상해없음,남,60세,자전거,중상,차대차 - 기타,신호위반,맑음,2018-10-14_4시,ID_4894
2019,남,26세,승용차,상해없음,남,12세,자전거,경상,차대차 - 측면충돌,안전운전불이행,맑음,2019-05-21_20시,ID_5898
2019,여,56세,승용차,상해없음,남,62세,자전거,중상,차대차 - 기타,안전운전불이행,맑음,2019-03-18_9시,ID_6369
2019,남,48세,승용차,상해없음,남,46세,자전거,경상,차대차 - 추돌,신호위반,맑음,2019-10-01_8시,ID_6122
2015,남,80세,승용차,상해없음,남,13세,자전거,경상,차대차 - 기타,안전운전불이행,맑음,2015-10-10_11시,ID_1563
2016,남,55세,화물차,상해없음,남,58세,자전거,중상,차대차 - 기타,안전운전불이행,맑음,2016-03-22_14시,ID_2685
2018,남,68세,자전거,상해없음,여,62세,보행자,경상,차대사람 - 기타,중앙선침범,맑음,2018-02-27_16시,ID_5134
2016,남,53세,승용차,상해없음,남,70세,자전거,경상,차대차 - 측면직각충돌,안전운전불이행,맑음,2016-11-24_7시,ID_2361
2017,여,62세,승용차,상해없음,여,64세,자전거,중상,차대차 - 측면충돌,안전운전불이행,맑음,2017-11-23_10시,ID_4752
2015,남,60세,승용차,상해없음,여,44세,자전거,경상,차대차 - 측면직각충돌,신호위반,맑음,2015-05-28_8시,ID_1425
2015,남,27세,승용차,상해없음,남,55세,자전거,경상,차대차 - 기타,교차로운행방법위반,맑음,2015-05-10_20시,ID_874
2017,남,27세,승용차,상해없음,여,47세,자전거,경상,차대차 - 측면충돌,안전운전불이행,맑음,2017-01-31_9시,ID_4318
2020,여,55세,승용차,상해없음,여,68세,자전거,중상,차대차 - 측면충돌,신호위반,맑음,2020-05-12_15시,ID_7362
2016,남,53세,승용차,상해없음,남,57세,자전거,중상,차대차 - 측면직각충돌,교차로운행방법위반,맑음,2016-09-19_7시,ID_2681
2020,남,57세,자전거,상해없음,여,44세,자전거,경상,차대차 - 기타,안전운전불이행,맑음,2020-04-13_19시,ID_6854
2016,남,31세,이륜차,상해없음,남,24세,자전거,경상,차대차 - 측면직각충돌,안전운전불이행,맑음,2016-12-25_6시,ID_3558
2016,남,26세,승용차,상해없음,남,12세,자전거,중상,차대차 - 측면직각충돌,신호위반,맑음,2016-12-04_17시,ID_2217
2016,남,15세,자전거,상해없음,여,19세,보행자,경상,차대사람 - 횡단중,중앙선침범,맑음,2016-02-18_19시,ID_2189
2018,여,47세,승용차,상해없음,남,53세,자전거,중상,차대차 - 측면충돌,신호위반,맑음,2018-06-07_7시,ID_5600
2019,남,20세,이륜차,경상,남,58세,자전거,경상,차대차 - 측면충돌,안전운전불이행,맑음,2019-05-24_10시,ID_5848
2020,남,31세,자전거,상해없음,여,26세,자전거,중상,차대차 - 기타,중앙선침범,맑음,2020-07-02_10시,ID_7052
2018,남,31세,자전거,부상신고,여,52세,보행자,중상,차대사람 - 횡단중,안전운전불이행,맑음,2018-10-08_21시,ID_4889
2015,남,45세,원동기장치자전거,상해없음,남,43세,자전거,중상,차대차 - 기타,안전운전불이행,맑음,2015-09-26_19시,ID_905
2015,남,27세,승용차,상해없음,여,55세,자전거,중상,차대차 - 측면직각충돌,안전운전불이행,맑음,2015-03-13_21시,ID_1445
2015,남,24세,승용차,상해없음,남,56세,자전거,중상,차대차 - 측면직각충돌,안전운전불이행,맑음,2015-08-06_18시,ID_1463
2015,남,56세,승합차,상해없음,남,19세,자전거,경상,차대차 - 기타,신호위반,맑음,2015-12-30_22시,ID_1691
2019,남,54세,화물차,상해없음,여,63세,자전거,경상,차대차 - 기타,안전운전불이행,맑음,2019-02-18_16시,ID_6284
2016,남,67세,승용차,상해없음,여,27세,자전거,경상,차대차 - 기타,신호위반,맑음,2016-01-26_8시,ID_2617
2016,남,57세,승용차,상해없음,여,57세,자전거,중상,차대차 - 측면직각충돌,신호위반,맑음,2016-08-04_21시,ID_2673
2019,남,41세,승용차,상해없음,남,75세,자전거,중상,차대차 - 기타,안전운전불이행,맑음,2019-11-01_12시,ID_6462
2015,남,51세,자전거,상해없음,남,58세,자전거,경상,차대차 - 기타,안전운전불이행,맑음,2015-08-29_8시,ID_1712
2015,남,55세,자전거,상해없음,여,23세,자전거,경상,차대차 - 추돌 - 진행중,안전운전불이행,맑음,2015-08-21_18시,ID_705
2016,남,62세,승합차,상해없음,여,15세,자전거,경상,차대차 - 측면직각충돌,안전운전불이행,맑음,2016-06-07_9시,ID_2566
2016,남,75세,승용차,상해없음,여,52세,자전거,경상,차대차 - 추돌 - 진행중,안전운전불이행,맑음,2016-03-04_4시,ID_2182
2018,남,48세,승용차,상해없음,남,40세,자전거,경상,차대차 - 기타,안전운전불이행,맑음,2018-05-14_18시,ID_4875
2015,남,20세,자전거,경상,남,18세,자전거,경상,차대차 - 측면직각충돌,안전운전불이행,맑음,2015-05-10_13시,ID_492
2018,남,44세,승용차,상해없음,남,78세,자전거,중상,차대차 - 기타,안전운전불이행,맑음,2018-09-29_18시,ID_5469
2018,여,40세,승용차,상해없음,남,11세,자전거,경상,차대차 - 측면충돌,안전운전불이행,맑음,2018-06-12_15시,ID_5643
2016,남,33세,승용차,상해없음,여,37세,자전거,경상,차대차 - 측면직각충돌,불법유턴,맑음,2016-01-31_18시,ID_2744
2015,남,25세,이륜차,상해없음,남,14세,자전거,경상,차대차 - 측면직각충돌,신호위반,비,2015-12-14_20시,ID_1008
2017,남,24세,승용차,상해없음,여,76세,자전거,경상,차대차 - 측면충돌,신호위반,맑음,2017-12-29_15시,ID_4282
2016,남,61세,승용차,기타불명,여,33세,자전거,중상,차대차 - 기타,안전운전불이행,흐림,2016-04-03_8시,ID_2598
2020,남,68세,승용차,상해없음,남,77세,자전거,중상,차대차 - 측면충돌,안전운전불이행,맑음,2020-09-19_16시,ID_7795
2019,남,51세,화물차,상해없음,남,70세,자전거,중상,차대차 - 측면충돌,교차로통행방법위반,맑음,2019-03-28_10시,ID_6729
2019,남,55세,승용차,상해없음,여,68세,자전거,중상,차대차 - 기타,기타,맑음,2019-06-17_17시,ID_6658
2015,남,48세,승용차,상해없음,남,77세,자전거,경상,차대차 - 측면직각충돌,안전운전불이행,맑음,2015-03-02_7시,ID_1831
2019,남,56세,승용차,상해없음,남,56세,자전거,경상,차대차 - 기타,신호위반,맑음,2019-03-13_8시,ID_6603
2018,남,66세,화물차,상해없음,여,36세,자전거,경상,차대차 - 측면충돌,안전운전불이행,맑음,2018-06-21_12시,ID_5570
2016,남,31세,승용차,상해없음,여,12세,자전거,경상,차대차 - 측면직각충돌,안전운전불이행,맑음,2016-09-29_18시,ID_2573
2017,남,36세,승용차,상해없음,남,23세,자전거,경상,차대차 - 측면충돌,신호위반,맑음,2017-08-02_17시,ID_3696
2018,남,23세,자전거,상해없음,남,27세,보행자,경상,차대사람 - 보도통행중,안전운전불이행,맑음,2018-07-12_20시,ID_5628
2018,여,44세,승용차,상해없음,남,61세,자전거,경상,차대차 - 측면충돌,안전운전불이행,맑음,2018-08-06_8시,ID_5645
2015,남,57세,승합차,상해없음,남,62세,자전거,경상,차대차 - 기타,안전거리미확보,맑음,2015-10-26_15시,ID_160
2018,남,66세,승용차,상해없음,남,23세,자전거,중상,차대차 - 기타,안전운전불이행,맑음,2018-08-08_1시,ID_4886
2015,남,57세,승용차,상해없음,남,29세,자전거,중상,차대차 - 기타,안전운전불이행,맑음,2015-04-23_11시,ID_1898
2019,남,66세,승합차,상해없음,여,22세,자전거,경상,차대차 - 측면충돌,안전운전불이행,맑음,2019-10-22_10시,ID_6101
2015,여,50세,승용차,상해없음,남,13세,자전거,중상,차대차 - 추돌 - 진행중,안전거리미확보,맑음,2015-05-01_18시,ID_1617
2018,남,59세,승용차,상해없음,여,57세,자전거,경상,차대차 - 측면충돌,안전운전불이행,맑음,2018-03-29_1시,ID_5541
2018,남,75세,승용차,상해없음,남,61세,자전거,경상,차대차 - 측면충돌,안전운전불이행,맑음,2018-06-25_17시,ID_5311
2019,남,45세,승용차,상해없음,남,69세,자전거,경상,차대차 - 측면충돌,신호위반,맑음,2019-04-09_10시,ID_6738
2016,남,51세,이륜차,상해없음,여,50세,자전거,경상,차대차 - 측면직각충돌,교차로운행방법위반,맑음,2016-09-13_9시,ID_3104
2015,남,40세,승용차,상해없음,여,18세,자전거,경상,차대차 - 측면직각충돌,기타,맑음,2015-11-17_21시,ID_47
2015,남,72세,승용차,기타불명,남,53세,자전거,중상,차대차 - 추돌 - 진행중,안전운전불이행,맑음,2015-08-14_17시,ID_1408
2015,남,49세,자전거,상해없음,남,51세,자전거,중상,차대차 - 기타,안전운전불이행,맑음,2015-11-23_6시,ID_1300
2016,남,13세,자전거,상해없음,여,57세,보행자,경상,차대사람 - 횡단중,보행자보호위반,맑음,2016-06-16_15시,ID_2268
2020,남,54세,이륜차,상해없음,남,69세,자전거,중상,차대차 - 측면충돌,안전운전불이행,맑음,2020-04-11_15시,ID_7476
2015,남,64세,승용차,상해없음,남,33세,자전거,경상,차대차 - 측면직각충돌,안전운전불이행,맑음,2015-03-27_15시,ID_759
2016,남,51세,승용차,상해없음,남,21세,자전거,경상,차대차 - 측면직각충돌,안전운전불이행,맑음,2016-06-25_10시,ID_3465
2017,남,48세,승용차,상해없음,남,47세,자전거,경상,차대차 - 기타,안전운전불이행,맑음,2017-05-14_21시,ID_3649
2020,여,53세,승용차,상해없음,남,65세,자전거,중상,차대차 - 측면충돌,안전운전불이행,흐림,2020-05-10_14시,ID_6995
2019,남,35세,승용차,상해없음,여,47세,자전거,경상,차대차 - 기타,안전운전불이행,맑음,2019-07-25_10시,ID_6357
2017,남,55세,화물차,상해없음,남,69세,자전거,중상,차대차 - 기타,안전운전불이행,맑음,2017-05-08_7시,ID_4050
2015,남,35세,승용차,상해없음,여,61세,자전거,경상,차대차 - 측면직각충돌,안전운전불이행,맑음,2015-11-04_6시,ID_255
2015,여,47세,승용차,상해없음,여,39세,자전거,경상,차대차 - 측면직각충돌,안전운전불이행,맑음,2015-05-04_12시,ID_876
2015,남,63세,승용차,상해없음,여,56세,자전거,경상,차대차 - 기타,신호위반,비,2015-06-26_9시,ID_574
2020,남,66세,자전거,상해없음,여,67세,보행자,경상,차대사람 - 기타,안전운전불이행,비,2020-08-03_11시,ID_7040
2016,남,37세,자전거,부상신고,여,19세,원동기장치자전거,중상,차대차 - 측면직각충돌,안전운전불이행,맑음,2016-06-24_19시,ID_2444
2017,남,35세,승용차,상해없음,여,45세,자전거,경상,차대차 - 측면충돌,신호위반,맑음,2017-06-11_9시,ID_3939
2015,남,46세,화물차,상해없음,남,54세,자전거,경상,차대차 - 측면직각충돌,안전운전불이행,맑음,2015-04-01_23시,ID_691
2016,남,26세,승용차,상해없음,남,76세,자전거,중상,차대차 - 측면직각충돌,안전운전불이행,맑음,2016-04-14_7시,ID_2892
2017,남,59세,화물차,상해없음,여,53세,자전거,경상,차대차 - 기타,안전운전불이행,맑음,2017-08-25_11시,ID_4056
2016,남,61세,승용차,상해없음,남,23세,자전거,중상,차대차 - 측면직각충돌,안전운전불이행,맑음,2016-09-06_21시,ID_2349
2016,남,50세,승용차,상해없음,여,64세,자전거,중상,차대차 - 정면충돌,신호위반,맑음,2016-11-12_7시,ID_3514
2018,남,76세,승용차,상해없음,여,31세,자전거,중상,차대차 - 기타,안전운전불이행,맑음,2018-10-12_11시,ID_5346
2019,남,60세,화물차,상해없음,남,73세,자전거,경상,차대차 - 기타,안전운전불이행,맑음,2019-04-15_10시,ID_6325
2017,남,78세,승용차,상해없음,남,18세,자전거,중상,차대차 - 측면충돌,안전운전불이행,맑음,2017-04-28_12시,ID_4800
2016,여,41세,승용차,상해없음,여,81세,자전거,중상,차대차 - 측면직각충돌,안전운전불이행,맑음,2016-02-25_14시,ID_3268
2015,여,58세,이륜차,상해없음,남,71세,자전거,경상,차대차 - 측면직각충돌,신호위반,맑음,2015-02-10_14시,ID_94
2017,남,31세,화물차,상해없음,남,36세,자전거,경상,차대차 - 기타,안전운전불이행,맑음,2017-01-18_7시,ID_4238
2018,여,64세,승용차,상해없음,남,79세,자전거,중상,차대차 - 추돌,안전운전불이행,맑음,2018-04-20_10시,ID_5592
2017,여,52세,승용차,상해없음,남,45세,자전거,중상,차대차 - 측면충돌,안전운전불이행,맑음,2017-09-18_17시,ID_4215
2015,남,52세,승용차,상해없음,남,12세,자전거,경상,차대차 - 기타,직진우회전진행방해,맑음,2015-07-08_17시,ID_122
2020,남,60세,화물차,상해없음,남,85세,자전거,경상,차대차 - 기타,안전운전불이행,맑음,2020-03-17_15시,ID_7727
2017,여,36세,승용차,상해없음,남,59세,자전거,경상,차대차 - 측면충돌,안전운전불이행,맑음,2017-06-01_8시,ID_3605
2016,남,76세,화물차,기타불명,남,77세,자전거,경상,차대차 - 기타,안전운전불이행,맑음,2016-08-11_9시,ID_3582
2019,남,53세,승용차,상해없음,남,70세,자전거,경상,차대차 - 측면충돌,안전운전불이행,맑음,2019-10-17_17시,ID_6773
2016,남,12세,자전거,상해없음,여,5세,보행자,경상,차대사람 - 횡단중,안전운전불이행,맑음,2016-07-14_8시,ID_3162
2016,남,52세,승용차,상해없음,남,24세,자전거,중상,차대차 - 측면직각충돌,안전운전불이행,맑음,2016-08-08_8시,ID_3116
2016,남,30세,이륜차,상해없음,여,74세,자전거,경상,차대차 - 기타,교차로운행방법위반,맑음,2016-03-10_10시,ID_3455
2016,여,53세,승용차,상해없음,여,30세,자전거,경상,차대차 - 기타,기타,맑음,2016-03-21_16시,ID_2323
2019,여,50세,승용차,상해없음,남,71세,자전거,중상,차대차 - 측면충돌,안전운전불이행,맑음,2019-12-30_18시,ID_6283
2015,남,28세,승용차,상해없음,남,23세,자전거,중상,차대차 - 측면직각충돌,신호위반,맑음,2015-08-30_22시,ID_1440
2016,남,53세,자전거,경상,남,36세,자전거,경상,차대차 - 기타,안전운전불이행,맑음,2016-11-26_11시,ID_2480
2018,여,53세,승용차,상해없음,남,60세,자전거,경상,차대차 - 추돌,신호위반,맑음,2018-02-04_8시,ID_5061
2019,남,62세,화물차,상해없음,남,56세,자전거,경상,차대차 - 추돌,안전운전불이행,맑음,2019-12-08_6시,ID_6735
2016,여,28세,승용차,상해없음,남,33세,자전거,경상,차대차 - 측면직각충돌,신호위반,맑음,2016-04-05_8시,ID_2056
2018,남,58세,자전거,상해없음,남,82세,자전거,경상,차대차 - 기타,안전운전불이행,맑음,2018-09-08_13시,ID_5024
2020,남,45세,화물차,상해없음,남,68세,자전거,중상,차대차 - 기타,안전거리미확보,흐림,2020-12-08_14시,ID_6943
2015,남,27세,승용차,상해없음,남,14세,자전거,경상,차대차 - 측면직각충돌,안전운전불이행,맑음,2015-10-04_15시,ID_549
2016,여,43세,승용차,기타불명,남,76세,자전거,중상,차대차 - 기타,안전운전불이행,맑음,2016-04-18_5시,ID_3101
2015,남,25세,자전거,상해없음,남,40세,자전거,경상,차대차 - 추돌 - 진행중,안전운전불이행,맑음,2015-09-09_19시,ID_305
2019,남,66세,자전거,상해없음,남,16세,보행자,경상,차대사람 - 기타,안전운전불이행,흐림,2019-06-27_16시,ID_5935
2017,남,62세,승용차,상해없음,여,52세,자전거,중상,차대차 - 기타,안전운전불이행,맑음,2017-11-15_16시,ID_4748
2019,남,61세,승용차,상해없음,남,25세,자전거,경상,차대차 - 기타,안전운전불이행,맑음,2019-06-22_11시,ID_5823
2016,남,37세,승용차,상해없음,남,64세,자전거,경상,차대차 - 추돌 - 진행중,안전운전불이행,맑음,2016-11-10_8시,ID_2173
2017,남,25세,승용차,상해없음,남,34세,자전거,경상,차대차 - 측면충돌,신호위반,맑음,2017-01-14_22시,ID_4536
2018,남,26세,이륜차,상해없음,여,61세,자전거,중상,차대차 - 측면충돌,안전운전불이행,맑음,2018-11-26_9시,ID_5689
2015,남,36세,승용차,상해없음,여,27세,자전거,경상,차대차 - 측면직각충돌,안전운전불이행,맑음,2015-05-17_17시,ID_628
2016,남,38세,이륜차,상해없음,남,25세,자전거,경상,차대차 - 정면충돌,안전운전불이행,맑음,2016-09-10_23시,ID_2759
2016,남,64세,승용차,상해없음,남,78세,자전거,경상,차대차 - 측면직각충돌,안전운전불이행,맑음,2016-09-28_6시,ID_2118
2020,남,36세,승용차,상해없음,남,58세,자전거,경상,차대차 - 측면충돌,안전운전불이행,맑음,2020-09-14_19시,ID_6898
2016,여,48세,승용차,상해없음,여,54세,자전거,중상,차대차 - 측면직각충돌,안전운전불이행,맑음,2016-04-12_7시,ID_2505
2015,남,43세,승용차,상해없음,여,24세,자전거,중상,차대차 - 측면직각충돌,안전운전불이행,맑음,2015-05-21_22시,ID_624
2018,남,66세,승용차,상해없음,남,35세,자전거,경상,차대차 - 기타,교차로통행방법위반,맑음,2018-05-19_1시,ID_4891
2015,남,62세,승용차,상해없음,남,56세,자전거,경상,차대차 - 측면직각충돌,안전운전불이행,맑음,2015-03-14_20시,ID_2015
2015,남,55세,승용차,상해없음,남,21세,자전거,중상,차대차 - 추돌 - 진행중,신호위반,맑음,2015-04-11_22시,ID_1995
2019,여,41세,승용차,상해없음,남,78세,자전거,중상,차대차 - 측면충돌,안전운전불이행,맑음,2019-04-19_18시,ID_5943
2019,여,61세,승용차,상해없음,남,76세,자전거,중상,차대차 - 측면충돌,안전운전불이행,맑음,2019-12-16_17시,ID_6770
2016,남,62세,승합차,기타불명,여,62세,자전거,중상,차대차 - 정면충돌,안전운전불이행,맑음,2016-04-11_6시,ID_2993
2016,남,54세,승용차,상해없음,남,8세,자전거,경상,차대차 - 기타,안전운전불이행,맑음,2016-05-29_10시,ID_3420
2015,여,49세,승용차,상해없음,여,23세,자전거,중상,차대차 - 측면직각충돌,안전운전불이행,맑음,2015-10-16_8시,ID_1027
2017,여,37세,승용차,상해없음,여,54세,자전거,중상,차대차 - 기타,안전운전불이행,맑음,2017-11-13_8시,ID_4688
2015,여,52세,승용차,상해없음,남,67세,자전거,경상,차대차 - 기타,안전운전불이행,맑음,2015-02-23_15시,ID_951
2020,남,44세,승용차,상해없음,남,38세,자전거,경상,차대차 - 측면충돌,교차로통행방법위반,맑음,2020-03-18_8시,ID_7575
2017,남,35세,승용차,상해없음,남,14세,자전거,중상,차대차 - 측면충돌,직진우회전진행방해,맑음,2017-03-02_8시,ID_3828
2016,남,35세,자전거,상해없음,남,65세,승용차,경상,차대차 - 측면직각충돌,안전운전불이행,맑음,2016-10-26_6시,ID_3163
2015,남,55세,화물차,상해없음,남,70세,자전거,경상,차대차 - 기타,기타,맑음,2015-04-25_13시,ID_197
2015,남,58세,승용차,상해없음,남,57세,자전거,중상,차대차 - 측면직각충돌,안전운전불이행,맑음,2015-06-03_10시,ID_173
2017,남,63세,승용차,상해없음,여,73세,자전거,중상,차대차 - 기타,직진우회전진행방해,맑음,2017-06-28_6시,ID_3626
2019,남,18세,자전거,상해없음,여,78세,보행자,중상,차대사람 - 기타,안전운전불이행,맑음,2019-11-18_15시,ID_5917
2016,남,55세,승용차,상해없음,여,58세,자전거,경상,차대차 - 측면직각충돌,안전운전불이행,맑음,2016-10-10_13시,ID_2490
2016,남,53세,승용차,상해없음,남,12세,자전거,경상,차대차 - 측면직각충돌,안전운전불이행,맑음,2016-05-21_16시,ID_2628
2018,남,52세,화물차,상해없음,남,62세,자전거,중상,차대차 - 기타,신호위반,맑음,2018-05-10_12시,ID_4839
2020,남,49세,승용차,상해없음,남,35세,자전거,중상,차대차 - 측면충돌,안전운전불이행,맑음,2020-05-25_22시,ID_7087
2020,남,35세,승용차,상해없음,남,55세,자전거,경상,차대차 - 기타,안전운전불이행,맑음,2020-10-12_7시,ID_7697
2017,남,51세,승합차,상해없음,남,64세,자전거,경상,차대차 - 기타,안전운전불이행,비,2017-02-22_11시,ID_4355
2017,남,59세,승용차,상해없음,남,31세,자전거,경상,차대차 - 측면충돌,직진우회전진행방해,맑음,2017-09-26_15시,ID_4131
2015,남,53세,승용차,상해없음,남,70세,자전거,경상,차대차 - 측면직각충돌,안전운전불이행,비,2015-11-06_18시,ID_1437
2019,남,14세,자전거,상해없음,남,50세,자전거,경상,차대차 - 측면충돌,안전운전불이행,맑음,2019-06-29_18시,ID_6129
2015,남,49세,승용차,상해없음,남,16세,자전거,경상,차대차 - 측면직각충돌,기타,맑음,2015-07-13_19시,ID_1069
2019,남,58세,승용차,상해없음,여,57세,자전거,경상,차대차 - 기타,안전운전불이행,맑음,2019-04-10_17시,ID_6560
2017,여,26세,승용차,상해없음,남,26세,자전거,경상,차대차 - 측면충돌,안전운전불이행,맑음,2017-06-26_14시,ID_4163
2016,남,42세,승용차,상해없음,여,38세,자전거,중상,차대차 - 측면직각충돌,기타,맑음,2016-04-22_21시,ID_2466
2016,남,30세,승용차,상해없음,여,67세,자전거,경상,차대차 - 측면직각충돌,직진우회전진행방해,맑음,2016-03-27_6시,ID_2535
2020,남,13세,자전거,경상,남,25세,자전거,중상,차대차 - 기타,안전운전불이행,맑음,2020-06-27_16시,ID_6841
2016,남,63세,승용차,상해없음,남,62세,자전거,경상,차대차 - 측면직각충돌,안전운전불이행,맑음,2016-06-18_8시,ID_3532
2020,남,66세,자전거,상해없음,남,52세,자전거,중상,차대차 - 기타,안전운전불이행,맑음,2020-09-13_9시,ID_7514
2020,남,70세,승용차,상해없음,여,41세,자전거,중상,차대차 - 측면충돌,안전운전불이행,맑음,2020-03-14_10시,ID_7823
2016,남,32세,자전거,상해없음,여,46세,자전거,중상,차대차 - 정면충돌,안전운전불이행,맑음,2016-09-30_18시,ID_3218
2016,남,70세,승용차,상해없음,남,71세,자전거,경상,차대차 - 측면직각충돌,안전운전불이행,맑음,2016-09-12_14시,ID_2679
2018,남,56세,승용차,상해없음,남,37세,자전거,중상,차대차 - 기타,기타,맑음,2018-06-28_16시,ID_5676
2016,남,55세,화물차,상해없음,남,31세,자전거,경상,차대차 - 추돌 - 진행중,교차로운행방법위반,맑음,2016-03-08_19시,ID_3125
2017,여,31세,승용차,상해없음,남,83세,자전거,중상,차대차 - 측면충돌,안전운전불이행,맑음,2017-06-20_8시,ID_4026