사고년도,가해자성별,가해자연령,가해차종,가해자신체상해정도,피해자성별,피해자연령,피해차종,피해자신체상해정도,사고유형,가해자법규위반,기상상태,시각,사건번호
2016,남,58세,승용차,상해없음,남,36세,자전거,중상,차대차 - 측면직각충돌,신호위반,맑음,2016-05-18_23시,ID_3211
2015,남,56세,화물차,상해없음,남,61세,자전거,중상,차대차 - 측면직각충돌,신호위반,맑음,2015-09-25_7시,ID_58
2017,남,50세,승용차,상해없음,남,67세,자전거,중상,차대차 - 기타,안전운전불이행,맑음,2017-06-20_11시,ID_4372
2019,남,60세,원동기장치자전거,상해없음,남,50세,자전거,중상,차대차 - 기타,신호위반,맑음,2019-06-04_15시,ID_5989
2018,남,27세,이륜차,상해없음,여,67세,자전거,중상,차대차 - 기타,신호위반,맑음,2018-04-04_12시,ID_5471
2020,남,73세,승용차,상해없음,남,86세,자전거,경상,차대차 - 기타,안전운전불이행,맑음,2020-05-24_14시,ID_7725
2019,남,55세,승용차,상해없음,남,72세,자전거,경상,차대차 - 측면충돌,안전운전불이행,맑음,2019-07-27_12시,ID_6465
2015,남,42세,화물차,상해없음,여,56세,자전거,경상,차대차 - 측면직각충돌,기타,맑음,2015-11-11_13시,ID_391
2016,남,31세,승용차,상해없음,남,11세,자전거,경상,차대차 - 측면직각충돌,교차로운행방법위반,맑음,2016-09-25_11시,ID_2788
2015,여,45세,승용차,상해없음,남,11세,자전거,경상,차대차 - 측면직각충돌,교차로운행방법위반,맑음,2015-10-24_14시,ID_1107
2018,남,23세,화물차,상해없음,남,75세,자전거,경상,차대차 - 측면충돌,신호위반,맑음,2018-08-07_6시,ID_5413
2018,여,55세,승용차,상해없음,남,13세,자전거,중상,차대차 - 기타,안전운전불이행,맑음,2018-07-08_9시,ID_4973
2016,여,53세,승용차,상해없음,남,21세,자전거,경상,차대차 - 정면충돌,안전운전불이행,맑음,2016-07-13_11시,ID_2872
2016,남,65세,승용차,상해없음,남,49세,자전거,중상,차대차 - 기타,안전운전불이행,맑음,2016-09-22_16시,ID_2999
2018,남,76세,승용차,상해없음,남,13세,자전거,경상,차대차 - 측면충돌,안전운전불이행,맑음,2018-05-14_17시,ID_5686
2017,남,74세,원동기장치자전거,상해없음,여,50세,자전거,경상,차대차 - 측면충돌,안전운전불이행,맑음,2017-02-24_8시,ID_4065
2018,남,25세,승합차,상해없음,남,58세,자전거,경상,차대차 - 측면충돌,안전운전불이행,비,2018-08-29_23시,ID_5549
2020,남,72세,승용차,상해없음,여,64세,자전거,중상,차대차 - 기타,안전운전불이행,맑음,2020-08-05_8시,ID_7465
2015,여,32세,승용차,상해없음,남,66세,자전거,중상,차대차 - 측면직각충돌,신호위반,맑음,2015-03-21_15시,ID_1139
2020,남,69세,승용차,상해없음,여,56세,자전거,경상,차대차 - 기타,안전운전불이행,맑음,2020-10-13_7시,ID_7742
2020,남,66세,승용차,상해없음,남,59세,자전거,경상,차대차 - 기타,안전운전불이행,맑음,2020-12-31_14시,ID_7024
2018,여,47세,승용차,상해없음,남,57세,자전거,경상,차대차 - 측면충돌,안전운전불이행,맑음,2018-06-22_18시,ID_5248
2019,남,56세,승용차,상해없음,남,65세,자전거,중상,차대차 - 기타,안전거리미확보,맑음,2019-06-29_17시,ID_6528
2015,남,22세,승용차,상해없음,여,26세,자전거,경상,차대차 - 측면직각충돌,안전운전불이행,맑음,2015-06-24_9시,ID_1242
2018,남,43세,승용차,상해없음,남,76세,자전거,경상,차대차 - 측면충돌,안전운전불이행,맑음,2018-04-11_12시,ID_5684
2018,남,46세,화물차,상해없음,여,55세,자전거,경상,차대차 - 측면충돌,교차로통행방법위반,맑음,2018-04-12_16시,ID_5710
2017,남,48세,승용차,상해없음,여,42세,자전거,경상,차대차 - 측면충돌,안전운전불이행,맑음,2017-10-01_21시,ID_4462
2016,남,47세,자전거,상해없음,여,42세,보행자,경상,차대사람 - 기타,안전운전불이행,맑음,2016-07-28_2시,ID_2692
2017,여,51세,승용차,상해없음,남,76세,자전거,중상,차대차 - 측면충돌,안전운전불이행,맑음,2017-06-12_6시,ID_4038
2018,여,56세,승용차,상해없음,남,22세,자전거,경상,차대차 - 측면충돌,안전운전불이행,맑음,2018-07-13_19시,ID_5332
2019,남,70세,승용차,상해없음,남,39세,자전거,중상,차대차 - 측면충돌,신호위반,맑음,2019-08-18_20시,ID_6573
2015,남,50세,승용차,상해없음,남,43세,자전거,중상,차대차 - 기타,중앙선침범,맑음,2015-05-06_22시,ID_2022
2015,남,57세,승용차,상해없음,남,13세,자전거,중상,차대차 - 측면직각충돌,안전운전불이행,맑음,2015-06-14_17시,ID_1039
2016,여,29세,승용차,상해없음,남,8세,자전거,경상,차대차 - 기타,안전운전불이행,맑음,2016-07-12_18시,ID_2243
2018,남,64세,승용차,상해없음,남,62세,자전거,중상,차대차 - 측면충돌,신호위반,맑음,2018-04-11_20시,ID_4959
2018,남,13세,자전거,상해없음,남,42세,자전거,중상,차대차 - 기타,안전운전불이행,맑음,2018-07-08_22시,ID_5037
2019,여,47세,승용차,상해없음,남,13세,자전거,경상,차대차 - 측면충돌,안전운전불이행,맑음,2019-07-29_12시,ID_6690
2019,남,27세,승용차,상해없음,남,25세,자전거,경상,차대차 - 측면충돌,안전운전불이행,맑음,2019-06-15_10시,ID_6637
2020,남,65세,자전거,상해없음,여,47세,보행자,중상,차대사람 - 보도통행중,기타,맑음,2020-11-16_8시,ID_7354
2015,남,48세,승합차,상해없음,남,87세,자전거,경상,차대차 - 기타,안전운전불이행,맑음,2015-07-11_10시,ID_984
2016,남,16세,자전거,상해없음,남,5세,보행자,경상,차대사람 - 횡단중,안전운전불이행,맑음,2016-07-28_20시,ID_2428
2015,남,51세,승용차,상해없음,남,51세,자전거,경상,차대차 - 측면직각충돌,기타,맑음,2015-05-01_7시,ID_12
2019,남,49세,승용차,상해없음,남,48세,자전거,중상,차대차 - 기타,신호위반,맑음,2019-10-11_8시,ID_5856
2015,남,70세,승용차,상해없음,남,74세,자전거,중상,차대차 - 기타,안전운전불이행,맑음,2015-07-24_16시,ID_850
2020,남,38세,승용차,상해없음,남,15세,자전거,경상,차대차 - 측면충돌,안전운전불이행,맑음,2020-01-28_18시,ID_7343
2019,남,22세,승용차,상해없음,남,84세,자전거,중상,차대차 - 측면충돌,안전운전불이행,맑음,2019-12-27_7시,ID_6819
2019,남,14세,자전거,상해없음,여,68세,보행자,중상,차대사람 - 보도통행중,기타,맑음,2019-11-29_15시,ID_6163
2020,남,63세,화물차,상해없음,남,62세,자전거,경상,차대차 - 측면충돌,안전운전불이행,맑음,2020-10-16_13시,ID_7617
2015,남,31세,자전거,상해없음,여,22세,자전거,경상,차대차 - 추돌 - 진행중,안전운전불이행,맑음,2015-06-21_18시,ID_579
2015,남,50세,자전거,경상,남,48세,원동기장치자전거,중상,차대차 - 추돌 - 진행중,안전운전불이행,맑음,2015-05-22_17시,ID_537
2015,남,62세,승용차,상해없음,남,66세,자전거,경상,차대차 - 기타,안전운전불이행,맑음,2015-04-11_14시,ID_2007
2016,남,26세,승용차,상해없음,남,71세,자전거,경상,차대차 - 기타,안전운전불이행,비,2016-12-21_16시,ID_3176
2015,남,40세,화물차,상해없음,여,63세,자전거,중상,차대차 - 기타,신호위반,맑음,2015-08-18_13시,ID_1688
2017,남,30세,승용차,상해없음,남,38세,자전거,중상,차대차 - 측면충돌,안전운전불이행,맑음,2017-05-29_22시,ID_4211
2017,남,43세,승용차,상해없음,남,76세,자전거,중상,차대차 - 측면충돌,신호위반,맑음,2017-10-05_17시,ID_4446
2015,남,28세,승용차,상해없음,남,68세,자전거,경상,차대차 - 기타,안전운전불이행,맑음,2015-09-10_18시,ID_1201
2015,남,57세,건설기계,상해없음,남,68세,자전거,경상,차대차 - 기타,안전운전불이행,맑음,2015-07-21_15시,ID_854
2018,남,25세,화물차,상해없음,여,57세,자전거,경상,차대차 - 측면충돌,안전운전불이행,맑음,2018-12-01_12시,ID_5142
2015,남,56세,화물차,상해없음,남,43세,자전거,경상,차대차 - 측면직각충돌,안전운전불이행,맑음,2015-10-15_13시,ID_1475
2015,남,62세,승용차,상해없음,남,55세,자전거,중상,차대차 - 측면직각충돌,안전운전불이행,맑음,2015-08-18_5시,ID_1175
2020,남,70세,승용차,상해없음,남,71세,자전거,경상,차대차 - 측면충돌,안전운전불이행,맑음,2020-07-10_16시,ID_7023
2018,남,72세,자전거,상해없음,여,74세,보행자,경상,차대사람 - 횡단중,안전운전불이행,맑음,2018-02-08_15시,ID_4874
2020,남,46세,승용차,상해없음,남,69세,자전거,경상,차대차 - 측면충돌,교차로통행방법위반,맑음,2020-08-04_16시,ID_7482
2016,남,42세,승용차,상해없음,여,62세,자전거,중상,차대차 - 측면직각충돌,신호위반,맑음,2016-06-03_7시,ID_3003
2016,남,68세,승용차,상해없음,남,16세,자전거,중상,차대차 - 기타,교차로운행방법위반,맑음,2016-03-24_7시,ID_2281
2016,여,62세,승용차,상해없음,여,48세,자전거,중상,차대차 - 측면직각충돌,안전운전불이행,맑음,2016-11-15_18시,ID_3511
2020,남,56세,승합차,상해없음,여,49세,자전거,중상,차대차 - 측면충돌,안전운전불이행,맑음,2020-09-18_14시,ID_7663
2018,남,85세,승용차,상해없음,남,76세,자전거,중상,차대차 - 측면충돌,안전운전불이행,맑음,2018-02-27_13시,ID_5326
2016,여,25세,자전거,상해없음,남,76세,보행자,경상,차대사람 - 횡단중,안전운전불이행,맑음,2016-05-22_13시,ID_2432
2020,여,57세,승용차,상해없음,남,27세,자전거,경상,차대차 - 기타,안전운전불이행,맑음,2020-12-18_11시,ID_6975
2015,여,21세,승용차,상해없음,남,71세,자전거,중상,차대차 - 측면직각충돌,안전운전불이행,맑음,2015-03-17_8시,ID_1247
2015,남,35세,승용차,상해없음,남,33세,자전거,경상,차대차 - 측면직각충돌,신호위반,맑음,2015-06-19_7시,ID_717
2018,남,22세,승용차,상해없음,남,29세,자전거,경상,차대차 - 기타,안전운전불이행,맑음,2018-10-31_19시,ID_5671
2019,남,57세,승용차,상해없음,남,44세,자전거,경상,차대차 - 추돌,안전거리미확보,맑음,2019-09-26_12시,ID_6472
2020,남,11세,자전거,상해없음,여,50세,보행자,경상,차대사람 - 보도통행중,안전운전불이행,맑음,2020-11-16_17시,ID_7688
2020,남,20세,승용차,상해없음,여,18세,자전거,경상,차대차 - 측면충돌,안전운전불이행,맑음,2020-07-15_22시,ID_7368
2018,남,56세,승용차,상해없음,남,85세,자전거,중상,차대차 - 기타,교차로통행방법위반,흐림,2018-11-07_11시,ID_5454
2019,남,13세,자전거,상해없음,남,12세,자전거,경상,차대차 - 기타,안전운전불이행,맑음,2019-05-26_15시,ID_6414
2015,남,54세,승용차,상해없음,남,23세,자전거,중상,차대차 - 기타,기타,맑음,2015-11-12_8시,ID_1802
2019,남,66세,승용차,상해없음,남,77세,자전거,중상,차대차 - 측면충돌,안전운전불이행,맑음,2019-12-04_10시,ID_6338
2016,여,38세,승용차,상해없음,남,69세,자전거,중상,차대차 - 추돌 - 진행중,안전운전불이행,흐림,2016-12-23_5시,ID_2726
2016,남,20세,원동기장치자전거,상해없음,남,14세,자전거,중상,차대차 - 측면직각충돌,신호위반,맑음,2016-09-26_22시,ID_3123
2016,남,61세,승용차,상해없음,여,51세,자전거,중상,차대차 - 측면직각충돌,안전운전불이행,맑음,2016-12-02_17시,ID_2086
2016,남,58세,승용차,상해없음,남,7세,자전거,중상,차대차 - 측면직각충돌,안전운전불이행,맑음,2016-06-14_18시,ID_3206
2016,남,71세,승용차,기타불명,남,73세,자전거,경상,차대차 - 측면직각충돌,교차로운행방법위반,맑음,2016-08-08_13시,ID_2139
2019,남,22세,원동기장치자전거,상해없음,여,48세,자전거,중상,차대차 - 측면충돌,신호위반,맑음,2019-01-15_20시,ID_5807
2018,남,17세,자전거,기타불명,여,63세,보행자,중상,차대사람 - 횡단중,신호위반,맑음,2018-06-02_11시,ID_5673
2018,남,54세,승용차,상해없음,남,27세,자전거,중상,차대차 - 기타,신호위반,맑음,2018-10-09_14시,ID_5391
2017,여,43세,승용차,상해없음,남,12세,자전거,경상,차대차 - 측면충돌,안전운전불이행,맑음,2017-09-25_10시,ID_3893
2017,남,57세,화물차,상해없음,남,55세,자전거,중상,차대차 - 정면충돌,안전운전불이행,맑음,2017-09-07_9시,ID_3793
2020,남,23세,이륜차,상해없음,남,39세,자전거,중상,차대차 - 측면충돌,신호위반,맑음,2020-06-18_23시,ID_6942
2016,남,35세,승용차,상해없음,남,21세,자전거,중상,차대차 - 측면직각충돌,교차로운행방법위반,맑음,2016-07-11_19시,ID_3493
2018,남,57세,승용차,상해없음,남,17세,자전거,경상,차대차 - 측면충돌,안전운전불이행,맑음,2018-07-22_17시,ID_5119
2015,남,53세,화물차,상해없음,여,54세,자전거,경상,차대차 - 측면직각충돌,안전운전불이행,맑음,2015-12-18_14시,ID_246
2019,남,50세,승용차,상해없음,여,26세,자전거,경상,차대차 - 추돌,기타,맑음,2019-07-14_10시,ID_6146
2015,남,14세,자전거,상해없음,여,34세,보행자,경상,차대사람 - 횡단중,안전운전불이행,맑음,2015-12-21_18시,ID_1767
2015,남,69세,화물차,상해없음,남,84세,자전거,중상,차대차 - 측면직각충돌,안전운전불이행,맑음,2015-12-25_14시,ID_959
2019,남,76세,원동기장치자전거,상해없음,남,78세,자전거,경상,차대차 - 측면충돌,안전운전불이행,맑음,2019-12-16_13시,ID_6430
2018,남,66세,승합차,상해없음,남,8세,자전거,경상,차대차 - 측면충돌,안전운전불이행,맑음,2018-05-01_17시,ID_5730
2019,여,36세,승용차,상해없음,남,23세,자전거,중상,차대차 - 기타,안전운전불이행,맑음,2019-08-19_15시,ID_6437
2016,남,49세,승합차,상해없음,여,71세,자전거,중상,차대차 - 추돌 - 진행중,안전운전불이행,맑음,2016-08-24_14시,ID_3102
2018,남,19세,승용차,상해없음,남,25세,자전거,중상,차대차 - 측면충돌,안전거리미확보,맑음,2018-01-04_8시,ID_5475
2020,남,19세,자전거,상해없음,여,73세,보행자,중상,차대사람 - 횡단중,안전운전불이행,맑음,2020-04-02_17시,ID_7410
2017,남,55세,승용차,상해없음,남,46세,자전거,경상,차대차 - 정면충돌,안전운전불이행,맑음,2017-08-30_5시,ID_4399
2020,남,43세,자전거,상해없음,남,52세,자전거,경상,차대차 - 추돌,안전운전불이행,맑음,2020-10-11_17시,ID_7221
2017,남,50세,자전거,기타불명,여,58세,자전거,중상,차대차 - 추돌,안전운전불이행,맑음,2017-05-21_12시,ID_3845
2017,남,53세,자전거,상해없음,여,53세,보행자,경상,차대사람 - 보도통행중,기타,맑음,2017-09-02_8시,ID_4276
2015,남,47세,승용차,상해없음,남,42세,자전거,경상,차대차 - 기타,안전운전불이행,맑음,2015-10-15_14시,ID_1380
2019,남,38세,승용차,상해없음,남,69세,자전거,중상,차대차 - 측면충돌,안전운전불이행,맑음,2019-07-18_15시,ID_6761
2019,여,53세,승용차,상해없음,남,69세,자전거,중상,차대차 - 기타,안전운전불이행,맑음,2019-08-16_7시,ID_6371
2015,여,55세,승용차,상해없음,남,76세,자전거,경상,차대차 - 기타,안전운전불이행,맑음,2015-07-14_7시,ID_1961
2015,남,77세,자전거,기타불명,여,23세,자전거,경상,차대차 - 정면충돌,안전운전불이행,맑음,2015-05-24_15시,ID_1713
2018,남,78세,승용차,상해없음,남,45세,자전거,경상,차대차 - 측면충돌,안전운전불이행,맑음,2018-09-12_17시,ID_5290
2015,남,39세,자전거,상해없음,여,45세,보행자,중상,차대사람 - 기타,신호위반,맑음,2015-01-09_19시,ID_1397
2019,남,42세,자전거,부상신고,여,67세,보행자,중상,차대사람 - 기타,안전운전불이행,맑음,2019-05-02_18시,ID_5838
2017,남,60세,승용차,상해없음,남,21세,자전거,경상,차대차 - 측면충돌,안전운전불이행,맑음,2017-07-29_13시,ID_4716
2015,남,33세,화물차,상해없음,남,80세,자전거,중상,차대차 - 측면직각충돌,안전운전불이행,맑음,2015-09-21_14시,ID_872
2017,남,57세,화물차,상해없음,남,17세,자전거,중상,차대차 - 측면충돌,안전운전불이행,맑음,2017-05-20_9시,ID_4440
2018,남,50세,화물차,상해없음,남,66세,자전거,경상,차대차 - 측면충돌,신호위반,맑음,2018-09-14_17시,ID_5408
2015,남,34세,승용차,상해없음,남,47세,자전거,경상,차대차 - 기타,신호위반,맑음,2015-01-17_9시,ID_280
2016,남,33세,자전거,상해없음,남,70세,보행자,경상,차대사람 - 횡단중,보행자보호위반,맑음,2016-05-19_22시,ID_2453
2016,여,49세,승용차,상해없음,남,62세,자전거,경상,차대차 - 측면직각충돌,교차로운행방법위반,맑음,2016-04-14_19시,ID_2648
2019,남,52세,화물차,상해없음,남,61세,자전거,중상,차대차 - 측면충돌,안전운전불이행,비,2019-09-10_9시,ID_5825
2018,남,59세,승용차,기타불명,여,30세,자전거,중상,차대차 - 측면충돌,신호위반,맑음,2018-05-23_18시,ID_5297
2015,남,52세,자전거,상해없음,여,23세,자전거,경상,차대차 - 추돌 - 진행중,안전운전불이행,맑음,2015-07-14_11시,ID_262
2019,남,23세,화물차,상해없음,남,84세,자전거,중상,차대차 - 측면충돌,신호위반,맑음,2019-08-01_8시,ID_6468
2018,여,49세,승용차,상해없음,남,69세,자전거,중상,차대차 - 측면충돌,교차로통행방법위반,맑음,2018-02-25_8시,ID_5489
2016,남,20세,승용차,상해없음,여,57세,자전거,경상,차대차 - 정면충돌,안전운전불이행,맑음,2016-10-17_14시,ID_3345
2017,남,57세,이륜차,상해없음,남,11세,자전거,경상,차대차 - 기타,신호위반,맑음,2017-03-22_15시,ID_4458
2015,남,34세,이륜차,상해없음,남,14세,자전거,중상,차대차 - 측면직각충돌,중앙선침범,맑음,2015-09-22_18시,ID_1677
2019,남,71세,화물차,상해없음,남,49세,자전거,중상,차대차 - 기타,신호위반,맑음,2019-08-09_7시,ID_5831
2020,남,72세,승용차,상해없음,남,57세,자전거,중상,차대차 - 기타,안전운전불이행,맑음,2020-07-05_19시,ID_7576
2019,여,36세,승용차,상해없음,남,74세,자전거,중상,차대차 - 측면충돌,안전운전불이행,맑음,2019-09-28_7시,ID_6678
2018,남,52세,이륜차,상해없음,여,28세,자전거,경상,차대차 - 측면충돌,신호위반,맑음,2018-09-17_17시,ID_4863
2016,남,28세,승용차,상해없음,남,32세,자전거,중상,차대차 - 추돌 - 진행중,안전운전불이행,맑음,2016-06-04_6시,ID_3547
2020,남,52세,자전거,상해없음,여,47세,보행자,경상,차대사람 - 횡단중,안전운전불이행,맑음,2020-06-06_20시,ID_6992
2016,남,57세,승용차,상해없음,남,9세,자전거,중상,차대차 - 측면직각충돌,안전운전불이행,맑음,2016-06-14_15시,ID_3064
2018,남,51세,건설기계,상해없음,남,69세,자전거,경상,차대차 - 측면충돌,안전운전불이행,맑음,2018-05-12_6시,ID_5189
2017,여,59세,승용차,상해없음,남,25세,자전거,중상,차대차 - 측면충돌,신호위반,맑음,2017-05-07_9시,ID_4475
2017,여,41세,승용차,상해없음,남,13세,자전거,경상,차대차 - 기타,신호위반,맑음,2017-06-21_21시,ID_4291
2015,남,59세,승용차,상해없음,남,50세,자전거,중상,차대차 - 기타,기타,맑음,2015-08-20_20시,ID_669
2015,남,20세,자전거,상해없음,남,38세,원동기장치자전거,중상,차대차 - 기타,안전운전불이행,맑음,2015-08-14_0시,ID_144
2015,남,32세,승용차,상해없음,여,58세,자전거,중상,차대차 - 추돌 - 진행중,안전운전불이행,맑음,2015-03-27_21시,ID_1043
2017,여,26세,승용차,상해없음,남,12세,자전거,중상,차대차 - 기타,안전운전불이행,맑음,2017-11-12_12시,ID_4791
2018,남,40세,자전거,상해없음,남,44세,보행자,경상,차대사람 - 기타,안전운전불이행,맑음,2018-03-14_13시,ID_5420
2017,남,44세,승용차,상해없음,여,54세,자전거,중상,차대차 - 기타,안전운전불이행,맑음,2017-09-22_9시,ID_4555
2018,여,28세,자전거,기타불명,남,24세,자전거,경상,차대차 - 측면충돌,안전운전불이행,맑음,2018-08-23_0시,ID_5022
2015,남,41세,승용차,상해없음,남,54세,자전거,경상,차대차 - 측면직각충돌,안전운전불이행,맑음,2015-07-23_2시,ID_553
2020,남,17세,자전거,상해없음,여,54세,보행자,경상,차대사람 - 횡단중,안전운전불이행,맑음,2020-06-23_20시,ID_6929
2019,남,23세,이륜차,상해없음,남,25세,자전거,경상,차대차 - 측면충돌,안전운전불이행,맑음,2019-04-25_20시,ID_6739
2015,여,46세,승용차,상해없음,남,33세,자전거,경상,차대차 - 측면직각충돌,신호위반,맑음,2015-01-23_4시,ID_635
2015,남,28세,승용차,상해없음,남,66세,자전거,경상,차대차 - 측면직각충돌,직진우회전진행방해,맑음,2015-05-30_17시,ID_1308
2015,여,45세,승용차,상해없음,남,72세,자전거,중상,차대차 - 기타,직진우회전진행방해,맑음,2015-07-29_15시,ID_1812
2015,남,19세,자전거,상해없음,남,74세,보행자,중상,차대사람 - 횡단중,신호위반,맑음,2015-11-10_21시,ID_159
2015,남,71세,승용차,상해없음,남,70세,자전거,경상,차대차 - 기타,안전운전불이행,맑음,2015-04-06_5시,ID_1978
2015,남,50세,승용차,상해없음,남,56세,자전거,경상,차대차 - 측면직각충돌,교차로운행방법위반,맑음,2015-01-03_18시,ID_1512
2015,남,33세,승용차,상해없음,남,59세,자전거,중상,차대차 - 측면직각충돌,안전운전불이행,맑음,2015-06-07_23시,ID_333
2015,남,61세,승용차,상해없음,남,30세,자전거,경상,차대차 - 측면직각충돌,신호위반,맑음,2015-09-07_21시,ID_1542
2017,남,38세,이륜차,상해없음,남,59세,자전거,중상,차대차 - 정면충돌,안전운전불이행,맑음,2017-05-28_17시,ID_4594
2020,남,43세,자전거,상해없음,여,33세,자전거,경상,차대차 - 정면충돌,안전운전불이행,맑음,2020-05-05_9시,ID_7672
2016,남,22세,자전거,상해없음,여,56세,보행자,중상,차대사람 - 보도통행중,안전운전불이행,맑음,2016-09-06_9시,ID_2482
2017,남,57세,화물차,상해없음,여,41세,자전거,경상,차대차 - 정면충돌,안전운전불이행,맑음,2017-04-07_9시,ID_3660
2016,남,57세,승합차,상해없음,남,53세,자전거,중상,차대차 - 측면직각충돌,안전운전불이행,맑음,2016-08-10_20시,ID_2655
2018,남,58세,승용차,상해없음,남,30세,자전거,경상,차대차 - 측면충돌,안전운전불이행,흐림,2018-11-04_23시,ID_5078
2019,남,37세,승용차,상해없음,여,57세,자전거,경상,차대차 - 측면충돌,신호위반,맑음,2019-08-18_8시,ID_6319
2015,남,55세,승용차,상해없음,남,68세,자전거,경상,차대차 - 측면직각충돌,안전운전불이행,맑음,2015-05-26_13시,ID_679
2017,남,82세,원동기장치자전거,상해없음,남,68세,자전거,중상,차대차 - 측면충돌,신호위반,맑음,2017-09-08_10시,ID_4695
2015,여,32세,승용차,상해없음,남,76세,자전거,중상,차대차 - 기타,교차로운행방법위반,맑음,2015-01-16_8시,ID_1267
2019,여,47세,승용차,상해없음,남,61세,자전거,중상,차대차 - 측면충돌,교차로통행방법위반,맑음,2019-10-11_17시,ID_6803
2019,남,47세,승용차,상해없음,여,60세,자전거,중상,차대차 - 기타,기타,맑음,2019-09-08_18시,ID_6525
2019,남,83세,승용차,상해없음,여,28세,자전거,경상,차대차 - 측면충돌,안전운전불이행,맑음,2019-12-31_9시,ID_5816
2015,남,34세,승용차,상해없음,남,17세,자전거,경상,차대차 - 기타,직진우회전진행방해,맑음,2015-08-20_8시,ID_1334
2017,여,55세,승용차,상해없음,여,45세,자전거,경상,차대차 - 기타,안전운전불이행,맑음,2017-04-07_12시,ID_4550
2020,남,38세,승용차,상해없음,남,27세,자전거,경상,차대차 - 측면충돌,안전운전불이행,맑음,2020-10-29_0시,ID_7206
2016,남,35세,승용차,상해없음,남,18세,자전거,경상,차대차 - 기타,신호위반,맑음,2016-06-07_2시,ID_2418
2020,남,55세,승용차,상해없음,남,60세,자전거,경상,차대차 - 기타,교차로통행방법위반,맑음,2020-06-08_12시,ID_7518
2017,남,51세,승용차,상해없음,남,64세,자전거,경상,차대차 - 측면충돌,교차로운행방법위반,맑음,2017-06-15_2시,ID_4302
2017,남,21세,승용차,상해없음,남,29세,자전거,경상,차대차 - 측면충돌,안전운전불이행,맑음,2017-09-01_5시,ID_4151
2018,남,44세,화물차,상해없음,남,55세,자전거,경상,차대차 - 기타,안전운전불이행,맑음,2018-09-10_8시,ID_4835
2020,남,62세,승용차,상해없음,여,59세,자전거,중상,차대차 - 기타,안전운전불이행,맑음,2020-03-22_11시,ID_7809
2015,남,27세,자전거,상해없음,남,13세,자전거,중상,차대차 - 정면충돌,안전운전불이행,맑음,2015-08-15_21시,ID_1146
2016,남,47세,특수차,상해없음,남,69세,자전거,중상,차대차 - 측면직각충돌,안전운전불이행,맑음,2016-08-30_11시,ID_2198
2016,남,58세,승용차,상해없음,남,63세,자전거,중상,차대차 - 측면직각충돌,안전운전불이행,흐림,2016-06-04_21시,ID_2645
2018,여,54세,승용차,상해없음,남,49세,자전거,경상,차대차 - 기타,안전운전불이행,맑음,2018-03-29_13시,ID_5559
2018,남,56세,승용차,상해없음,남,30세,자전거,중상,차대차 - 측면충돌,신호위반,맑음,2018-07-22_14시,ID_5757
2015,여,30세,승용차,상해없음,여,58세,자전거,경상,차대차 - 기타,안전운전불이행,맑음,2015-10-10_11시,ID_665
2019,남,30세,승용차,상해없음,여,30세,자전거,경상,차대차 - 측면충돌,신호위반,맑음,2019-03-22_18시,ID_5805
2015,남,42세,승용차,상해없음,남,65세,자전거,경상,차대차 - 측면직각충돌,안전운전불이행,맑음,2015-06-04_10시,ID_1569
2016,남,43세,승합차,상해없음,남,82세,자전거,경상,차대차 - 기타,안전운전불이행,맑음,2016-07-27_16시,ID_2953
2018,남,65세,건설기계,상해없음,남,81세,자전거,중상,차대차 - 측면충돌,기타,맑음,2018-05-10_10시,ID_5554
2015,여,37세,승용차,상해없음,남,75세,자전거,중상,차대차 - 측면직각충돌,신호위반,맑음,2015-06-15_11시,ID_1556
2016,남,60세,승용차,상해없음,남,71세,자전거,경상,차대차 - 측면직각충돌,직진우회전진행방해,맑음,2016-03-11_16시,ID_3378
2018,남,27세,승용차,상해없음,여,42세,자전거,경상,차대차 - 측면충돌,기타,맑음,2018-06-21_22시,ID_5201
2018,남,35세,승용차,상해없음,여,28세,자전거,중상,차대차 - 측면충돌,안전운전불이행,맑음,2018-08-13_9시,ID_5177
2017,여,43세,승용차,상해없음,여,30세,자전거,경상,차대차 - 기타,안전운전불이행,맑음,2017-09-08_11시,ID_4670
2015,남,26세,승용차,상해없음,남,12세,자전거,경상,차대차 - 측면직각충돌,안전운전불이행,맑음,2015-03-04_21시,ID_1762
2015,남,62세,승용차,상해없음,남,75세,자전거,중상,차대차 - 측면직각충돌,신호위반,맑음,2015-09-16_13시,ID_1433
2015,여,52세,승용차,상해없음,남,71세,자전거,경상,차대차 - 측면직각충돌,안전운전불이행,맑음,2015-01-06_11시,ID_827
2017,남,54세,원동기장치자전거,경상,남,14세,자전거,경상,차대차 - 기타,안전운전불이행,맑음,2017-09-26_20시,ID_4812
2015,남,16세,원동기장치자전거,부상신고,남,13세,자전거,중상,차대차 - 측면직각충돌,신호위반,맑음,2015-09-23_19시,ID_184
2017,여,58세,화물차,상해없음,남,61세,자전거,경상,차대차 - 측면충돌,안전운전불이행,맑음,2017-03-13_13시,ID_3705