사고년도,가해자성별,가해자연령,가해차종,가해자신체상해정도,피해자성별,피해자연령,피해차종,피해자신체상해정도,사고유형,가해자법규위반,기상상태,시각,사건번호
2017,남,49세,자전거,경상,남,32세,자전거,경상,차대차 - 측면충돌,안전운전불이행,맑음,2017-04-09_17시,ID_4581
2016,남,78세,승용차,상해없음,여,34세,자전거,경상,차대차 - 측면직각충돌,안전운전불이행,맑음,2016-08-30_19시,ID_2802
2015,남,19세,자전거,상해없음,여,51세,보행자,경상,차대사람 - 기타,안전운전불이행,맑음,2015-09-07_14시,ID_928
2015,남,30세,이륜차,상해없음,남,60세,자전거,중상,차대차 - 추돌 - 진행중,안전운전불이행,맑음,2015-06-11_13시,ID_119
2017,남,53세,승합차,상해없음,여,51세,자전거,중상,차대차 - 정면충돌,안전운전불이행,맑음,2017-04-04_13시,ID_4471
2016,남,16세,자전거,상해없음,남,66세,보행자,경상,차대사람 - 차도통행중,안전운전불이행,맑음,2016-08-07_19시,ID_3353
2018,남,61세,화물차,상해없음,남,75세,자전거,중상,차대차 - 측면충돌,신호위반,맑음,2018-01-15_9시,ID_5274
2015,여,34세,승용차,상해없음,남,16세,자전거,경상,차대차 - 측면직각충돌,신호위반,흐림,2015-05-15_16시,ID_1834
2015,남,71세,승용차,상해없음,남,70세,자전거,경상,차대차 - 기타,안전운전불이행,맑음,2015-04-06_5시,ID_1981
2019,남,45세,개인형이동수단(PM),상해없음,남,42세,자전거,중상,차대차 - 기타,중앙선침범,맑음,2019-11-16_9시,ID_6466
2019,남,14세,자전거,상해없음,남,22세,이륜차,중상,차대차 - 추돌,안전거리미확보,맑음,2019-06-16_12시,ID_6167
2020,남,47세,화물차,상해없음,남,70세,자전거,경상,차대차 - 기타,안전운전불이행,맑음,2020-06-01_15시,ID_7501
2018,여,54세,승용차,상해없음,여,74세,자전거,중상,차대차 - 측면충돌,안전운전불이행,맑음,2018-10-18_15시,ID_5781
2015,여,58세,승용차,상해없음,여,41세,자전거,경상,차대차 - 측면직각충돌,안전운전불이행,맑음,2015-10-27_15시,ID_1352
2015,남,46세,승용차,상해없음,여,19세,자전거,경상,차대차 - 측면직각충돌,교차로운행방법위반,맑음,2015-05-31_14시,ID_83
2016,남,27세,이륜차,상해없음,남,12세,자전거,경상,차대차 - 측면직각충돌,신호위반,맑음,2016-07-24_17시,ID_3512
2016,여,67세,승용차,상해없음,남,77세,자전거,중상,차대차 - 측면직각충돌,안전운전불이행,맑음,2016-05-21_5시,ID_2850
2017,여,50세,승합차,상해없음,남,16세,자전거,경상,차대차 - 기타,안전운전불이행,맑음,2017-04-03_7시,ID_4400
2015,남,74세,승용차,상해없음,남,40세,자전거,경상,차대차 - 기타,안전운전불이행,맑음,2015-07-22_0시,ID_516
2016,남,28세,승용차,상해없음,남,80세,자전거,중상,차대차 - 기타,안전운전불이행,맑음,2016-01-14_15시,ID_3340
2018,남,50세,자전거,상해없음,남,28세,이륜차,경상,차대차 - 측면충돌,중앙선침범,맑음,2018-06-19_16시,ID_5008
2015,남,23세,자전거,상해없음,여,20세,보행자,경상,차대사람 - 기타,안전운전불이행,맑음,2015-10-29_18시,ID_1469
2018,여,41세,승용차,상해없음,여,27세,자전거,경상,차대차 - 측면충돌,안전운전불이행,맑음,2018-09-29_9시,ID_5343
2018,여,57세,승용차,상해없음,남,78세,자전거,경상,차대차 - 측면충돌,안전운전불이행,맑음,2018-12-11_7시,ID_5399
2017,남,55세,승용차,상해없음,여,44세,자전거,경상,차대차 - 측면충돌,교차로운행방법위반,맑음,2017-12-29_19시,ID_4803
2015,여,53세,승용차,상해없음,남,16세,자전거,경상,차대차 - 기타,안전운전불이행,맑음,2015-08-31_8시,ID_1597
2019,남,28세,승용차,상해없음,남,19세,자전거,경상,차대차 - 기타,안전운전불이행,맑음,2019-02-09_20시,ID_6386
2018,남,52세,화물차,상해없음,남,80세,자전거,중상,차대차 - 기타,안전운전불이행,맑음,2018-07-18_14시,ID_5258
2018,남,39세,승용차,상해없음,남,43세,자전거,경상,차대차 - 측면충돌,교차로통행방법위반,맑음,2018-09-12_22시,ID_4904
2018,여,25세,승용차,상해없음,남,70세,자전거,경상,차대차 - 측면충돌,안전운전불이행,맑음,2018-07-21_7시,ID_5208
2018,남,52세,승용차,상해없음,남,69세,자전거,경상,차대차 - 기타,안전운전불이행,맑음,2018-12-31_11시,ID_5320
2020,남,66세,자전거,상해없음,여,47세,자전거,경상,차대차 - 측면충돌,안전운전불이행,맑음,2020-09-13_10시,ID_7680
2019,남,49세,승용차,상해없음,여,65세,자전거,중상,차대차 - 측면충돌,안전운전불이행,맑음,2019-05-24_7시,ID_6297
2017,여,49세,자전거,상해없음,여,23세,보행자,경상,차대사람 - 보도통행중,보행자보호위반,맑음,2017-09-18_17시,ID_4043
2015,남,68세,승용차,상해없음,남,55세,자전거,중상,차대차 - 측면직각충돌,안전운전불이행,맑음,2015-09-20_12시,ID_1844
2015,남,55세,승용차,상해없음,여,20세,자전거,경상,차대차 - 정면충돌,안전운전불이행,맑음,2015-11-28_15시,ID_1513
2015,남,56세,승용차,상해없음,남,67세,자전거,경상,차대차 - 측면직각충돌,신호위반,맑음,2015-10-13_7시,ID_1537
2017,남,35세,승용차,상해없음,남,61세,자전거,중상,차대차 - 측면충돌,신호위반,맑음,2017-03-15_13시,ID_4441
2015,남,59세,화물차,상해없음,남,75세,자전거,중상,차대차 - 기타,안전운전불이행,맑음,2015-03-09_11시,ID_981
2015,남,47세,승용차,상해없음,남,13세,자전거,경상,차대차 - 추돌 - 진행중,안전운전불이행,맑음,2015-03-29_1시,ID_1051
2015,남,36세,승용차,상해없음,여,70세,자전거,중상,차대차 - 측면직각충돌,안전운전불이행,맑음,2015-12-09_15시,ID_1413
2018,남,54세,자전거,상해없음,남,84세,자전거,중상,차대차 - 측면충돌,기타,맑음,2018-06-29_18시,ID_5086
2017,남,59세,승용차,상해없음,남,47세,자전거,중상,차대차 - 기타,교차로운행방법위반,맑음,2017-06-23_9시,ID_4028
2015,남,63세,승용차,상해없음,남,57세,자전거,중상,차대차 - 기타,안전운전불이행,맑음,2015-12-24_15시,ID_891
2015,남,57세,화물차,상해없음,남,70세,자전거,경상,차대차 - 측면직각충돌,안전운전불이행,맑음,2015-07-28_19시,ID_1272
2019,남,60세,승용차,상해없음,남,58세,자전거,경상,차대차 - 측면충돌,교차로통행방법위반,맑음,2019-11-22_17시,ID_5951
2017,남,56세,승합차,상해없음,여,35세,자전거,경상,차대차 - 기타,신호위반,맑음,2017-10-30_16시,ID_3990
2015,남,50세,화물차,상해없음,남,64세,자전거,중상,차대차 - 추돌 - 진행중,안전운전불이행,맑음,2015-07-27_16시,ID_756
2020,남,61세,승용차,상해없음,여,64세,자전거,경상,차대차 - 측면충돌,교차로통행방법위반,맑음,2020-11-02_12시,ID_7546
2016,남,31세,승용차,상해없음,여,52세,자전거,경상,차대차 - 기타,안전거리미확보,맑음,2016-03-09_17시,ID_2247
2019,남,49세,승합차,상해없음,남,84세,자전거,경상,차대차 - 측면충돌,안전운전불이행,맑음,2019-11-21_16시,ID_6295
2019,남,77세,승용차,상해없음,남,19세,자전거,중상,차대차 - 측면충돌,안전운전불이행,맑음,2019-07-30_14시,ID_6150
2019,남,61세,자전거,상해없음,여,68세,보행자,경상,차대사람 - 보도통행중,기타,맑음,2019-05-09_11시,ID_6099
2019,남,23세,승용차,상해없음,남,11세,자전거,중상,차대차 - 측면충돌,교차로통행방법위반,맑음,2019-07-13_17시,ID_6618
2015,남,53세,승합차,상해없음,남,12세,자전거,중상,차대차 - 측면직각충돌,교차로운행방법위반,맑음,2015-11-16_8시,ID_148
2015,여,59세,승용차,상해없음,남,14세,자전거,경상,차대차 - 기타,안전운전불이행,맑음,2015-11-20_8시,ID_685
2019,여,58세,승용차,상해없음,남,69세,자전거,중상,차대차 - 측면충돌,안전운전불이행,맑음,2019-06-05_14시,ID_6082
2020,남,58세,승용차,상해없음,남,59세,자전거,경상,차대차 - 측면충돌,신호위반,맑음,2020-03-13_17시,ID_7198
2017,남,27세,승용차,상해없음,남,9세,자전거,경상,차대차 - 측면충돌,안전운전불이행,맑음,2017-08-24_9시,ID_4370
2017,남,46세,화물차,상해없음,남,60세,자전거,경상,차대차 - 측면충돌,안전운전불이행,맑음,2017-01-08_18시,ID_4680
2015,남,54세,승용차,상해없음,남,25세,자전거,경상,차대차 - 기타,기타,맑음,2015-11-05_23시,ID_1315
2015,남,20세,자전거,상해없음,여,73세,보행자,경상,차대사람 - 보도통행중,기타,맑음,2015-11-01_10시,ID_586
2017,남,61세,승용차,상해없음,남,72세,자전거,경상,차대차 - 기타,안전거리미확보,맑음,2017-08-11_15시,ID_3863
2018,여,50세,자전거,상해없음,남,21세,이륜차,경상,차대차 - 기타,안전운전불이행,맑음,2018-06-02_19시,ID_4852
2015,남,17세,원동기장치자전거,상해없음,남,22세,자전거,경상,차대차 - 기타,신호위반,맑음,2015-05-01_1시,ID_31
2018,여,32세,승용차,상해없음,남,75세,자전거,중상,차대차 - 측면충돌,안전거리미확보,맑음,2018-04-12_8시,ID_5371
2016,남,55세,승합차,상해없음,남,58세,자전거,중상,차대차 - 기타,안전운전불이행,맑음,2016-10-30_13시,ID_2093
2016,여,49세,승용차,상해없음,남,26세,자전거,경상,차대차 - 측면직각충돌,안전운전불이행,맑음,2016-07-21_20시,ID_3545
2017,여,55세,승용차,상해없음,남,79세,자전거,중상,차대차 - 측면충돌,안전운전불이행,맑음,2017-09-21_8시,ID_4105
2016,남,72세,승용차,상해없음,남,73세,자전거,중상,차대차 - 기타,신호위반,맑음,2016-10-02_6시,ID_2150
2017,남,61세,기타,상해없음,남,34세,자전거,경상,차대차 - 측면충돌,안전운전불이행,맑음,2017-06-12_12시,ID_3969
2015,여,44세,승용차,상해없음,남,70세,자전거,중상,차대차 - 측면직각충돌,신호위반,맑음,2015-08-28_17시,ID_23
2015,남,79세,승용차,상해없음,남,17세,자전거,중상,차대차 - 측면직각충돌,직진우회전진행방해,비,2015-06-22_22시,ID_1928
2016,남,60세,승용차,상해없음,남,53세,자전거,중상,차대차 - 측면직각충돌,안전운전불이행,맑음,2016-12-20_13시,ID_2536
2019,여,70세,승용차,상해없음,여,47세,자전거,중상,차대차 - 기타,안전운전불이행,맑음,2019-01-28_17시,ID_6482
2016,남,44세,승용차,상해없음,남,16세,자전거,중상,차대차 - 기타,기타,맑음,2016-04-12_7시,ID_3248
2020,남,67세,승용차,상해없음,남,62세,자전거,중상,차대차 - 기타,안전운전불이행,맑음,2020-07-03_15시,ID_7605
2020,남,54세,자전거,상해없음,여,69세,보행자,중상,차대사람 - 보도통행중,안전운전불이행,흐림,2020-09-25_6시,ID_6908
2017,남,64세,자전거,경상,남,23세,자전거,중상,차대차 - 측면충돌,안전운전불이행,맑음,2017-07-03_12시,ID_4562
2015,남,65세,승용차,상해없음,남,14세,자전거,경상,차대차 - 측면직각충돌,안전운전불이행,맑음,2015-01-08_18시,ID_141
2018,여,60세,승용차,상해없음,남,63세,자전거,경상,차대차 - 후진중충돌,안전운전불이행,맑음,2018-07-18_21시,ID_5020
2017,남,29세,승용차,상해없음,남,76세,자전거,경상,차대차 - 측면충돌,교차로운행방법위반,맑음,2017-03-24_16시,ID_4337
2018,여,56세,승용차,상해없음,남,64세,자전거,경상,차대차 - 정면충돌,안전운전불이행,맑음,2018-01-26_14시,ID_5254
2020,남,41세,승용차,상해없음,여,8세,자전거,경상,차대차 - 측면충돌,기타,맑음,2020-10-25_13시,ID_7814
2015,여,59세,화물차,상해없음,남,79세,자전거,중상,차대차 - 기타,안전운전불이행,맑음,2015-10-06_9시,ID_1809
2015,남,54세,승용차,상해없음,여,52세,자전거,경상,차대차 - 측면직각충돌,신호위반,맑음,2015-09-01_10시,ID_502
2016,남,45세,화물차,상해없음,남,51세,자전거,중상,차대차 - 측면직각충돌,안전운전불이행,맑음,2016-08-05_17시,ID_3273
2015,남,40세,승합차,상해없음,여,41세,자전거,경상,차대차 - 추돌 - 진행중,안전운전불이행,맑음,2015-09-11_9시,ID_1481
2020,남,57세,승합차,상해없음,남,59세,자전거,경상,차대차 - 기타,안전운전불이행,맑음,2020-05-21_20시,ID_7245
2019,남,65세,승용차,상해없음,남,74세,자전거,중상,차대차 - 기타,안전운전불이행,맑음,2019-06-11_14시,ID_5894
2019,여,53세,승용차,상해없음,여,60세,자전거,경상,차대차 - 측면충돌,교차로통행방법위반,맑음,2019-04-12_15시,ID_6731
2016,남,48세,이륜차,상해없음,남,71세,자전거,중상,차대차 - 정면충돌,안전운전불이행,맑음,2016-10-27_9시,ID_3324
2017,여,47세,승용차,상해없음,여,65세,자전거,중상,차대차 - 측면충돌,안전운전불이행,맑음,2017-08-17_9시,ID_4801
2015,남,45세,승용차,상해없음,남,75세,자전거,경상,차대차 - 측면직각충돌,안전운전불이행,맑음,2015-04-24_13시,ID_1448
2015,남,12세,자전거,상해없음,여,30세,보행자,경상,차대사람 - 횡단중,보행자보호위반,맑음,2015-10-29_8시,ID_682
2016,여,56세,승용차,상해없음,남,66세,자전거,경상,차대차 - 측면직각충돌,신호위반,맑음,2016-10-04_10시,ID_3220
2019,여,44세,승용차,상해없음,남,55세,자전거,경상,차대차 - 기타,안전운전불이행,맑음,2019-04-24_14시,ID_6557
2019,여,60세,승용차,상해없음,여,34세,자전거,중상,차대차 - 측면충돌,안전운전불이행,맑음,2019-11-12_19시,ID_6161
2018,남,65세,승용차,상해없음,남,49세,자전거,경상,차대차 - 기타,안전운전불이행,맑음,2018-11-17_11시,ID_5140
2015,남,58세,승용차,상해없음,여,60세,자전거,경상,차대차 - 측면직각충돌,직진우회전진행방해,맑음,2015-09-13_7시,ID_2019
2019,남,58세,승용차,상해없음,남,68세,자전거,경상,차대차 - 측면충돌,안전운전불이행,맑음,2019-09-13_14시,ID_6136
2019,남,56세,승용차,상해없음,여,11세,자전거,중상,차대차 - 측면충돌,교차로통행방법위반,맑음,2019-06-27_15시,ID_6438
2015,남,59세,승용차,상해없음,남,52세,자전거,경상,차대차 - 기타,안전운전불이행,맑음,2015-08-18_12시,ID_1518
2017,여,38세,승용차,상해없음,남,71세,자전거,경상,차대차 - 기타,신호위반,맑음,2017-10-16_12시,ID_3595
2017,남,31세,승용차,상해없음,남,50세,자전거,경상,차대차 - 기타,안전운전불이행,맑음,2017-04-06_8시,ID_4673
2016,남,62세,승용차,상해없음,남,52세,자전거,경상,차대차 - 추돌 - 진행중,안전운전불이행,맑음,2016-04-11_2시,ID_2357
2017,여,62세,승용차,상해없음,남,61세,자전거,중상,차대차 - 측면충돌,교차로운행방법위반,맑음,2017-03-22_7시,ID_3796
2020,남,35세,자전거,상해없음,여,48세,자전거,중상,차대차 - 추돌,안전거리미확보,맑음,2020-02-19_12시,ID_7154
2018,남,40세,승용차,상해없음,남,46세,자전거,경상,차대차 - 기타,안전운전불이행,맑음,2018-11-29_6시,ID_5300
2015,남,51세,승용차,상해없음,남,78세,자전거,경상,차대차 - 추돌 - 진행중,안전운전불이행,맑음,2015-04-07_9시,ID_1570
2016,여,57세,승용차,상해없음,여,72세,자전거,중상,차대차 - 정면충돌,안전운전불이행,맑음,2016-09-12_15시,ID_3151
2015,남,64세,승용차,상해없음,여,14세,자전거,중상,차대차 - 측면직각충돌,신호위반,맑음,2015-08-17_10시,ID_760
2015,여,54세,승용차,상해없음,남,14세,자전거,경상,차대차 - 측면직각충돌,기타,맑음,2015-09-07_14시,ID_1141
2015,남,53세,원동기장치자전거,상해없음,남,73세,자전거,경상,차대차 - 정면충돌,안전운전불이행,비,2015-08-25_16시,ID_1541
2019,남,77세,자전거,부상신고,남,33세,이륜차,경상,차대차 - 기타,안전운전불이행,맑음,2019-05-18_17시,ID_5869
2020,남,61세,승용차,상해없음,남,77세,자전거,중상,차대차 - 측면충돌,안전운전불이행,맑음,2020-10-24_18시,ID_7770
2016,남,23세,승용차,상해없음,남,46세,자전거,경상,차대차 - 측면직각충돌,신호위반,맑음,2016-09-17_18시,ID_2195
2020,남,30세,승용차,상해없음,여,27세,자전거,경상,차대차 - 측면충돌,안전운전불이행,맑음,2020-06-17_18시,ID_7160
2019,남,56세,자전거,상해없음,남,61세,보행자,중상,차대사람 - 보도통행중,기타,맑음,2019-06-13_22시,ID_5949
2015,남,39세,승용차,상해없음,여,58세,자전거,중상,차대차 - 기타,안전운전불이행,맑음,2015-02-25_16시,ID_836
2018,여,60세,화물차,상해없음,남,39세,자전거,경상,차대차 - 기타,기타,맑음,2018-04-19_6시,ID_5508
2016,남,31세,승용차,상해없음,남,18세,자전거,경상,차대차 - 기타,안전운전불이행,맑음,2016-10-28_10시,ID_2799
2016,남,36세,승용차,상해없음,남,51세,자전거,중상,차대차 - 기타,안전운전불이행,맑음,2016-04-30_11시,ID_3280
2019,남,54세,자전거,상해없음,남,22세,이륜차,경상,차대차 - 기타,안전운전불이행,맑음,2019-04-07_19시,ID_6031
2016,남,36세,화물차,상해없음,남,81세,자전거,중상,차대차 - 측면직각충돌,안전운전불이행,맑음,2016-02-26_13시,ID_2116
2019,여,46세,승용차,상해없음,남,29세,자전거,중상,차대차 - 측면충돌,안전운전불이행,맑음,2019-09-22_13시,ID_6598
2019,남,82세,기타,상해없음,남,49세,자전거,중상,차대차 - 기타,안전운전불이행,맑음,2019-06-08_15시,ID_5945
2019,남,20세,자전거,상해없음,남,80세,자전거,경상,차대차 - 기타,안전운전불이행,맑음,2019-05-02_10시,ID_6050
2015,남,56세,승합차,상해없음,남,54세,자전거,중상,차대차 - 추돌 - 진행중,안전운전불이행,맑음,2015-08-15_9시,ID_1701
2020,여,44세,자전거,부상신고,여,72세,자전거,중상,차대차 - 측면충돌,안전운전불이행,맑음,2020-05-17_15시,ID_7157
2019,여,29세,승용차,상해없음,남,66세,자전거,경상,차대차 - 기타,안전운전불이행,맑음,2019-04-10_17시,ID_6268
2015,남,60세,승용차,상해없음,남,25세,자전거,중상,차대차 - 기타,기타,맑음,2015-06-12_23시,ID_307
2015,남,30세,승용차,상해없음,여,58세,자전거,중상,차대차 - 기타,안전운전불이행,맑음,2015-08-30_21시,ID_878
2015,남,56세,승용차,상해없음,남,13세,자전거,중상,차대차 - 기타,신호위반,맑음,2015-05-02_19시,ID_1161
2018,여,68세,승용차,기타불명,여,13세,자전거,경상,차대차 - 기타,안전운전불이행,맑음,2018-12-04_16시,ID_5514
2017,남,16세,이륜차,상해없음,여,70세,자전거,경상,차대차 - 기타,안전운전불이행,맑음,2017-03-22_18시,ID_3633
2019,남,22세,자전거,상해없음,남,64세,보행자,경상,차대사람 - 횡단중,신호위반,맑음,2019-01-11_17시,ID_6498
2017,남,46세,승용차,상해없음,남,18세,자전거,경상,차대차 - 기타,교차로운행방법위반,맑음,2017-05-30_18시,ID_4667
2018,남,33세,승용차,기타불명,남,77세,자전거,중상,차대차 - 측면충돌,안전운전불이행,맑음,2018-10-16_12시,ID_5394
2019,남,50세,자전거,상해없음,남,56세,자전거,중상,차대차 - 기타,안전운전불이행,맑음,2019-11-02_14시,ID_6040
2016,여,71세,승용차,상해없음,남,14세,자전거,경상,차대차 - 기타,안전운전불이행,맑음,2016-05-15_13시,ID_2774
2015,여,37세,승용차,상해없음,남,9세,자전거,경상,차대차 - 기타,안전운전불이행,맑음,2015-06-18_16시,ID_1525
2015,여,43세,승용차,상해없음,남,75세,자전거,경상,차대차 - 측면직각충돌,안전운전불이행,맑음,2015-03-28_12시,ID_991
2018,남,44세,승용차,상해없음,남,30세,자전거,경상,차대차 - 측면충돌,안전운전불이행,맑음,2018-03-13_21시,ID_5231
2015,남,28세,승용차,상해없음,남,77세,자전거,중상,차대차 - 측면직각충돌,신호위반,흐림,2015-11-28_11시,ID_716
2016,남,38세,자전거,상해없음,여,55세,자전거,중상,차대차 - 정면충돌,안전운전불이행,맑음,2016-09-24_13시,ID_3287
2015,남,29세,승용차,상해없음,남,14세,자전거,경상,차대차 - 측면직각충돌,교차로운행방법위반,맑음,2015-02-27_22시,ID_2035
2019,남,36세,승용차,상해없음,남,69세,자전거,중상,차대차 - 기타,기타,맑음,2019-11-07_19시,ID_5833
2017,남,32세,승용차,상해없음,여,45세,자전거,경상,차대차 - 정면충돌,안전운전불이행,맑음,2017-03-22_8시,ID_4495
2017,여,31세,승용차,상해없음,남,73세,자전거,경상,차대차 - 기타,안전운전불이행,맑음,2017-07-20_10시,ID_4134
2016,남,16세,자전거,상해없음,남,50세,보행자,경상,차대사람 - 기타,안전운전불이행,맑음,2016-09-19_7시,ID_2378
2015,남,72세,승용차,상해없음,남,18세,자전거,중상,차대차 - 측면직각충돌,안전운전불이행,맑음,2015-03-08_13시,ID_1222
2019,여,44세,승용차,상해없음,남,75세,자전거,중상,차대차 - 측면충돌,중앙선침범,맑음,2019-10-12_15시,ID_6216
2018,여,22세,승용차,상해없음,남,84세,자전거,중상,차대차 - 측면충돌,신호위반,맑음,2018-04-28_15시,ID_5330
2016,남,39세,승용차,상해없음,남,33세,자전거,중상,차대차 - 측면직각충돌,신호위반,맑음,2016-11-06_8시,ID_3148
2016,남,70세,승용차,상해없음,남,65세,자전거,중상,차대차 - 측면직각충돌,안전운전불이행,맑음,2016-04-09_5시,ID_2857
2019,남,51세,승합차,상해없음,남,13세,자전거,경상,차대차 - 측면충돌,안전거리미확보,맑음,2019-05-01_19시,ID_6539
2019,남,52세,화물차,상해없음,여,51세,자전거,중상,차대차 - 측면충돌,안전운전불이행,맑음,2019-09-02_14시,ID_5926
2015,남,39세,승용차,상해없음,남,30세,자전거,중상,차대차 - 측면직각충돌,차로위반,맑음,2015-10-02_20시,ID_1050
2020,남,64세,승합차,상해없음,남,13세,자전거,중상,차대차 - 정면충돌,안전운전불이행,맑음,2020-10-29_13시,ID_7425
2019,남,56세,이륜차,상해없음,남,71세,자전거,경상,차대차 - 측면충돌,안전운전불이행,맑음,2019-08-31_19시,ID_6222
2018,남,19세,자전거,상해없음,여,63세,보행자,중상,차대사람 - 보도통행중,기타,맑음,2018-11-16_4시,ID_4912
2016,남,32세,화물차,상해없음,남,64세,자전거,경상,차대차 - 측면직각충돌,안전운전불이행,맑음,2016-02-26_13시,ID_2115
2017,남,50세,승용차,상해없음,여,43세,자전거,중상,차대차 - 측면충돌,기타,맑음,2017-04-12_8시,ID_4082
2017,남,53세,승용차,상해없음,여,55세,자전거,경상,차대차 - 기타,안전운전불이행,비,2017-02-13_18시,ID_4517
2020,남,78세,자전거,상해없음,여,71세,보행자,중상,차대사람 - 횡단중,안전운전불이행,맑음,2020-11-19_18시,ID_7301
2017,남,71세,승용차,상해없음,남,80세,자전거,중상,차대차 - 측면충돌,신호위반,맑음,2017-10-16_5시,ID_4055
2015,남,34세,승합차,상해없음,남,14세,자전거,중상,차대차 - 측면직각충돌,안전운전불이행,맑음,2015-06-23_17시,ID_1372
2017,남,53세,승용차,상해없음,남,11세,자전거,경상,차대차 - 측면충돌,안전운전불이행,비,2017-08-14_11시,ID_4086
2019,남,56세,승용차,상해없음,남,13세,자전거,중상,차대차 - 측면충돌,안전운전불이행,맑음,2019-10-12_11시,ID_6704
2020,남,17세,자전거,상해없음,여,70세,보행자,중상,차대사람 - 기타,신호위반,맑음,2020-04-18_23시,ID_6924
2015,여,42세,승용차,상해없음,남,11세,자전거,경상,차대차 - 기타,신호위반,맑음,2015-09-30_8시,ID_1369
2015,여,20세,자전거,상해없음,여,75세,보행자,경상,차대사람 - 보도통행중,안전운전불이행,맑음,2015-05-01_16시,ID_901
2017,남,33세,화물차,상해없음,여,28세,자전거,경상,차대차 - 측면충돌,안전거리미확보,맑음,2017-01-25_8시,ID_4335
2016,남,56세,승용차,상해없음,남,55세,자전거,중상,차대차 - 측면직각충돌,교차로운행방법위반,맑음,2016-04-01_5시,ID_3114
2015,남,33세,승용차,상해없음,남,69세,자전거,중상,차대차 - 측면직각충돌,안전운전불이행,맑음,2015-04-09_14시,ID_4
2020,남,25세,자전거,부상신고,남,22세,보행자,중상,차대사람 - 기타,보행자보호위반,맑음,2020-06-21_20시,ID_7148
2019,남,23세,이륜차,상해없음,남,42세,자전거,중상,차대차 - 기타,안전운전불이행,맑음,2019-11-11_18시,ID_6195
2016,여,43세,승용차,상해없음,여,71세,자전거,경상,차대차 - 기타,안전거리미확보,맑음,2016-09-20_14시,ID_2688
2017,여,45세,승용차,상해없음,남,37세,자전거,경상,차대차 - 추돌,안전운전불이행,맑음,2017-08-08_18시,ID_4689
2015,남,33세,자전거,상해없음,여,75세,보행자,경상,차대사람 - 기타,안전운전불이행,맑음,2015-06-21_20시,ID_746
2020,남,30세,승용차,상해없음,남,78세,자전거,중상,차대차 - 측면충돌,신호위반,맑음,2020-08-22_5시,ID_7811
2016,여,54세,승용차,상해없음,여,18세,자전거,경상,차대차 - 측면직각충돌,신호위반,맑음,2016-05-20_21시,ID_3185
2017,여,65세,승용차,상해없음,여,69세,자전거,경상,차대차 - 측면충돌,안전운전불이행,맑음,2017-08-10_9시,ID_4479
2015,남,68세,승합차,상해없음,여,56세,자전거,중상,차대차 - 추돌 - 진행중,안전운전불이행,맑음,2015-04-11_8시,ID_233
2018,남,50세,승용차,상해없음,남,46세,자전거,중상,차대차 - 측면충돌,신호위반,맑음,2018-05-07_18시,ID_5101
2019,남,62세,승용차,상해없음,남,74세,자전거,중상,차대차 - 측면충돌,기타,맑음,2019-11-30_13시,ID_5880
2019,남,24세,승용차,상해없음,여,52세,자전거,경상,차대차 - 측면충돌,안전운전불이행,맑음,2019-01-08_22시,ID_6010
2019,남,30세,승합차,상해없음,남,79세,자전거,경상,차대차 - 기타,안전운전불이행,맑음,2019-07-23_17시,ID_6210
2020,남,17세,이륜차,경상,남,51세,자전거,중상,차대차 - 기타,신호위반,맑음,2020-09-04_1시,ID_7346
2015,남,59세,승용차,상해없음,남,19세,자전거,경상,차대차 - 기타,안전운전불이행,맑음,2015-03-23_22시,ID_1603
2016,남,70세,승용차,상해없음,여,23세,자전거,경상,차대차 - 측면직각충돌,신호위반,맑음,2016-09-17_0시,ID_3095
2019,여,49세,승용차,상해없음,남,41세,자전거,경상,차대차 - 추돌,안전운전불이행,맑음,2019-04-05_17시,ID_6075
2019,여,33세,승용차,상해없음,남,23세,자전거,경상,차대차 - 측면충돌,기타,맑음,2019-09-27_20시,ID_6112
2015,남,57세,승용차,상해없음,여,51세,자전거,중상,차대차 - 측면직각충돌,안전운전불이행,맑음,2015-05-19_11시,ID_77
2018,여,51세,승용차,상해없음,남,61세,자전거,경상,차대차 - 기타,안전운전불이행,맑음,2018-08-17_14시,ID_5173
2017,남,39세,승용차,상해없음,남,51세,자전거,중상,차대차 - 측면충돌,안전운전불이행,맑음,2017-01-21_17시,ID_4359
2020,여,65세,승용차,상해없음,남,84세,자전거,중상,차대차 - 기타,안전운전불이행,맑음,2020-09-16_20시,ID_7320
2019,여,36세,승용차,상해없음,남,12세,자전거,경상,차대차 - 기타,교차로통행방법위반,맑음,2019-06-17_21시,ID_6126
2015,남,21세,이륜차,상해없음,남,53세,자전거,경상,차대차 - 기타,안전운전불이행,맑음,2015-11-24_16시,ID_366
2020,남,76세,승용차,기타불명,여,26세,자전거,중상,차대차 - 측면충돌,신호위반,맑음,2020-01-11_12시,ID_7243