사고년도,가해자성별,가해자연령,가해차종,가해자신체상해정도,피해자성별,피해자연령,피해차종,피해자신체상해정도,사고유형,가해자법규위반,기상상태,시각,사건번호
2017,남,70세,승용차,상해없음,여,66세,자전거,경상,차대차 - 기타,안전운전불이행,맑음,2017-02-27_11시,ID_3779
2015,여,50세,승용차,상해없음,남,67세,자전거,중상,차대차 - 기타,신호위반,맑음,2015-09-02_15시,ID_1361
2018,남,76세,승용차,상해없음,여,57세,자전거,경상,차대차 - 기타,안전운전불이행,맑음,2018-04-18_16시,ID_4916
2018,여,41세,화물차,상해없음,남,74세,자전거,중상,차대차 - 측면충돌,안전운전불이행,맑음,2018-11-15_13시,ID_5436
2015,남,36세,승용차,상해없음,남,69세,자전거,경상,차대차 - 측면직각충돌,안전운전불이행,맑음,2015-05-12_17시,ID_1244
2016,여,38세,승용차,상해없음,남,73세,자전거,경상,차대차 - 측면직각충돌,신호위반,맑음,2016-05-25_10시,ID_2637
2016,남,26세,승용차,상해없음,남,41세,자전거,경상,차대차 - 측면직각충돌,안전운전불이행,맑음,2016-06-28_10시,ID_2927
2015,남,60세,승용차,상해없음,남,66세,자전거,경상,차대차 - 정면충돌,신호위반,맑음,2015-12-19_13시,ID_1847
2019,남,70세,승용차,상해없음,여,51세,자전거,경상,차대차 - 기타,안전운전불이행,맑음,2019-10-21_18시,ID_6424
2018,여,60세,승용차,상해없음,남,75세,자전거,중상,차대차 - 기타,신호위반,맑음,2018-07-04_16시,ID_5312
2016,남,56세,화물차,상해없음,여,32세,자전거,경상,차대차 - 측면직각충돌,안전운전불이행,맑음,2016-07-12_17시,ID_3441
2016,남,53세,승합차,상해없음,여,54세,자전거,경상,차대차 - 측면직각충돌,안전운전불이행,흐림,2016-10-02_21시,ID_3486
2015,여,47세,승용차,상해없음,남,13세,자전거,경상,차대차 - 측면직각충돌,신호위반,맑음,2015-04-10_16시,ID_383
2018,남,71세,승용차,상해없음,여,59세,자전거,경상,차대차 - 측면충돌,기타,맑음,2018-01-22_8시,ID_5056
2017,남,44세,승용차,상해없음,남,67세,자전거,경상,차대차 - 측면충돌,안전운전불이행,맑음,2017-09-30_8시,ID_4280
2016,여,57세,승용차,상해없음,남,63세,자전거,경상,차대차 - 측면직각충돌,안전운전불이행,맑음,2016-06-19_5시,ID_2203
2018,남,64세,승용차,상해없음,남,38세,자전거,경상,차대차 - 기타,기타,맑음,2018-09-19_9시,ID_5132
2016,남,21세,원동기장치자전거,상해없음,남,32세,자전거,경상,차대차 - 측면직각충돌,중앙선침범,맑음,2016-05-28_22시,ID_2422
2019,남,49세,승합차,상해없음,여,48세,자전거,중상,차대차 - 측면충돌,신호위반,맑음,2019-12-10_8시,ID_6623
2015,남,45세,승용차,상해없음,여,48세,자전거,경상,차대차 - 측면직각충돌,신호위반,맑음,2015-06-01_8시,ID_274
2015,남,19세,승용차,상해없음,남,62세,자전거,경상,차대차 - 기타,안전운전불이행,맑음,2015-01-30_8시,ID_895
2018,남,76세,자전거,상해없음,남,20세,이륜차,경상,차대차 - 측면충돌,안전운전불이행,맑음,2018-08-15_16시,ID_4862
2015,남,42세,자전거,상해없음,남,5세,자전거,중상,차대차 - 측면직각충돌,안전운전불이행,맑음,2015-09-19_19시,ID_1727
2020,남,42세,이륜차,상해없음,남,55세,자전거,중상,차대차 - 기타,안전운전불이행,맑음,2020-05-24_14시,ID_7396
2016,여,39세,승용차,상해없음,남,17세,자전거,경상,차대차 - 측면직각충돌,안전운전불이행,맑음,2016-12-05_20시,ID_2826
2017,남,24세,자전거,상해없음,남,55세,보행자,경상,차대사람 - 기타,안전운전불이행,맑음,2017-10-12_13시,ID_3958
2018,남,47세,화물차,상해없음,남,61세,자전거,중상,차대차 - 측면충돌,교차로통행방법위반,맑음,2018-10-25_14시,ID_5740
2020,남,22세,이륜차,상해없음,남,11세,자전거,중상,차대차 - 측면충돌,신호위반,맑음,2020-08-21_16시,ID_7419
2020,남,40세,이륜차,상해없음,여,34세,자전거,경상,차대차 - 측면충돌,신호위반,맑음,2020-04-10_18시,ID_7561
2017,남,57세,승용차,상해없음,남,64세,자전거,경상,차대차 - 측면충돌,안전운전불이행,맑음,2017-12-12_7시,ID_3978
2016,남,36세,승용차,상해없음,남,98세,자전거,경상,차대차 - 측면직각충돌,중앙선침범,맑음,2016-07-09_21시,ID_2364
2018,남,23세,승용차,상해없음,여,54세,자전거,경상,차대차 - 측면충돌,신호위반,맑음,2018-09-18_9시,ID_5499
2017,남,9세,자전거,상해없음,남,83세,자전거,경상,차대차 - 정면충돌,안전운전불이행,맑음,2017-04-16_15시,ID_4524
2016,남,64세,승용차,상해없음,남,14세,자전거,경상,차대차 - 추돌 - 진행중,안전거리미확보,맑음,2016-04-14_22시,ID_2876
2018,남,26세,승용차,상해없음,여,56세,자전거,경상,차대차 - 측면충돌,안전운전불이행,맑음,2018-04-11_11시,ID_5347
2020,여,29세,승용차,상해없음,남,13세,자전거,경상,차대차 - 측면충돌,교차로통행방법위반,맑음,2020-07-15_16시,ID_7433
2015,남,15세,자전거,상해없음,여,62세,보행자,경상,차대사람 - 기타,안전운전불이행,맑음,2015-07-18_16시,ID_761
2017,남,55세,원동기장치자전거,상해없음,남,41세,자전거,경상,차대차 - 측면충돌,신호위반,맑음,2017-11-21_18시,ID_3587
2019,남,61세,자전거,경상,여,36세,자전거,중상,차대차 - 측면충돌,안전운전불이행,맑음,2019-04-30_12시,ID_6527
2016,남,56세,자전거,상해없음,여,60세,보행자,경상,차대사람 - 횡단중,신호위반,맑음,2016-08-22_19시,ID_2416
2020,남,25세,원동기장치자전거,상해없음,남,79세,자전거,경상,차대차 - 측면충돌,안전운전불이행,맑음,2020-04-11_18시,ID_7377
2016,남,70세,승용차,상해없음,남,30세,자전거,경상,차대차 - 기타,안전운전불이행,맑음,2016-10-23_7시,ID_2188
2019,남,76세,승용차,상해없음,남,62세,자전거,중상,차대차 - 측면충돌,안전운전불이행,맑음,2019-03-27_11시,ID_6329
2016,남,73세,승용차,상해없음,남,53세,자전거,중상,차대차 - 측면직각충돌,교차로운행방법위반,맑음,2016-07-07_14시,ID_2691
2015,남,39세,승용차,상해없음,남,71세,자전거,경상,차대차 - 기타,안전운전불이행,맑음,2015-09-30_9시,ID_912
2016,여,50세,승용차,상해없음,남,80세,자전거,경상,차대차 - 정면충돌,안전운전불이행,맑음,2016-07-20_16시,ID_3462
2020,남,14세,자전거,상해없음,여,51세,보행자,중상,차대사람 - 보도통행중,안전운전불이행,맑음,2020-01-21_19시,ID_7336
2017,남,46세,자전거,상해없음,여,36세,보행자,중상,차대사람 - 기타,안전운전불이행,맑음,2017-07-31_19시,ID_3603
2018,여,52세,자전거,기타불명,남,29세,이륜차,경상,차대차 - 기타,기타,맑음,2018-10-14_6시,ID_5497
2018,남,53세,원동기장치자전거,상해없음,남,12세,자전거,경상,차대차 - 측면충돌,신호위반,맑음,2018-07-30_13시,ID_5548
2018,남,32세,승용차,상해없음,여,40세,자전거,경상,차대차 - 측면충돌,안전운전불이행,맑음,2018-01-24_21시,ID_4842
2020,남,56세,자전거,상해없음,여,57세,자전거,경상,차대차 - 기타,안전운전불이행,맑음,2020-07-07_10시,ID_6962
2017,남,30세,승용차,상해없음,남,58세,자전거,경상,차대차 - 정면충돌,안전운전불이행,맑음,2017-03-16_12시,ID_3691
2015,여,50세,승용차,상해없음,남,17세,자전거,경상,차대차 - 측면직각충돌,안전운전불이행,맑음,2015-06-10_8시,ID_1730
2016,남,34세,자전거,상해없음,남,45세,보행자,경상,차대사람 - 횡단중,안전운전불이행,맑음,2016-05-04_16시,ID_2516
2016,남,61세,승용차,상해없음,남,40세,자전거,경상,차대차 - 측면직각충돌,신호위반,맑음,2016-06-11_2시,ID_2714
2015,여,55세,승용차,상해없음,여,20세,자전거,경상,차대차 - 측면직각충돌,안전운전불이행,맑음,2015-10-31_10시,ID_1312
2019,남,60세,자전거,상해없음,남,3세,보행자,경상,차대사람 - 기타,기타,맑음,2019-06-21_18시,ID_6588
2015,남,39세,승용차,상해없음,남,40세,자전거,경상,차대차 - 측면직각충돌,신호위반,맑음,2015-11-15_11시,ID_676
2015,남,41세,승용차,상해없음,여,10세,자전거,중상,차대차 - 정면충돌,교차로운행방법위반,맑음,2015-05-17_10시,ID_1414
2016,남,48세,승용차,상해없음,남,24세,자전거,경상,차대차 - 측면직각충돌,안전운전불이행,맑음,2016-06-02_22시,ID_2654
2017,남,62세,자전거,상해없음,여,74세,보행자,경상,차대사람 - 차도통행중,안전운전불이행,맑음,2017-01-25_15시,ID_3973
2016,남,32세,화물차,상해없음,여,56세,자전거,중상,차대차 - 측면직각충돌,교차로운행방법위반,맑음,2016-03-12_14시,ID_3543
2015,남,44세,승용차,상해없음,여,49세,자전거,중상,차대차 - 기타,안전운전불이행,맑음,2015-07-05_12시,ID_335
2020,남,64세,승용차,상해없음,여,52세,자전거,중상,차대차 - 기타,안전운전불이행,맑음,2020-01-16_8시,ID_7082
2015,남,23세,승용차,상해없음,여,23세,자전거,중상,차대차 - 측면직각충돌,안전운전불이행,맑음,2015-08-26_9시,ID_1188
2019,남,49세,화물차,상해없음,남,76세,자전거,중상,차대차 - 측면충돌,교차로통행방법위반,맑음,2019-01-03_11시,ID_5941
2019,남,41세,승용차,상해없음,남,44세,자전거,경상,차대차 - 기타,안전운전불이행,맑음,2019-06-28_20시,ID_6140
2020,남,63세,승용차,상해없음,남,78세,자전거,경상,차대차 - 측면충돌,안전운전불이행,맑음,2020-03-03_11시,ID_7523
2019,남,59세,자전거,상해없음,남,29세,보행자,경상,차대사람 - 횡단중,안전운전불이행,맑음,2019-02-27_18시,ID_6079
2015,남,47세,승용차,상해없음,여,14세,자전거,경상,차대차 - 기타,안전운전불이행,맑음,2015-10-07_19시,ID_1909
2015,남,31세,자전거,상해없음,남,61세,자전거,경상,차대차 - 기타,안전거리미확보,맑음,2015-12-12_15시,ID_405
2018,남,63세,승용차,상해없음,여,68세,자전거,중상,차대차 - 측면충돌,안전운전불이행,맑음,2018-12-22_11시,ID_5694
2015,남,62세,자전거,상해없음,남,59세,자전거,경상,차대차 - 추돌 - 진행중,안전거리미확보,맑음,2015-04-08_9시,ID_593
2017,남,48세,승용차,상해없음,남,65세,자전거,경상,차대차 - 기타,안전운전불이행,맑음,2017-10-04_18시,ID_3882
2017,여,34세,승용차,상해없음,남,62세,자전거,경상,차대차 - 측면충돌,기타,맑음,2017-05-25_16시,ID_3767
2018,남,42세,화물차,상해없음,여,59세,자전거,중상,차대차 - 기타,안전운전불이행,맑음,2018-08-13_9시,ID_5568
2015,남,30세,승용차,상해없음,남,38세,자전거,경상,차대차 - 측면직각충돌,안전운전불이행,맑음,2015-09-01_23시,ID_1503
2017,남,66세,화물차,상해없음,남,21세,자전거,경상,차대차 - 정면충돌,안전운전불이행,맑음,2017-07-11_18시,ID_3704
2015,남,59세,자전거,상해없음,남,50세,보행자,중상,차대사람 - 기타,안전운전불이행,맑음,2015-06-17_17시,ID_98
2020,남,55세,화물차,상해없음,남,76세,자전거,경상,차대차 - 기타,기타,맑음,2020-06-26_12시,ID_6882
2015,남,58세,승용차,상해없음,남,14세,자전거,경상,차대차 - 측면직각충돌,안전운전불이행,맑음,2015-10-08_22시,ID_1239
2018,여,47세,승용차,상해없음,남,79세,자전거,중상,차대차 - 측면충돌,안전운전불이행,맑음,2018-05-05_14시,ID_5181
2016,남,43세,승용차,상해없음,남,61세,자전거,중상,차대차 - 측면직각충돌,안전운전불이행,맑음,2016-01-22_19시,ID_2657
2019,남,66세,승합차,상해없음,남,57세,자전거,경상,차대차 - 측면충돌,안전운전불이행,맑음,2019-10-26_17시,ID_6132
2016,여,63세,승용차,상해없음,남,78세,자전거,중상,차대차 - 정면충돌,신호위반,맑음,2016-07-23_17시,ID_3350
2019,남,54세,화물차,상해없음,남,77세,자전거,경상,차대차 - 기타,안전운전불이행,맑음,2019-11-23_7시,ID_6368
2019,남,42세,승용차,상해없음,남,48세,자전거,경상,차대차 - 측면충돌,안전운전불이행,맑음,2019-05-21_7시,ID_6575
2015,여,59세,승용차,상해없음,남,80세,자전거,경상,차대차 - 기타,안전운전불이행,맑음,2015-01-16_12시,ID_1297
2015,남,52세,승용차,상해없음,여,22세,자전거,경상,차대차 - 기타,신호위반,맑음,2015-04-18_15시,ID_1649
2018,남,55세,승합차,상해없음,남,80세,자전거,중상,차대차 - 측면충돌,안전운전불이행,맑음,2018-11-12_11시,ID_5494
2017,여,9세,자전거,상해없음,남,4세,기타,경상,차대차 - 측면충돌,안전운전불이행,맑음,2017-04-09_16시,ID_4460
2015,여,40세,승용차,상해없음,여,36세,자전거,중상,차대차 - 추돌 - 진행중,안전운전불이행,맑음,2015-06-02_19시,ID_1777
2017,여,65세,승용차,상해없음,남,82세,자전거,중상,차대차 - 추돌,안전운전불이행,맑음,2017-10-11_10시,ID_3744
2019,남,55세,화물차,상해없음,남,57세,자전거,경상,차대차 - 측면충돌,안전운전불이행,맑음,2019-06-02_14시,ID_6269
2020,여,39세,승용차,상해없음,여,60세,자전거,경상,차대차 - 기타,안전운전불이행,맑음,2020-07-15_13시,ID_7319
2016,여,31세,승용차,상해없음,남,52세,자전거,경상,차대차 - 기타,안전운전불이행,맑음,2016-07-22_21시,ID_2901
2016,남,14세,자전거,상해없음,여,66세,보행자,경상,차대사람 - 횡단중,신호위반,맑음,2016-12-13_19시,ID_2720
2018,남,19세,원동기장치자전거,상해없음,여,61세,자전거,경상,차대차 - 측면충돌,안전운전불이행,맑음,2018-12-24_22시,ID_5284
2016,여,55세,승용차,상해없음,여,80세,자전거,중상,차대차 - 측면직각충돌,안전운전불이행,맑음,2016-10-21_8시,ID_3476
2018,남,32세,자전거,상해없음,여,57세,보행자,중상,차대사람 - 보도통행중,기타,맑음,2018-06-17_13시,ID_5626
2017,남,72세,승용차,상해없음,남,19세,자전거,경상,차대차 - 측면충돌,교차로운행방법위반,맑음,2017-06-29_17시,ID_4632
2020,남,27세,이륜차,상해없음,여,51세,자전거,중상,차대차 - 측면충돌,신호위반,맑음,2020-06-07_9시,ID_7563
2016,남,63세,승용차,상해없음,남,38세,자전거,중상,차대차 - 기타,기타,맑음,2016-02-05_8시,ID_2381
2017,남,37세,승용차,상해없음,남,77세,자전거,경상,차대차 - 기타,안전운전불이행,맑음,2017-07-03_16시,ID_3806
2016,남,37세,자전거,상해없음,남,43세,보행자,경상,차대사람 - 보도통행중,보행자보호위반,맑음,2016-05-09_20시,ID_2074
2020,남,51세,자전거,상해없음,여,65세,보행자,중상,차대사람 - 기타,기타,맑음,2020-06-19_8시,ID_7144
2017,남,48세,승용차,상해없음,남,14세,자전거,경상,차대차 - 기타,신호위반,맑음,2017-06-27_20시,ID_4568
2020,남,39세,자전거,상해없음,여,25세,자전거,경상,차대차 - 측면충돌,안전운전불이행,맑음,2020-05-24_17시,ID_7085
2019,여,53세,승용차,상해없음,여,50세,자전거,경상,차대차 - 기타,신호위반,맑음,2019-06-11_16시,ID_6467
2020,남,63세,화물차,상해없음,남,76세,자전거,경상,차대차 - 기타,기타,맑음,2020-05-28_16시,ID_6967
2017,여,62세,승용차,상해없음,남,63세,자전거,경상,차대차 - 측면충돌,안전운전불이행,맑음,2017-10-12_6시,ID_4117
2020,남,33세,승용차,상해없음,남,82세,자전거,중상,차대차 - 기타,안전운전불이행,맑음,2020-07-02_7시,ID_7668
2015,남,26세,승용차,상해없음,남,31세,자전거,경상,차대차 - 기타,안전운전불이행,맑음,2015-10-29_10시,ID_548
2016,남,58세,승용차,상해없음,남,63세,자전거,경상,차대차 - 측면직각충돌,직진우회전진행방해,맑음,2016-11-12_22시,ID_2973
2019,남,70세,승용차,상해없음,남,71세,자전거,중상,차대차 - 측면충돌,기타,흐림,2019-12-23_9시,ID_5861
2015,남,48세,자전거,상해없음,남,38세,자전거,중상,차대차 - 기타,교차로운행방법위반,맑음,2015-09-02_7시,ID_747
2016,남,69세,승용차,상해없음,남,52세,자전거,경상,차대차 - 추돌 - 진행중,안전운전불이행,맑음,2016-06-05_6시,ID_2185
2017,남,44세,화물차,상해없음,남,56세,자전거,중상,차대차 - 기타,안전운전불이행,맑음,2017-05-22_7시,ID_4807
2018,남,73세,승용차,상해없음,남,92세,자전거,중상,차대차 - 기타,안전운전불이행,맑음,2018-12-07_6시,ID_5361
2019,여,33세,승용차,상해없음,남,27세,자전거,중상,차대차 - 추돌,신호위반,맑음,2019-08-02_11시,ID_6524
2016,남,49세,승용차,상해없음,남,16세,자전거,경상,차대차 - 측면직각충돌,기타,맑음,2016-06-09_20시,ID_2303
2015,남,52세,승용차,상해없음,남,71세,자전거,중상,차대차 - 정면충돌,안전운전불이행,맑음,2015-12-16_11시,ID_890
2018,남,69세,승용차,상해없음,남,39세,자전거,경상,차대차 - 측면충돌,안전운전불이행,맑음,2018-10-09_19시,ID_5345
2019,여,58세,승용차,상해없음,여,53세,자전거,경상,차대차 - 측면충돌,교차로통행방법위반,비,2019-03-20_22시,ID_6179
2016,남,61세,승용차,상해없음,남,39세,자전거,경상,차대차 - 측면직각충돌,안전운전불이행,맑음,2016-03-07_22시,ID_2634
2018,여,10세,자전거,상해없음,여,40세,보행자,경상,차대사람 - 횡단중,보행자보호위반,맑음,2018-09-22_17시,ID_5571
2018,남,65세,승용차,상해없음,남,65세,자전거,중상,차대차 - 측면충돌,안전운전불이행,맑음,2018-04-16_19시,ID_5601
2016,남,50세,승용차,상해없음,여,74세,자전거,중상,차대차 - 측면직각충돌,안전운전불이행,맑음,2016-10-21_14시,ID_2721
2017,남,56세,자전거,기타불명,여,48세,보행자,경상,차대사람 - 횡단중,안전운전불이행,맑음,2017-07-17_10시,ID_4185
2015,남,60세,승용차,상해없음,남,16세,자전거,중상,차대차 - 측면직각충돌,안전운전불이행,맑음,2015-10-08_17시,ID_832
2015,남,61세,화물차,상해없음,남,54세,자전거,경상,차대차 - 추돌 - 진행중,안전운전불이행,맑음,2015-10-26_17시,ID_1073
2015,남,53세,승용차,상해없음,여,61세,자전거,중상,차대차 - 측면직각충돌,안전운전불이행,맑음,2015-04-21_14시,ID_1614
2016,남,62세,승용차,상해없음,남,7세,자전거,경상,차대차 - 정면충돌,안전운전불이행,맑음,2016-04-07_17시,ID_3375
2019,남,51세,승용차,상해없음,남,13세,자전거,경상,차대차 - 기타,안전운전불이행,맑음,2019-10-10_16시,ID_5947
2016,여,47세,승용차,상해없음,남,71세,자전거,경상,차대차 - 정면충돌,안전거리미확보,맑음,2016-11-16_17시,ID_2090
2018,남,31세,자전거,기타불명,여,35세,자전거,중상,차대차 - 측면충돌,안전운전불이행,흐림,2018-05-01_14시,ID_5100
2019,남,53세,승용차,상해없음,여,63세,자전거,경상,차대차 - 추돌,신호위반,맑음,2019-07-16_15시,ID_6260
2019,남,34세,이륜차,상해없음,남,44세,자전거,경상,차대차 - 측면충돌,안전운전불이행,맑음,2019-05-08_19시,ID_6370
2018,남,37세,승용차,상해없음,남,61세,자전거,경상,차대차 - 측면충돌,안전운전불이행,맑음,2018-12-23_11시,ID_5558
2015,남,58세,승용차,상해없음,남,79세,자전거,중상,차대차 - 기타,교차로운행방법위반,맑음,2015-07-28_6시,ID_1744
2018,남,76세,자전거,상해없음,여,68세,보행자,중상,차대사람 - 기타,기타,맑음,2018-06-16_18시,ID_5504
2019,여,59세,승용차,상해없음,남,37세,자전거,경상,차대차 - 측면충돌,안전운전불이행,맑음,2019-01-23_17시,ID_6581
2018,여,46세,승용차,상해없음,남,66세,자전거,중상,차대차 - 측면충돌,안전운전불이행,맑음,2018-10-04_15시,ID_5379
2020,남,44세,승용차,상해없음,여,64세,자전거,중상,차대차 - 기타,안전운전불이행,맑음,2020-06-09_18시,ID_7201
2015,여,38세,승용차,상해없음,남,50세,자전거,경상,차대차 - 측면직각충돌,안전운전불이행,흐림,2015-11-05_15시,ID_657
2018,남,11세,자전거,기타불명,여,57세,보행자,경상,차대사람 - 차도통행중,안전운전불이행,맑음,2018-05-29_16시,ID_4851
2015,남,37세,승용차,상해없음,남,14세,자전거,경상,차대차 - 측면직각충돌,안전운전불이행,비,2015-11-18_6시,ID_1945
2016,남,29세,승용차,상해없음,남,75세,자전거,중상,차대차 - 기타,안전운전불이행,맑음,2016-10-08_19시,ID_2656
2018,남,64세,승용차,상해없음,여,59세,자전거,중상,차대차 - 기타,안전운전불이행,맑음,2018-05-13_20시,ID_5029
2015,남,18세,승용차,상해없음,남,16세,자전거,경상,차대차 - 측면직각충돌,안전운전불이행,맑음,2015-07-10_13시,ID_1620
2018,남,25세,이륜차,상해없음,남,31세,자전거,경상,차대차 - 기타,신호위반,맑음,2018-07-15_0시,ID_4923
2015,남,39세,승합차,상해없음,남,49세,자전거,경상,차대차 - 기타,안전운전불이행,맑음,2015-05-29_5시,ID_1561
2015,남,42세,자전거,상해없음,여,60세,자전거,경상,차대차 - 정면충돌,안전운전불이행,맑음,2015-11-20_20시,ID_1400
2017,남,56세,승용차,상해없음,남,48세,자전거,경상,차대차 - 정면충돌,신호위반,맑음,2017-07-31_14시,ID_3668
2018,여,44세,승용차,상해없음,여,68세,자전거,중상,차대차 - 기타,교차로통행방법위반,맑음,2018-02-26_19시,ID_5226
2015,남,60세,승용차,상해없음,여,17세,자전거,경상,차대차 - 측면직각충돌,신호위반,흐림,2015-09-03_7시,ID_614
2015,남,53세,화물차,상해없음,남,73세,자전거,중상,차대차 - 기타,안전운전불이행,맑음,2015-04-09_16시,ID_1659
2015,남,67세,승용차,상해없음,남,17세,자전거,중상,차대차 - 측면직각충돌,안전운전불이행,맑음,2015-06-19_23시,ID_411
2015,여,19세,자전거,부상신고,남,36세,자전거,중상,차대차 - 정면충돌,안전운전불이행,맑음,2015-09-06_16시,ID_615
2020,남,27세,승용차,상해없음,남,52세,자전거,경상,차대차 - 측면충돌,신호위반,맑음,2020-02-11_18시,ID_7598
2016,남,74세,자전거,상해없음,여,57세,보행자,중상,차대사람 - 기타,안전운전불이행,맑음,2016-08-05_12시,ID_3394
2015,남,25세,자전거,상해없음,여,20세,보행자,경상,차대사람 - 기타,안전운전불이행,맑음,2015-05-16_19시,ID_2051
2019,남,57세,승용차,상해없음,남,69세,자전거,중상,차대차 - 측면충돌,교차로통행방법위반,맑음,2019-04-10_14시,ID_6277
2016,남,51세,승용차,상해없음,남,16세,자전거,경상,차대차 - 기타,신호위반,맑음,2016-06-14_8시,ID_3246
2019,남,50세,화물차,상해없음,남,66세,자전거,경상,차대차 - 측면충돌,기타,맑음,2019-05-08_10시,ID_6155
2016,남,56세,승용차,상해없음,남,55세,자전거,경상,차대차 - 기타,기타,맑음,2016-05-04_15시,ID_3225
2017,남,46세,승용차,상해없음,남,52세,자전거,중상,차대차 - 측면충돌,신호위반,맑음,2017-10-13_12시,ID_4152
2015,남,56세,승용차,상해없음,남,68세,자전거,중상,차대차 - 기타,안전운전불이행,맑음,2015-10-07_18시,ID_1208
2020,여,56세,화물차,상해없음,남,26세,자전거,경상,차대차 - 측면충돌,안전운전불이행,맑음,2020-12-25_9시,ID_7556
2020,남,23세,자전거,상해없음,여,38세,보행자,경상,차대사람 - 보도통행중,보행자보호위반,맑음,2020-02-25_17시,ID_6836
2017,남,25세,원동기장치자전거,부상신고,남,79세,자전거,경상,차대차 - 측면충돌,신호위반,맑음,2017-06-23_9시,ID_3733
2017,남,40세,승용차,상해없음,남,55세,자전거,경상,차대차 - 기타,안전운전불이행,맑음,2017-11-02_9시,ID_4583
2016,남,27세,승용차,상해없음,남,15세,자전거,경상,차대차 - 측면직각충돌,안전운전불이행,맑음,2016-08-24_23시,ID_2792
2015,남,58세,승용차,상해없음,남,54세,자전거,중상,차대차 - 측면직각충돌,안전운전불이행,맑음,2015-08-16_13시,ID_135
2016,남,66세,화물차,상해없음,남,69세,자전거,중상,차대차 - 측면직각충돌,안전운전불이행,맑음,2016-11-28_9시,ID_3500
2019,여,62세,승용차,상해없음,남,14세,자전거,중상,차대차 - 측면충돌,기타,맑음,2019-12-10_12시,ID_6712
2019,남,56세,이륜차,상해없음,남,13세,자전거,경상,차대차 - 측면충돌,신호위반,맑음,2019-04-16_18시,ID_5803
2017,남,43세,화물차,상해없음,남,30세,자전거,경상,차대차 - 기타,안전운전불이행,맑음,2017-01-03_17시,ID_4216
2015,남,56세,승용차,상해없음,남,48세,자전거,경상,차대차 - 기타,신호위반,맑음,2015-09-09_22시,ID_1919
2017,남,59세,자전거,상해없음,남,16세,이륜차,경상,차대차 - 정면충돌,안전운전불이행,맑음,2017-08-24_21시,ID_4531
2017,남,60세,승용차,상해없음,남,43세,자전거,중상,차대차 - 측면충돌,기타,맑음,2017-06-13_9시,ID_3773
2020,남,55세,자전거,상해없음,여,42세,자전거,경상,차대차 - 측면충돌,안전운전불이행,맑음,2020-10-18_15시,ID_7513
2015,남,19세,자전거,상해없음,여,63세,보행자,경상,차대사람 - 횡단중,보행자보호위반,맑음,2015-08-24_7시,ID_666
2015,남,22세,화물차,상해없음,남,15세,자전거,경상,차대차 - 측면직각충돌,안전운전불이행,맑음,2015-06-06_12시,ID_1007
2015,남,35세,승용차,상해없음,남,12세,자전거,중상,차대차 - 추돌 - 진행중,안전운전불이행,맑음,2015-05-07_10시,ID_2044
2020,남,59세,자전거,상해없음,남,36세,이륜차,경상,차대차 - 측면충돌,안전운전불이행,맑음,2020-10-29_18시,ID_7226
2017,남,32세,승용차,상해없음,남,66세,자전거,중상,차대차 - 정면충돌,안전운전불이행,맑음,2017-08-06_11시,ID_4642
2016,남,55세,승용차,상해없음,남,16세,자전거,중상,차대차 - 기타,교차로운행방법위반,맑음,2016-05-02_7시,ID_3234
2017,여,48세,자전거,상해없음,남,15세,자전거,중상,차대차 - 추돌,안전운전불이행,흐림,2017-06-08_7시,ID_4519
2019,여,55세,자전거,경상,여,27세,자전거,중상,차대차 - 측면충돌,안전운전불이행,맑음,2019-10-12_13시,ID_6037
2017,남,39세,승용차,상해없음,남,14세,자전거,경상,차대차 - 측면충돌,안전운전불이행,맑음,2017-05-05_14시,ID_4279
2018,남,68세,승용차,상해없음,남,80세,자전거,경상,차대차 - 측면충돌,신호위반,맑음,2018-08-21_10시,ID_5720
2016,남,40세,승합차,상해없음,남,18세,자전거,경상,차대차 - 측면직각충돌,안전운전불이행,맑음,2016-01-06_11시,ID_2607
2016,남,41세,화물차,상해없음,남,63세,자전거,중상,차대차 - 측면직각충돌,교차로운행방법위반,맑음,2016-03-23_14시,ID_2077
2016,남,65세,승용차,상해없음,여,60세,자전거,중상,차대차 - 측면직각충돌,기타,맑음,2016-06-21_9시,ID_2687
2019,여,56세,승용차,상해없음,남,12세,자전거,경상,차대차 - 측면충돌,안전운전불이행,맑음,2019-08-05_10시,ID_6794
2015,남,65세,자전거,부상신고,남,24세,자전거,중상,차대차 - 정면충돌,안전운전불이행,맑음,2015-06-12_11시,ID_775
2015,남,16세,자전거,상해없음,여,75세,보행자,중상,차대사람 - 횡단중,보행자보호위반,맑음,2015-03-13_8시,ID_1656
2015,남,57세,승용차,상해없음,남,58세,자전거,중상,차대차 - 추돌 - 진행중,안전운전불이행,맑음,2015-04-11_7시,ID_1465
2018,남,67세,승용차,상해없음,남,68세,자전거,경상,차대차 - 기타,안전운전불이행,맑음,2018-09-18_14시,ID_5135