사고년도,가해자성별,가해자연령,가해차종,가해자신체상해정도,피해자성별,피해자연령,피해차종,피해자신체상해정도,사고유형,가해자법규위반,기상상태,시각,사건번호
2017,남,67세,자전거,상해없음,남,44세,이륜차,경상,차대차 - 정면충돌,안전운전불이행,맑음,2017-04-09_17시,ID_3858
2016,여,42세,승용차,기타불명,남,12세,자전거,경상,차대차 - 정면충돌,안전운전불이행,맑음,2016-10-15_15시,ID_3421
2019,여,45세,자전거,상해없음,남,36세,이륜차,중상,차대차 - 기타,안전거리미확보,맑음,2019-10-23_19시,ID_5860
2020,남,43세,승용차,기타불명,여,54세,자전거,경상,차대차 - 측면충돌,안전운전불이행,맑음,2020-05-14_15시,ID_7648
2016,남,74세,승용차,상해없음,여,23세,자전거,경상,차대차 - 측면직각충돌,신호위반,흐림,2016-04-30_16시,ID_2130
2015,남,40세,승합차,상해없음,여,71세,자전거,경상,차대차 - 측면직각충돌,안전운전불이행,맑음,2015-02-08_10시,ID_1576
2018,여,47세,승용차,상해없음,남,78세,자전거,경상,차대차 - 기타,안전운전불이행,맑음,2018-06-07_17시,ID_5006
2017,남,63세,자전거,상해없음,남,26세,보행자,경상,차대사람 - 보도통행중,기타,맑음,2017-11-24_11시,ID_4090
2020,남,18세,자전거,부상신고,남,24세,보행자,경상,차대사람 - 기타,안전운전불이행,맑음,2020-09-23_23시,ID_7094
2017,남,69세,승용차,상해없음,여,58세,자전거,중상,차대차 - 정면충돌,신호위반,맑음,2017-02-26_18시,ID_3790
2015,남,48세,승합차,상해없음,남,58세,자전거,중상,차대차 - 측면직각충돌,안전운전불이행,맑음,2015-08-22_22시,ID_814
2015,여,23세,승용차,상해없음,남,25세,자전거,경상,차대차 - 측면직각충돌,안전운전불이행,맑음,2015-04-10_20시,ID_961
2015,여,55세,승용차,상해없음,남,14세,자전거,경상,차대차 - 기타,안전운전불이행,맑음,2015-10-20_16시,ID_1798
2017,여,67세,승용차,상해없음,남,48세,자전거,중상,차대차 - 정면충돌,안전운전불이행,맑음,2017-05-19_10시,ID_4621
2016,여,51세,승용차,상해없음,남,39세,자전거,경상,차대차 - 추돌 - 진행중,안전운전불이행,맑음,2016-10-20_22시,ID_2336
2018,남,43세,승용차,상해없음,남,78세,자전거,중상,차대차 - 측면충돌,안전운전불이행,맑음,2018-04-03_13시,ID_5259
2017,남,18세,이륜차,상해없음,남,60세,자전거,중상,차대차 - 측면충돌,신호위반,맑음,2017-08-30_15시,ID_4658
2015,남,48세,승용차,상해없음,남,8세,자전거,경상,차대차 - 기타,신호위반,맑음,2015-05-05_11시,ID_1168
2020,남,54세,승용차,상해없음,남,54세,자전거,경상,차대차 - 측면충돌,교차로통행방법위반,맑음,2020-06-12_19시,ID_7564
2019,남,45세,자전거,상해없음,남,81세,보행자,중상,차대사람 - 횡단중,신호위반,맑음,2019-10-04_8시,ID_6594
2015,남,46세,승용차,상해없음,남,48세,자전거,경상,차대차 - 측면직각충돌,직진우회전진행방해,맑음,2015-02-19_10시,ID_1896
2016,남,23세,승용차,상해없음,남,24세,자전거,중상,차대차 - 기타,신호위반,맑음,2016-06-09_1시,ID_2328
2017,여,43세,승용차,상해없음,남,74세,자전거,경상,차대차 - 기타,안전운전불이행,맑음,2017-02-02_10시,ID_4811
2019,남,62세,승용차,기타불명,남,61세,자전거,경상,차대차 - 기타,안전운전불이행,맑음,2019-07-18_18시,ID_5874
2018,남,76세,승용차,상해없음,남,40세,자전거,경상,차대차 - 측면충돌,신호위반,맑음,2018-05-31_6시,ID_4972
2017,남,63세,승용차,상해없음,남,13세,자전거,경상,차대차 - 기타,교차로운행방법위반,맑음,2017-03-24_20시,ID_4274
2020,여,30세,승용차,상해없음,남,30세,자전거,중상,차대차 - 기타,안전운전불이행,맑음,2020-10-21_8시,ID_7659
2020,남,27세,승용차,상해없음,남,63세,자전거,경상,차대차 - 측면충돌,안전운전불이행,맑음,2020-10-08_9시,ID_7111
2016,남,23세,자전거,상해없음,남,37세,자전거,경상,차대차 - 측면직각충돌,중앙선침범,맑음,2016-06-08_7시,ID_3562
2017,남,60세,승용차,상해없음,남,19세,자전거,경상,차대차 - 기타,안전운전불이행,맑음,2017-05-24_19시,ID_4402
2019,남,44세,화물차,상해없음,남,46세,자전거,경상,차대차 - 측면충돌,안전운전불이행,맑음,2019-04-13_18시,ID_6726
2016,여,48세,자전거,상해없음,남,8세,보행자,경상,차대사람 - 횡단중,보행자보호위반,맑음,2016-11-05_9시,ID_3156
2016,남,38세,승용차,상해없음,남,65세,자전거,경상,차대차 - 기타,안전운전불이행,맑음,2016-08-19_9시,ID_3484
2015,남,56세,승용차,상해없음,여,52세,자전거,중상,차대차 - 기타,신호위반,맑음,2015-01-19_12시,ID_69
2017,남,55세,승용차,상해없음,남,13세,자전거,경상,차대차 - 기타,신호위반,맑음,2017-06-14_20시,ID_4569
2016,남,56세,승용차,상해없음,여,40세,자전거,중상,차대차 - 측면직각충돌,안전운전불이행,비,2016-07-16_21시,ID_2085
2017,여,45세,승용차,상해없음,여,53세,자전거,경상,차대차 - 기타,안전운전불이행,맑음,2017-04-12_21시,ID_3765
2015,여,36세,승용차,상해없음,여,50세,자전거,경상,차대차 - 측면직각충돌,안전운전불이행,맑음,2015-08-08_8시,ID_27
2019,남,46세,승용차,상해없음,남,52세,자전거,경상,차대차 - 기타,안전운전불이행,맑음,2019-12-30_7시,ID_6567
2019,남,37세,이륜차,상해없음,남,35세,자전거,경상,차대차 - 측면충돌,신호위반,맑음,2019-05-04_12시,ID_5822
2019,여,56세,승용차,상해없음,남,70세,자전거,경상,차대차 - 기타,안전운전불이행,맑음,2019-08-28_14시,ID_6211
2015,여,59세,승용차,상해없음,남,68세,자전거,중상,차대차 - 측면직각충돌,안전운전불이행,맑음,2015-09-16_9시,ID_1307
2016,남,51세,승용차,상해없음,남,44세,자전거,경상,차대차 - 추돌 - 진행중,기타,맑음,2016-05-21_19시,ID_3041
2019,남,36세,승용차,상해없음,여,58세,자전거,경상,차대차 - 기타,안전운전불이행,맑음,2019-04-24_7시,ID_6285
2018,남,37세,이륜차,상해없음,남,13세,자전거,경상,차대차 - 측면충돌,신호위반,맑음,2018-11-14_22시,ID_5511
2015,남,12세,자전거,상해없음,남,26세,자전거,경상,차대차 - 기타,안전운전불이행,맑음,2015-03-22_16시,ID_436
2016,남,74세,승용차,상해없음,남,65세,자전거,경상,차대차 - 기타,기타,맑음,2016-07-27_7시,ID_2383
2019,남,66세,승용차,상해없음,남,64세,자전거,경상,차대차 - 기타,신호위반,맑음,2019-12-24_11시,ID_5820
2017,남,49세,승용차,상해없음,남,77세,자전거,중상,차대차 - 기타,안전운전불이행,맑음,2017-10-26_10시,ID_4158
2016,남,43세,화물차,상해없음,남,20세,자전거,경상,차대차 - 추돌 - 진행중,안전운전불이행,맑음,2016-07-06_16시,ID_2259
2018,여,49세,승용차,상해없음,남,77세,자전거,경상,차대차 - 측면충돌,안전운전불이행,맑음,2018-03-31_12시,ID_5268
2020,남,28세,승용차,상해없음,남,11세,자전거,중상,차대차 - 기타,안전운전불이행,맑음,2020-04-15_10시,ID_7020
2016,남,57세,승용차,상해없음,남,18세,자전거,경상,차대차 - 측면직각충돌,안전거리미확보,맑음,2016-07-21_11시,ID_2339
2015,여,48세,승용차,상해없음,남,55세,자전거,경상,차대차 - 기타,안전운전불이행,맑음,2015-09-27_21시,ID_1223
2017,여,56세,승용차,상해없음,남,10세,자전거,중상,차대차 - 측면충돌,교차로운행방법위반,맑음,2017-05-10_17시,ID_4380
2018,여,53세,승용차,상해없음,남,75세,자전거,중상,차대차 - 측면충돌,안전운전불이행,맑음,2018-01-04_9시,ID_5680
2015,여,41세,승용차,상해없음,여,25세,자전거,경상,차대차 - 측면직각충돌,안전운전불이행,맑음,2015-10-21_10시,ID_568
2017,남,68세,승용차,상해없음,남,47세,자전거,중상,차대차 - 측면충돌,신호위반,맑음,2017-05-29_0시,ID_4078
2020,여,33세,자전거,부상신고,남,2세,보행자,경상,차대사람 - 횡단중,안전운전불이행,맑음,2020-05-20_17시,ID_7060
2015,여,51세,승용차,상해없음,남,63세,자전거,중상,차대차 - 기타,기타,맑음,2015-02-17_8시,ID_1131
2019,남,19세,원동기장치자전거,상해없음,남,38세,자전거,경상,차대차 - 기타,신호위반,맑음,2019-05-20_20시,ID_6633
2017,남,47세,승용차,상해없음,여,29세,자전거,경상,차대차 - 기타,기타,맑음,2017-10-29_22시,ID_3667
2016,여,24세,승용차,상해없음,남,68세,자전거,중상,차대차 - 정면충돌,안전운전불이행,맑음,2016-06-09_14시,ID_3062
2015,여,25세,자전거,상해없음,여,36세,보행자,중상,차대사람 - 보도통행중,기타,맑음,2015-06-15_21시,ID_362
2018,여,49세,승용차,상해없음,남,28세,자전거,중상,차대차 - 측면충돌,신호위반,흐림,2018-03-16_22시,ID_5318
2016,여,51세,승용차,상해없음,남,74세,자전거,경상,차대차 - 기타,안전운전불이행,맑음,2016-09-20_7시,ID_2949
2019,여,69세,승용차,상해없음,남,75세,자전거,중상,차대차 - 측면충돌,안전운전불이행,맑음,2019-07-16_8시,ID_6772
2017,남,51세,승용차,상해없음,남,78세,자전거,중상,차대차 - 측면충돌,안전운전불이행,맑음,2017-02-16_13시,ID_3732
2018,여,54세,승용차,상해없음,여,20세,자전거,경상,차대차 - 측면충돌,안전운전불이행,맑음,2018-08-24_22시,ID_5049
2015,여,39세,승용차,상해없음,남,8세,자전거,경상,차대차 - 측면직각충돌,안전운전불이행,맑음,2015-10-12_18시,ID_1134
2015,여,34세,승용차,상해없음,여,25세,자전거,경상,차대차 - 측면직각충돌,안전운전불이행,맑음,2015-04-21_8시,ID_1504
2020,여,68세,승용차,기타불명,남,25세,자전거,중상,차대차 - 측면충돌,신호위반,흐림,2020-08-11_12시,ID_7224
2018,여,39세,승용차,상해없음,남,44세,자전거,경상,차대차 - 측면충돌,안전운전불이행,맑음,2018-04-30_8시,ID_5205
2016,남,58세,승용차,상해없음,여,80세,자전거,경상,차대차 - 측면직각충돌,안전운전불이행,맑음,2016-10-07_5시,ID_2710
2015,남,57세,승용차,상해없음,남,18세,자전거,경상,차대차 - 측면직각충돌,기타,맑음,2015-09-13_19시,ID_677
2017,남,69세,승용차,상해없음,남,17세,자전거,중상,차대차 - 측면충돌,안전운전불이행,맑음,2017-06-08_7시,ID_4326
2018,남,41세,화물차,상해없음,남,52세,자전거,중상,차대차 - 추돌,안전운전불이행,맑음,2018-08-17_9시,ID_5539
2020,남,66세,승용차,상해없음,남,20세,자전거,경상,차대차 - 기타,안전운전불이행,비,2020-05-15_16시,ID_7209
2016,남,49세,승용차,상해없음,남,38세,자전거,중상,차대차 - 측면직각충돌,안전운전불이행,맑음,2016-03-05_9시,ID_3404
2016,남,59세,승용차,상해없음,남,78세,자전거,중상,차대차 - 측면직각충돌,안전운전불이행,맑음,2016-09-10_12시,ID_3477
2015,남,59세,승용차,상해없음,남,22세,자전거,경상,차대차 - 측면직각충돌,신호위반,맑음,2015-01-10_18시,ID_729
2015,여,13세,자전거,상해없음,남,66세,보행자,경상,차대사람 - 길가장자리구역통행중,안전운전불이행,맑음,2015-09-04_16시,ID_288
2020,여,30세,자전거,상해없음,여,4세,보행자,경상,차대사람 - 기타,안전운전불이행,맑음,2020-05-24_16시,ID_7215
2016,남,17세,자전거,상해없음,남,14세,자전거,경상,차대차 - 측면직각충돌,안전운전불이행,맑음,2016-01-31_20시,ID_3073
2020,남,68세,자전거,상해없음,여,75세,보행자,중상,차대사람 - 보도통행중,기타,맑음,2020-09-10_8시,ID_6935
2015,여,49세,승용차,상해없음,여,26세,자전거,중상,차대차 - 측면직각충돌,안전운전불이행,맑음,2015-10-07_8시,ID_1959
2016,남,62세,승용차,상해없음,남,55세,자전거,중상,차대차 - 측면직각충돌,기타,맑음,2016-04-19_11시,ID_2121
2015,남,69세,이륜차,부상신고,남,74세,자전거,중상,차대차 - 기타,신호위반,비,2015-01-16_12시,ID_1807
2019,남,65세,승용차,상해없음,여,19세,자전거,경상,차대차 - 측면충돌,안전운전불이행,맑음,2019-05-03_7시,ID_5847
2019,남,42세,승용차,상해없음,남,57세,자전거,경상,차대차 - 기타,안전운전불이행,맑음,2019-10-11_21시,ID_6055
2017,남,14세,자전거,상해없음,여,54세,보행자,경상,차대사람 - 횡단중,신호위반,맑음,2017-05-29_21시,ID_3748
2016,여,47세,화물차,상해없음,여,55세,자전거,중상,차대차 - 측면직각충돌,안전운전불이행,맑음,2016-12-27_10시,ID_2128
2016,남,68세,승용차,상해없음,남,71세,자전거,경상,차대차 - 측면직각충돌,신호위반,맑음,2016-10-11_18시,ID_3322
2018,남,36세,승용차,상해없음,남,12세,자전거,중상,차대차 - 측면충돌,안전운전불이행,맑음,2018-04-08_14시,ID_5623
2015,여,24세,승용차,상해없음,남,12세,자전거,중상,차대차 - 측면직각충돌,안전운전불이행,맑음,2015-09-22_16시,ID_575
2019,남,32세,자전거,부상신고,남,30세,이륜차,경상,차대차 - 측면충돌,중앙선침범,맑음,2019-10-18_14시,ID_5870
2017,남,34세,자전거,상해없음,여,61세,보행자,중상,차대사람 - 횡단중,안전운전불이행,맑음,2017-05-10_15시,ID_4311
2015,남,46세,승용차,상해없음,남,65세,자전거,경상,차대차 - 측면직각충돌,안전운전불이행,맑음,2015-11-21_15시,ID_397
2016,남,49세,승용차,상해없음,여,50세,자전거,경상,차대차 - 측면직각충돌,안전운전불이행,맑음,2016-01-22_22시,ID_2933
2017,남,55세,건설기계,상해없음,남,65세,자전거,중상,차대차 - 측면충돌,안전운전불이행,맑음,2017-03-20_9시,ID_4418
2015,남,31세,승용차,상해없음,남,55세,자전거,중상,차대차 - 측면직각충돌,안전운전불이행,맑음,2015-08-30_21시,ID_1686
2016,남,15세,자전거,상해없음,여,10세,보행자,경상,차대사람 - 횡단중,보행자보호위반,맑음,2016-10-11_15시,ID_3294
2017,남,49세,자전거,상해없음,남,54세,보행자,중상,차대사람 - 횡단중,안전운전불이행,맑음,2017-07-08_5시,ID_4047
2016,여,42세,승용차,상해없음,남,58세,자전거,중상,차대차 - 측면직각충돌,신호위반,맑음,2016-02-01_6시,ID_3358
2018,남,61세,승용차,상해없음,여,14세,자전거,경상,차대차 - 측면충돌,안전운전불이행,맑음,2018-06-12_17시,ID_5745
2017,남,49세,승용차,상해없음,남,14세,자전거,경상,차대차 - 기타,안전운전불이행,맑음,2017-11-27_8시,ID_4588
2015,남,53세,자전거,상해없음,남,20세,자전거,경상,차대차 - 정면충돌,안전운전불이행,맑음,2015-09-14_20시,ID_763
2015,남,55세,승용차,상해없음,남,71세,자전거,경상,차대차 - 측면직각충돌,안전운전불이행,맑음,2015-12-24_17시,ID_1164
2017,남,54세,승용차,상해없음,남,29세,자전거,경상,차대차 - 측면충돌,안전운전불이행,맑음,2017-12-02_9시,ID_3878
2020,남,36세,승용차,상해없음,남,12세,자전거,중상,차대차 - 측면충돌,안전운전불이행,맑음,2020-09-27_20시,ID_7492
2017,여,45세,승용차,상해없음,남,61세,자전거,경상,차대차 - 측면충돌,안전운전불이행,맑음,2017-12-21_14시,ID_4732
2020,남,59세,이륜차,상해없음,남,83세,자전거,경상,차대차 - 기타,안전운전불이행,맑음,2020-02-06_16시,ID_7388
2017,남,30세,승용차,상해없음,남,72세,자전거,경상,차대차 - 측면충돌,직진우회전진행방해,맑음,2017-12-18_11시,ID_4069
2019,여,56세,승합차,상해없음,남,58세,자전거,중상,차대차 - 정면충돌,안전운전불이행,맑음,2019-03-13_7시,ID_6220
2019,남,59세,승용차,상해없음,남,26세,자전거,경상,차대차 - 기타,교차로통행방법위반,맑음,2019-04-27_17시,ID_5972
2016,여,35세,자전거,상해없음,남,31세,보행자,경상,차대사람 - 기타,기타,맑음,2016-10-19_13시,ID_3224
2017,남,72세,자전거,상해없음,여,62세,자전거,경상,차대차 - 정면충돌,안전운전불이행,맑음,2017-07-17_12시,ID_4445
2017,여,58세,승용차,상해없음,남,67세,자전거,중상,차대차 - 기타,신호위반,맑음,2017-09-04_14시,ID_4482
2015,여,47세,승용차,상해없음,여,59세,자전거,중상,차대차 - 기타,직진우회전진행방해,맑음,2015-03-29_19시,ID_2041
2020,남,63세,자전거,기타불명,여,63세,자전거,경상,차대차 - 측면충돌,안전운전불이행,맑음,2020-05-17_18시,ID_6855
2017,남,68세,자전거,상해없음,여,31세,보행자,경상,차대사람 - 기타,안전운전불이행,맑음,2017-03-14_19시,ID_4585
2017,남,44세,특수차,상해없음,여,56세,자전거,중상,차대차 - 기타,교차로운행방법위반,맑음,2017-09-16_6시,ID_4351
2020,남,31세,자전거,상해없음,여,59세,보행자,경상,차대사람 - 보도통행중,안전운전불이행,맑음,2020-01-13_12시,ID_7701
2015,남,51세,승용차,상해없음,남,23세,자전거,중상,차대차 - 측면직각충돌,신호위반,맑음,2015-06-20_23시,ID_1371
2015,여,56세,승용차,상해없음,남,78세,자전거,경상,차대차 - 측면직각충돌,안전운전불이행,맑음,2015-06-28_15시,ID_1749
2019,남,40세,이륜차,경상,여,71세,자전거,중상,차대차 - 측면충돌,안전운전불이행,맑음,2019-01-12_17시,ID_6218
2019,남,59세,승용차,상해없음,여,71세,자전거,경상,차대차 - 측면충돌,안전운전불이행,맑음,2019-07-22_8시,ID_6253
2019,남,71세,화물차,상해없음,여,28세,자전거,경상,차대차 - 측면충돌,안전운전불이행,맑음,2019-05-02_16시,ID_6240
2017,남,47세,이륜차,상해없음,남,80세,자전거,중상,차대차 - 기타,안전운전불이행,맑음,2017-12-22_14시,ID_4678
2016,남,64세,승용차,상해없음,남,10세,자전거,중상,차대차 - 측면직각충돌,안전운전불이행,맑음,2016-05-26_19시,ID_2920
2016,남,24세,자전거,상해없음,여,57세,보행자,중상,차대사람 - 기타,안전운전불이행,맑음,2016-04-09_9시,ID_2293
2015,남,51세,승합차,상해없음,남,66세,자전거,경상,차대차 - 측면직각충돌,안전운전불이행,맑음,2015-11-24_6시,ID_457
2017,여,69세,승용차,상해없음,남,34세,자전거,경상,차대차 - 측면충돌,교차로운행방법위반,맑음,2017-06-09_17시,ID_4167
2016,남,75세,승용차,상해없음,남,27세,자전거,경상,차대차 - 정면충돌,안전운전불이행,맑음,2016-10-29_9시,ID_2551
2019,남,25세,승용차,상해없음,남,29세,자전거,경상,차대차 - 기타,신호위반,맑음,2019-06-18_19시,ID_6359
2016,남,47세,승용차,상해없음,남,55세,자전거,중상,차대차 - 기타,안전운전불이행,맑음,2016-12-20_18시,ID_2838
2019,남,57세,승용차,상해없음,여,26세,자전거,경상,차대차 - 측면충돌,안전운전불이행,맑음,2019-08-30_8시,ID_6600
2015,여,49세,승용차,상해없음,남,46세,자전거,경상,차대차 - 측면직각충돌,안전운전불이행,맑음,2015-03-05_17시,ID_1665
2020,여,23세,자전거,상해없음,여,54세,자전거,중상,차대차 - 기타,안전운전불이행,맑음,2020-08-31_16시,ID_7057
2015,남,54세,승용차,상해없음,남,19세,자전거,경상,차대차 - 기타,안전운전불이행,맑음,2015-06-27_21시,ID_1273
2020,남,20세,원동기장치자전거,상해없음,남,71세,자전거,중상,차대차 - 기타,신호위반,맑음,2020-11-16_6시,ID_7497
2017,여,35세,승용차,상해없음,여,63세,자전거,중상,차대차 - 기타,안전운전불이행,흐림,2017-04-17_3시,ID_3642
2020,여,27세,승용차,상해없음,남,27세,자전거,경상,차대차 - 기타,안전운전불이행,맑음,2020-05-29_8시,ID_7332
2016,남,25세,승용차,상해없음,여,62세,자전거,경상,차대차 - 측면직각충돌,안전운전불이행,맑음,2016-03-31_9시,ID_3443
2019,남,43세,자전거,상해없음,여,59세,보행자,경상,차대사람 - 보도통행중,기타,맑음,2019-11-25_8시,ID_6023
2016,남,29세,승용차,상해없음,남,55세,자전거,경상,차대차 - 기타,신호위반,맑음,2016-10-07_7시,ID_3419
2015,여,44세,승용차,상해없음,남,58세,자전거,경상,차대차 - 기타,안전운전불이행,맑음,2015-10-28_21시,ID_572
2020,여,53세,자전거,상해없음,여,55세,자전거,경상,차대차 - 기타,안전운전불이행,맑음,2020-08-12_7시,ID_7570
2020,남,19세,자전거,상해없음,여,24세,보행자,경상,차대사람 - 보도통행중,기타,맑음,2020-10-28_6시,ID_6997
2015,여,36세,자전거,상해없음,여,65세,보행자,경상,차대사람 - 횡단중,신호위반,맑음,2015-05-18_8시,ID_683
2015,남,80세,승용차,상해없음,남,40세,자전거,경상,차대차 - 추돌 - 진행중,안전운전불이행,맑음,2015-09-12_8시,ID_64
2015,남,43세,승용차,상해없음,여,43세,자전거,경상,차대차 - 정면충돌,직진우회전진행방해,맑음,2015-05-10_13시,ID_621
2016,남,55세,승합차,상해없음,여,40세,자전거,중상,차대차 - 측면직각충돌,안전운전불이행,맑음,2016-06-17_18시,ID_2287
2015,남,57세,승용차,상해없음,여,41세,자전거,중상,차대차 - 정면충돌,안전운전불이행,맑음,2015-09-06_10시,ID_1705
2020,여,31세,승용차,상해없음,남,48세,자전거,경상,차대차 - 정면충돌,안전운전불이행,맑음,2020-11-17_20시,ID_6852
2015,남,65세,화물차,상해없음,여,58세,자전거,경상,차대차 - 기타,직진우회전진행방해,맑음,2015-03-17_16시,ID_1321
2017,남,58세,승용차,상해없음,남,40세,자전거,경상,차대차 - 측면충돌,안전운전불이행,맑음,2017-05-22_23시,ID_4780
2019,여,62세,승용차,상해없음,남,42세,자전거,경상,차대차 - 기타,안전운전불이행,맑음,2019-03-11_16시,ID_6162
2020,남,66세,화물차,상해없음,여,38세,자전거,경상,차대차 - 정면충돌,안전운전불이행,맑음,2020-09-25_20시,ID_6934
2017,남,36세,승용차,상해없음,여,54세,자전거,중상,차대차 - 측면충돌,안전운전불이행,맑음,2017-08-22_16시,ID_4767
2020,남,63세,승용차,상해없음,남,58세,자전거,중상,차대차 - 기타,안전운전불이행,맑음,2020-12-07_12시,ID_7802
2015,여,41세,승용차,상해없음,여,36세,자전거,중상,차대차 - 측면직각충돌,안전운전불이행,비,2015-04-05_14시,ID_1931
2016,여,61세,자전거,기타불명,여,80세,보행자,중상,차대사람 - 횡단중,안전운전불이행,맑음,2016-04-08_14시,ID_3137
2016,남,56세,자전거,부상신고,남,36세,자전거,경상,차대차 - 측면직각충돌,안전운전불이행,맑음,2016-08-01_20시,ID_2507
2017,남,54세,자전거,상해없음,여,56세,보행자,경상,차대사람 - 기타,안전운전불이행,맑음,2017-10-09_16시,ID_3710
2015,남,63세,승용차,상해없음,여,21세,자전거,경상,차대차 - 기타,안전운전불이행,맑음,2015-07-14_22시,ID_1023
2016,남,49세,화물차,상해없음,여,7세,자전거,중상,차대차 - 측면직각충돌,안전운전불이행,맑음,2016-03-17_16시,ID_2334
2016,남,58세,승용차,상해없음,남,57세,자전거,경상,차대차 - 측면직각충돌,신호위반,맑음,2016-01-08_6시,ID_3087
2017,여,19세,승용차,상해없음,남,65세,자전거,중상,차대차 - 기타,신호위반,맑음,2017-08-26_0시,ID_4275
2016,여,69세,승용차,상해없음,남,78세,자전거,중상,차대차 - 기타,신호위반,맑음,2016-06-27_13시,ID_2400
2018,여,60세,승용차,상해없음,남,79세,자전거,중상,차대차 - 기타,교차로통행방법위반,흐림,2018-12-01_10시,ID_5136
2015,남,63세,이륜차,상해없음,여,47세,자전거,중상,차대차 - 측면직각충돌,안전운전불이행,맑음,2015-06-17_20시,ID_1420
2018,남,68세,승용차,상해없음,남,66세,자전거,중상,차대차 - 기타,안전운전불이행,맑음,2018-09-05_9시,ID_5156
2020,남,41세,화물차,상해없음,남,66세,자전거,경상,차대차 - 추돌,안전운전불이행,맑음,2020-04-27_15시,ID_7471
2018,남,42세,승용차,상해없음,여,59세,자전거,경상,차대차 - 기타,안전운전불이행,맑음,2018-10-17_10시,ID_5414
2015,남,61세,승용차,상해없음,남,19세,자전거,중상,차대차 - 기타,안전운전불이행,맑음,2015-10-20_12시,ID_1593
2016,남,49세,승용차,상해없음,여,25세,자전거,경상,차대차 - 측면직각충돌,신호위반,맑음,2016-09-04_11시,ID_2316
2017,남,54세,승합차,상해없음,남,34세,자전거,중상,차대차 - 측면충돌,안전운전불이행,맑음,2017-08-06_16시,ID_4617
2019,남,35세,승합차,상해없음,남,37세,자전거,경상,차대차 - 기타,교차로통행방법위반,맑음,2019-01-13_1시,ID_6523
2015,남,61세,승용차,상해없음,남,31세,자전거,경상,차대차 - 기타,신호위반,맑음,2015-07-27_20시,ID_504
2019,여,41세,승용차,상해없음,남,10세,자전거,경상,차대차 - 측면충돌,안전운전불이행,맑음,2019-10-22_18시,ID_6674
2019,남,62세,승용차,상해없음,남,59세,자전거,경상,차대차 - 기타,기타,맑음,2019-07-21_21시,ID_5925
2017,남,45세,자전거,경상,남,41세,자전거,경상,차대차 - 기타,안전운전불이행,맑음,2017-06-15_19시,ID_3651
2015,여,44세,승용차,상해없음,여,50세,자전거,경상,차대차 - 기타,안전운전불이행,맑음,2015-07-16_18시,ID_838
2017,남,46세,승용차,상해없음,남,71세,자전거,중상,차대차 - 정면충돌,신호위반,맑음,2017-02-25_11시,ID_4496
2015,남,39세,건설기계,상해없음,여,21세,자전거,중상,차대차 - 측면직각충돌,안전운전불이행,맑음,2015-12-06_12시,ID_1476
2016,남,19세,자전거,경상,여,61세,보행자,중상,차대사람 - 기타,안전운전불이행,맑음,2016-06-14_23시,ID_2560
2017,남,58세,승용차,상해없음,남,91세,자전거,경상,차대차 - 측면충돌,안전운전불이행,맑음,2017-09-30_11시,ID_4240
2019,남,50세,승용차,상해없음,남,30세,자전거,경상,차대차 - 기타,기타,맑음,2019-07-22_21시,ID_6207
2019,여,32세,승용차,상해없음,여,64세,자전거,중상,차대차 - 측면충돌,안전운전불이행,맑음,2019-07-19_10시,ID_6586
2018,남,67세,승용차,상해없음,남,17세,자전거,경상,차대차 - 측면충돌,기타,맑음,2018-08-21_15시,ID_4970
2020,남,11세,자전거,상해없음,남,49세,보행자,경상,차대사람 - 보도통행중,기타,맑음,2020-09-08_14시,ID_6986
2018,여,59세,승용차,상해없음,여,57세,자전거,경상,차대차 - 기타,신호위반,맑음,2018-05-10_8시,ID_5385
2015,남,83세,자전거,상해없음,여,70세,보행자,경상,차대사람 - 횡단중,보행자보호위반,맑음,2015-12-29_14시,ID_1021
2017,남,27세,자전거,상해없음,여,74세,보행자,경상,차대사람 - 기타,기타,비,2017-01-02_5시,ID_3622
2018,남,56세,승용차,상해없음,여,75세,자전거,중상,차대차 - 측면충돌,안전운전불이행,맑음,2018-12-26_14시,ID_5267
2016,여,52세,승용차,상해없음,남,10세,자전거,경상,차대차 - 측면직각충돌,안전운전불이행,맑음,2016-10-21_19시,ID_3142
2020,남,70세,화물차,상해없음,남,75세,자전거,경상,차대차 - 기타,안전운전불이행,맑음,2020-11-20_15시,ID_7010
2015,여,31세,승용차,상해없음,남,71세,자전거,중상,차대차 - 기타,신호위반,흐림,2015-07-13_7시,ID_859
2016,남,41세,승용차,상해없음,여,37세,자전거,경상,차대차 - 기타,안전운전불이행,맑음,2016-10-19_21시,ID_2848
2017,남,60세,승용차,상해없음,여,25세,자전거,경상,차대차 - 기타,안전운전불이행,맑음,2017-11-08_15시,ID_4148
2020,남,61세,이륜차,상해없음,여,59세,자전거,경상,차대차 - 측면충돌,신호위반,맑음,2020-05-11_9시,ID_6902