사고년도,가해자성별,가해자연령,가해차종,가해자신체상해정도,피해자성별,피해자연령,피해차종,피해자신체상해정도,사고유형,가해자법규위반,기상상태,시각,사건번호
2015,남,44세,승용차,상해없음,여,66세,자전거,경상,차대차 - 측면직각충돌,교차로운행방법위반,맑음,2015-01-10_5시,ID_2017
2016,남,63세,승용차,상해없음,남,55세,자전거,경상,차대차 - 기타,직진우회전진행방해,맑음,2016-06-08_22시,ID_2091
2020,여,27세,승용차,상해없음,남,10세,자전거,경상,차대차 - 기타,안전운전불이행,맑음,2020-12-11_8시,ID_7739
2020,여,34세,자전거,상해없음,남,16세,자전거,경상,차대차 - 측면충돌,안전운전불이행,맑음,2020-07-30_20시,ID_7117
2015,여,30세,승용차,상해없음,남,64세,자전거,경상,차대차 - 측면직각충돌,안전운전불이행,맑음,2015-08-18_10시,ID_1845
2016,남,49세,승합차,상해없음,남,43세,자전거,중상,차대차 - 추돌 - 진행중,안전운전불이행,맑음,2016-04-06_20시,ID_2275
2015,남,49세,화물차,상해없음,남,77세,자전거,중상,차대차 - 기타,안전운전불이행,맑음,2015-11-27_9시,ID_1042
2016,남,36세,승용차,상해없음,남,18세,자전거,중상,차대차 - 측면직각충돌,안전운전불이행,맑음,2016-09-11_14시,ID_2941
2016,남,51세,승합차,상해없음,남,77세,자전거,중상,차대차 - 추돌 - 진행중,안전운전불이행,맑음,2016-06-09_9시,ID_2175
2016,남,49세,화물차,상해없음,남,12세,자전거,경상,차대차 - 측면직각충돌,안전운전불이행,맑음,2016-04-18_16시,ID_3388
2017,남,57세,승합차,상해없음,여,71세,자전거,중상,차대차 - 측면충돌,안전운전불이행,맑음,2017-09-11_12시,ID_4454
2019,남,67세,승용차,상해없음,남,25세,자전거,경상,차대차 - 측면충돌,신호위반,맑음,2019-02-19_0시,ID_6463
2016,여,43세,승용차,상해없음,남,64세,자전거,중상,차대차 - 측면직각충돌,안전운전불이행,맑음,2016-04-15_12시,ID_3141
2015,남,12세,자전거,상해없음,남,36세,자전거,중상,차대차 - 정면충돌,안전운전불이행,맑음,2015-05-04_19시,ID_474
2016,남,52세,승용차,상해없음,남,10세,자전거,경상,차대차 - 측면직각충돌,신호위반,맑음,2016-07-24_16시,ID_2530
2018,남,67세,승용차,상해없음,남,14세,자전거,경상,차대차 - 기타,기타,맑음,2018-03-03_10시,ID_5772
2019,여,58세,승용차,상해없음,여,55세,자전거,경상,차대차 - 측면충돌,교차로통행방법위반,맑음,2019-05-20_17시,ID_6294
2019,남,18세,자전거,상해없음,여,59세,자전거,중상,차대차 - 기타,안전운전불이행,맑음,2019-03-23_8시,ID_6337
2015,남,32세,자전거,상해없음,남,17세,자전거,경상,차대차 - 정면충돌,안전운전불이행,맑음,2015-09-08_22시,ID_588
2018,남,52세,승용차,상해없음,남,16세,자전거,경상,차대차 - 기타,기타,맑음,2018-07-25_19시,ID_4974
2018,여,63세,승용차,상해없음,남,56세,자전거,중상,차대차 - 측면충돌,안전운전불이행,맑음,2018-07-17_8시,ID_5587
2017,남,74세,승용차,상해없음,여,42세,자전거,경상,차대차 - 측면충돌,안전운전불이행,맑음,2017-07-01_20시,ID_4174
2015,여,54세,승용차,상해없음,남,72세,자전거,중상,차대차 - 측면직각충돌,안전운전불이행,맑음,2015-07-25_19시,ID_1960
2016,남,19세,자전거,부상신고,여,9세,보행자,중상,차대사람 - 횡단중,신호위반,맑음,2016-02-16_16시,ID_3542
2020,남,59세,승용차,상해없음,남,59세,자전거,경상,차대차 - 후진중충돌,안전운전불이행,맑음,2020-04-20_14시,ID_6879
2017,남,39세,승용차,상해없음,남,57세,자전거,경상,차대차 - 기타,신호위반,맑음,2017-08-18_17시,ID_4333
2015,남,39세,승용차,상해없음,남,60세,자전거,경상,차대차 - 추돌 - 진행중,안전운전불이행,맑음,2015-08-07_7시,ID_187
2019,남,64세,승용차,상해없음,남,71세,자전거,경상,차대차 - 측면충돌,안전운전불이행,맑음,2019-05-13_15시,ID_5843
2020,남,50세,승용차,상해없음,남,14세,자전거,경상,차대차 - 측면충돌,안전운전불이행,맑음,2020-02-14_16시,ID_7784
2018,남,52세,이륜차,상해없음,여,75세,자전거,중상,차대차 - 측면충돌,신호위반,흐림,2018-02-14_11시,ID_4860
2017,여,61세,승용차,상해없음,남,49세,자전거,경상,차대차 - 정면충돌,안전운전불이행,맑음,2017-05-13_11시,ID_3960
2017,여,54세,승용차,상해없음,여,65세,자전거,중상,차대차 - 측면충돌,직진우회전진행방해,맑음,2017-08-09_9시,ID_4166
2020,남,62세,승용차,상해없음,여,58세,자전거,중상,차대차 - 후진중충돌,기타,맑음,2020-12-28_12시,ID_7766
2017,남,63세,화물차,상해없음,남,77세,자전거,중상,차대차 - 측면충돌,신호위반,맑음,2017-04-11_16시,ID_3764
2018,남,48세,승용차,상해없음,남,56세,자전거,중상,차대차 - 기타,안전거리미확보,맑음,2018-10-20_18시,ID_5447
2015,남,49세,승용차,상해없음,여,42세,자전거,중상,차대차 - 기타,안전운전불이행,맑음,2015-10-20_11시,ID_908
2015,남,27세,승용차,상해없음,남,23세,자전거,중상,차대차 - 기타,신호위반,맑음,2015-02-13_2시,ID_692
2017,여,50세,승용차,상해없음,여,63세,자전거,중상,차대차 - 측면충돌,안전운전불이행,맑음,2017-09-07_15시,ID_4631
2019,여,59세,승용차,상해없음,남,12세,자전거,중상,차대차 - 측면충돌,안전운전불이행,맑음,2019-11-15_17시,ID_6692
2019,남,62세,승용차,상해없음,남,66세,자전거,중상,차대차 - 측면충돌,안전운전불이행,맑음,2019-04-09_9시,ID_6657
2016,여,75세,승용차,상해없음,남,71세,자전거,경상,차대차 - 측면직각충돌,직진우회전진행방해,맑음,2016-01-04_9시,ID_2123
2016,남,42세,승용차,상해없음,여,51세,자전거,중상,차대차 - 기타,안전운전불이행,맑음,2016-09-10_20시,ID_2078
2020,남,14세,자전거,상해없음,여,60세,보행자,중상,차대사람 - 기타,안전운전불이행,맑음,2020-10-24_17시,ID_7588
2019,남,50세,자전거,경상,남,80세,자전거,중상,차대차 - 기타,안전운전불이행,맑음,2019-07-05_8시,ID_6445
2016,남,45세,승용차,상해없음,여,67세,자전거,경상,차대차 - 측면직각충돌,안전운전불이행,맑음,2016-07-18_22시,ID_3472
2019,남,65세,승용차,상해없음,여,69세,자전거,중상,차대차 - 기타,교차로통행방법위반,맑음,2019-10-31_23시,ID_6788
2018,남,37세,화물차,상해없음,여,64세,자전거,중상,차대차 - 기타,안전운전불이행,맑음,2018-07-07_10시,ID_5206
2020,남,50세,승용차,상해없음,여,59세,자전거,중상,차대차 - 측면충돌,안전운전불이행,맑음,2020-05-02_10시,ID_7793
2019,남,43세,승용차,상해없음,여,55세,자전거,중상,차대차 - 측면충돌,교차로통행방법위반,맑음,2019-12-14_18시,ID_6621
2015,남,44세,화물차,상해없음,남,14세,자전거,중상,차대차 - 기타,안전운전불이행,맑음,2015-03-25_18시,ID_298
2017,남,27세,승용차,상해없음,남,14세,자전거,중상,차대차 - 측면충돌,안전운전불이행,맑음,2017-08-27_17시,ID_4503
2016,여,42세,승용차,상해없음,여,62세,자전거,경상,차대차 - 측면직각충돌,신호위반,맑음,2016-06-04_15시,ID_2921
2016,남,40세,화물차,상해없음,남,75세,자전거,경상,차대차 - 측면직각충돌,안전운전불이행,맑음,2016-04-09_10시,ID_3461
2016,여,48세,승용차,상해없음,남,50세,자전거,중상,차대차 - 기타,안전운전불이행,비,2016-11-18_17시,ID_3544
2015,남,60세,화물차,상해없음,남,67세,자전거,경상,차대차 - 기타,안전운전불이행,맑음,2015-12-04_10시,ID_1483
2017,남,54세,승용차,상해없음,남,12세,자전거,경상,차대차 - 측면충돌,안전운전불이행,맑음,2017-06-22_20시,ID_4246
2015,남,48세,승용차,상해없음,여,32세,자전거,경상,차대차 - 측면직각충돌,기타,맑음,2015-07-24_18시,ID_1044
2020,여,49세,승용차,상해없음,남,78세,자전거,경상,차대차 - 측면충돌,안전운전불이행,맑음,2020-04-28_15시,ID_7629
2016,여,31세,승용차,상해없음,남,73세,자전거,중상,차대차 - 측면직각충돌,신호위반,맑음,2016-05-30_15시,ID_2725
2019,남,26세,승용차,상해없음,남,59세,자전거,경상,차대차 - 측면충돌,안전운전불이행,맑음,2019-01-28_13시,ID_5904
2017,남,15세,자전거,상해없음,남,28세,보행자,중상,차대사람 - 기타,안전운전불이행,맑음,2017-11-03_20시,ID_4423
2020,남,54세,승용차,상해없음,남,83세,자전거,중상,차대차 - 기타,안전운전불이행,맑음,2020-09-10_18시,ID_7441
2017,여,44세,승용차,상해없음,남,38세,자전거,경상,차대차 - 정면충돌,교차로운행방법위반,맑음,2017-08-01_12시,ID_4544
2019,남,67세,승용차,상해없음,남,73세,자전거,중상,차대차 - 측면충돌,안전운전불이행,맑음,2019-09-21_18시,ID_6068
2016,남,20세,이륜차,부상신고,남,12세,자전거,중상,차대차 - 측면직각충돌,직진우회전진행방해,맑음,2016-06-14_19시,ID_2963
2015,남,62세,승용차,상해없음,남,76세,자전거,중상,차대차 - 측면직각충돌,신호위반,맑음,2015-06-03_22시,ID_472
2019,남,44세,승합차,상해없음,남,76세,자전거,중상,차대차 - 측면충돌,안전운전불이행,맑음,2019-07-31_17시,ID_6250
2017,남,30세,승용차,상해없음,남,71세,자전거,중상,차대차 - 측면충돌,안전거리미확보,비,2017-07-31_19시,ID_4171
2019,남,53세,화물차,상해없음,남,71세,자전거,경상,차대차 - 기타,안전운전불이행,맑음,2019-03-12_13시,ID_6303
2015,남,46세,승합차,상해없음,남,58세,자전거,중상,차대차 - 측면직각충돌,안전운전불이행,맑음,2015-12-11_20시,ID_610
2020,남,66세,승용차,상해없음,남,32세,자전거,경상,차대차 - 기타,안전운전불이행,맑음,2020-02-02_9시,ID_7664
2019,남,67세,승용차,상해없음,남,64세,자전거,중상,차대차 - 측면충돌,중앙선침범,맑음,2019-06-01_7시,ID_5849
2020,남,63세,자전거,상해없음,여,55세,보행자,중상,차대사람 - 기타,안전운전불이행,흐림,2020-09-01_18시,ID_6883
2018,여,33세,승용차,상해없음,여,54세,자전거,경상,차대차 - 기타,안전운전불이행,맑음,2018-08-08_22시,ID_4911
2015,남,64세,화물차,상해없음,남,13세,자전거,중상,차대차 - 기타,안전운전불이행,맑음,2015-03-02_14시,ID_1111
2018,여,54세,승용차,상해없음,남,85세,자전거,경상,차대차 - 기타,안전운전불이행,맑음,2018-06-14_14시,ID_5336
2019,여,59세,승용차,상해없음,남,44세,자전거,경상,차대차 - 기타,안전운전불이행,맑음,2019-05-29_10시,ID_6230
2019,여,49세,승용차,상해없음,남,7세,자전거,중상,차대차 - 측면충돌,교차로통행방법위반,맑음,2019-11-12_18시,ID_6510
2017,여,49세,승용차,상해없음,남,43세,자전거,경상,차대차 - 기타,교차로운행방법위반,맑음,2017-06-08_17시,ID_4395
2015,남,17세,자전거,경상,남,28세,자전거,경상,차대차 - 정면충돌,안전운전불이행,맑음,2015-07-31_22시,ID_437
2015,남,71세,승합차,상해없음,여,54세,자전거,중상,차대차 - 측면직각충돌,안전운전불이행,맑음,2015-10-27_15시,ID_815
2015,여,51세,자전거,상해없음,여,53세,보행자,중상,차대사람 - 횡단중,안전운전불이행,맑음,2015-06-29_9시,ID_460
2017,남,45세,승용차,상해없음,남,76세,자전거,경상,차대차 - 기타,안전운전불이행,맑음,2017-05-24_11시,ID_4306
2016,남,18세,이륜차,상해없음,남,41세,자전거,중상,차대차 - 추돌 - 진행중,안전운전불이행,맑음,2016-08-13_20시,ID_3098
2018,남,70세,승용차,상해없음,여,48세,자전거,중상,차대차 - 측면충돌,안전운전불이행,맑음,2018-01-28_6시,ID_5111
2016,남,55세,승용차,상해없음,남,47세,자전거,중상,차대차 - 측면직각충돌,안전운전불이행,맑음,2016-12-04_0시,ID_2972
2015,남,44세,승용차,기타불명,남,53세,자전거,경상,차대차 - 측면직각충돌,안전운전불이행,맑음,2015-07-01_14시,ID_1436
2019,여,28세,승용차,상해없음,남,23세,자전거,경상,차대차 - 측면충돌,안전운전불이행,맑음,2019-12-03_23시,ID_6410
2015,남,57세,승용차,상해없음,여,59세,자전거,중상,차대차 - 기타,안전운전불이행,맑음,2015-07-13_8시,ID_1868
2020,남,69세,승용차,상해없음,여,10세,자전거,경상,차대차 - 측면충돌,안전운전불이행,맑음,2020-09-18_18시,ID_6846
2017,남,24세,화물차,상해없음,여,50세,자전거,경상,차대차 - 측면충돌,안전운전불이행,맑음,2017-02-01_11시,ID_4253
2015,남,58세,화물차,상해없음,여,25세,자전거,경상,차대차 - 추돌 - 주정차중,안전거리미확보,맑음,2015-09-03_0시,ID_949
2017,남,57세,화물차,상해없음,남,57세,자전거,경상,차대차 - 측면충돌,안전운전불이행,맑음,2017-06-28_15시,ID_4413
2020,남,58세,화물차,상해없음,남,49세,자전거,경상,차대차 - 기타,안전운전불이행,맑음,2020-01-10_16시,ID_7431
2015,남,58세,승용차,상해없음,남,25세,자전거,경상,차대차 - 기타,안전운전불이행,맑음,2015-10-23_22시,ID_1252
2016,남,71세,승용차,상해없음,남,93세,자전거,경상,차대차 - 측면직각충돌,안전운전불이행,맑음,2016-07-07_8시,ID_3315
2019,남,74세,자전거,상해없음,여,84세,보행자,중상,차대사람 - 기타,안전운전불이행,맑음,2019-04-21_11시,ID_6200
2018,남,73세,승용차,상해없음,남,25세,자전거,중상,차대차 - 기타,기타,맑음,2018-06-10_18시,ID_5058
2020,여,25세,승용차,상해없음,여,57세,자전거,경상,차대차 - 측면충돌,안전운전불이행,맑음,2020-11-18_10시,ID_7738
2016,여,47세,승용차,상해없음,남,34세,자전거,경상,차대차 - 측면직각충돌,안전운전불이행,맑음,2016-02-13_1시,ID_2538
2019,남,53세,자전거,상해없음,여,11세,보행자,경상,차대사람 - 횡단중,안전운전불이행,맑음,2019-06-10_15시,ID_6647
2015,남,60세,승용차,상해없음,남,59세,자전거,중상,차대차 - 기타,안전운전불이행,맑음,2015-11-03_16시,ID_126
2016,남,57세,승용차,상해없음,남,15세,자전거,중상,차대차 - 기타,기타,맑음,2016-04-27_7시,ID_2583
2015,여,22세,자전거,상해없음,여,6세,보행자,경상,차대사람 - 보도통행중,보행자보호위반,맑음,2015-07-27_17시,ID_1578
2017,남,59세,승용차,상해없음,남,40세,자전거,경상,차대차 - 정면충돌,신호위반,맑음,2017-06-28_21시,ID_4539
2020,남,42세,승합차,상해없음,남,55세,자전거,경상,차대차 - 측면충돌,안전운전불이행,맑음,2020-03-21_14시,ID_7034
2015,남,67세,승용차,상해없음,남,23세,자전거,중상,차대차 - 기타,안전운전불이행,맑음,2015-05-16_13시,ID_1154
2018,여,53세,승합차,상해없음,여,69세,자전거,경상,차대차 - 측면충돌,교차로통행방법위반,맑음,2018-01-19_16시,ID_5738
2017,남,40세,자전거,상해없음,여,63세,자전거,중상,차대차 - 기타,안전운전불이행,맑음,2017-11-27_14시,ID_4374
2016,남,67세,승용차,상해없음,남,76세,자전거,중상,차대차 - 측면직각충돌,안전운전불이행,맑음,2016-03-15_10시,ID_3408
2019,남,53세,승용차,상해없음,여,23세,자전거,경상,차대차 - 기타,안전운전불이행,맑음,2019-09-27_20시,ID_6290
2015,여,51세,승용차,상해없음,남,59세,자전거,중상,차대차 - 측면직각충돌,불법유턴,맑음,2015-09-14_12시,ID_1490
2018,남,48세,승용차,상해없음,남,78세,자전거,경상,차대차 - 기타,기타,맑음,2018-04-20_15시,ID_5635
2015,남,62세,화물차,상해없음,남,70세,자전거,경상,차대차 - 추돌 - 진행중,안전운전불이행,맑음,2015-02-09_10시,ID_820
2020,남,36세,승용차,상해없음,남,85세,자전거,중상,차대차 - 측면충돌,교차로통행방법위반,맑음,2020-05-07_11시,ID_7361
2019,남,56세,승용차,상해없음,여,55세,자전거,경상,차대차 - 측면충돌,신호위반,맑음,2019-09-17_15시,ID_5955
2019,남,49세,승용차,상해없음,남,11세,자전거,경상,차대차 - 추돌,안전운전불이행,맑음,2019-11-13_19시,ID_6317
2019,여,51세,승용차,상해없음,남,81세,자전거,경상,차대차 - 측면충돌,안전운전불이행,맑음,2019-10-26_15시,ID_6651
2016,남,49세,승용차,상해없음,남,17세,자전거,중상,차대차 - 측면직각충돌,안전운전불이행,맑음,2016-09-29_15시,ID_2903
2019,남,61세,건설기계,상해없음,여,28세,자전거,중상,차대차 - 측면충돌,안전운전불이행,맑음,2019-09-28_10시,ID_6393
2015,남,33세,승용차,상해없음,남,15세,자전거,경상,차대차 - 기타,안전운전불이행,맑음,2015-04-22_10시,ID_1768
2016,남,16세,자전거,상해없음,남,60세,보행자,경상,차대사람 - 횡단중,보행자보호위반,맑음,2016-05-20_18시,ID_3049
2020,여,24세,자전거,상해없음,여,66세,보행자,경상,차대사람 - 기타,안전운전불이행,맑음,2020-07-07_21시,ID_7188
2015,남,56세,승용차,상해없음,남,22세,자전거,경상,차대차 - 측면직각충돌,안전운전불이행,맑음,2015-06-19_19시,ID_808
2015,남,45세,승용차,상해없음,남,64세,자전거,중상,차대차 - 기타,안전운전불이행,맑음,2015-09-05_10시,ID_875
2019,남,20세,자전거,상해없음,여,68세,보행자,중상,차대사람 - 차도통행중,안전운전불이행,맑음,2019-09-27_13시,ID_5978
2017,남,65세,승합차,상해없음,남,55세,자전거,경상,차대차 - 정면충돌,안전운전불이행,맑음,2017-06-10_23시,ID_3927
2015,남,50세,승용차,상해없음,남,16세,자전거,중상,차대차 - 정면충돌,중앙선침범,맑음,2015-12-21_22시,ID_1126
2015,여,61세,승용차,상해없음,여,55세,자전거,중상,차대차 - 기타,안전운전불이행,맑음,2015-12-18_9시,ID_1499
2018,남,9세,자전거,상해없음,여,42세,보행자,경상,차대사람 - 기타,안전운전불이행,맑음,2018-04-28_15시,ID_5276
2017,남,47세,승용차,상해없음,남,53세,자전거,경상,차대차 - 측면충돌,안전운전불이행,맑음,2017-01-07_16시,ID_4230
2016,남,53세,승용차,상해없음,여,64세,자전거,중상,차대차 - 기타,교차로운행방법위반,맑음,2016-03-15_8시,ID_3262
2017,남,58세,승용차,상해없음,남,62세,자전거,경상,차대차 - 정면충돌,안전운전불이행,맑음,2017-07-15_2시,ID_4799
2015,남,17세,승용차,상해없음,남,25세,자전거,경상,차대차 - 정면충돌,안전운전불이행,맑음,2015-11-22_22시,ID_1837
2016,남,40세,승용차,상해없음,남,13세,자전거,중상,차대차 - 측면직각충돌,안전운전불이행,맑음,2016-10-01_18시,ID_2810
2017,남,27세,승용차,상해없음,남,85세,자전거,경상,차대차 - 측면충돌,안전운전불이행,맑음,2017-09-19_18시,ID_4113
2020,여,60세,승용차,상해없음,여,33세,자전거,경상,차대차 - 측면충돌,안전운전불이행,맑음,2020-06-24_7시,ID_7768
2020,여,55세,승용차,상해없음,남,25세,자전거,경상,차대차 - 측면충돌,안전운전불이행,맑음,2020-11-11_8시,ID_7577
2018,남,36세,승용차,상해없음,남,69세,자전거,경상,차대차 - 기타,교차로통행방법위반,맑음,2018-08-15_16시,ID_5751
2018,남,48세,승용차,상해없음,남,64세,자전거,경상,차대차 - 기타,교차로통행방법위반,맑음,2018-02-10_6시,ID_5553
2016,남,14세,자전거,상해없음,남,30세,자전거,경상,차대차 - 정면충돌,안전운전불이행,맑음,2016-11-06_16시,ID_2426
2015,남,57세,승용차,상해없음,남,10세,자전거,경상,차대차 - 측면직각충돌,안전운전불이행,맑음,2015-10-27_19시,ID_1832
2017,여,32세,승용차,상해없음,여,22세,자전거,중상,차대차 - 기타,신호위반,맑음,2017-03-29_8시,ID_4501
2016,남,74세,승용차,상해없음,남,79세,자전거,중상,차대차 - 추돌 - 진행중,신호위반,맑음,2016-05-14_11시,ID_2629
2016,남,59세,승합차,상해없음,남,80세,자전거,중상,차대차 - 측면직각충돌,안전운전불이행,맑음,2016-09-29_9시,ID_2272
2019,남,71세,승용차,상해없음,남,69세,자전거,경상,차대차 - 측면충돌,안전운전불이행,맑음,2019-11-26_12시,ID_6789
2018,남,10세,자전거,기타불명,여,50세,보행자,경상,차대사람 - 횡단중,안전운전불이행,맑음,2018-09-29_20시,ID_5087
2016,남,15세,자전거,부상신고,남,37세,보행자,중상,차대사람 - 기타,안전운전불이행,맑음,2016-01-11_17시,ID_2087
2017,남,33세,승용차,상해없음,남,14세,자전거,중상,차대차 - 기타,안전운전불이행,맑음,2017-08-19_12시,ID_4789
2020,여,55세,승용차,상해없음,남,75세,자전거,중상,차대차 - 측면충돌,안전운전불이행,맑음,2020-02-26_17시,ID_7548
2020,남,33세,화물차,상해없음,여,72세,자전거,중상,차대차 - 측면충돌,안전운전불이행,맑음,2020-06-12_10시,ID_7763
2019,남,21세,승용차,상해없음,남,48세,자전거,중상,차대차 - 측면충돌,안전운전불이행,맑음,2019-04-28_22시,ID_6193
2017,여,38세,승용차,상해없음,남,67세,자전거,경상,차대차 - 측면충돌,안전운전불이행,맑음,2017-10-30_14시,ID_4474
2015,남,58세,자전거,상해없음,여,54세,보행자,경상,차대사람 - 횡단중,안전운전불이행,맑음,2015-04-01_22시,ID_172
2019,남,18세,자전거,상해없음,여,67세,보행자,중상,차대사람 - 횡단중,신호위반,흐림,2019-11-18_8시,ID_5885
2020,남,49세,이륜차,상해없음,여,49세,자전거,경상,차대차 - 측면충돌,신호위반,맑음,2020-03-07_19시,ID_7173
2015,남,22세,승용차,상해없음,남,21세,자전거,경상,차대차 - 추돌 - 진행중,안전운전불이행,맑음,2015-05-28_23시,ID_777
2018,여,55세,승용차,상해없음,여,61세,자전거,경상,차대차 - 측면충돌,안전운전불이행,맑음,2018-09-17_17시,ID_5763
2020,남,23세,승용차,상해없음,여,65세,자전거,경상,차대차 - 측면충돌,안전운전불이행,맑음,2020-05-21_12시,ID_7339
2017,남,25세,승용차,상해없음,남,10세,자전거,경상,차대차 - 측면충돌,안전운전불이행,맑음,2017-05-26_16시,ID_4622
2017,남,60세,승용차,상해없음,여,82세,자전거,중상,차대차 - 측면충돌,안전운전불이행,맑음,2017-10-10_11시,ID_4197
2015,남,40세,승합차,상해없음,남,42세,자전거,경상,차대차 - 기타,안전운전불이행,맑음,2015-12-31_8시,ID_1364
2015,여,40세,승용차,상해없음,남,16세,자전거,중상,차대차 - 기타,안전운전불이행,흐림,2015-07-20_8시,ID_113
2020,여,48세,승용차,기타불명,남,31세,자전거,경상,차대차 - 기타,안전운전불이행,맑음,2020-12-22_15시,ID_7214
2016,남,54세,승용차,상해없음,남,71세,자전거,경상,차대차 - 측면직각충돌,안전운전불이행,맑음,2016-05-23_13시,ID_3201
2019,남,47세,승합차,상해없음,남,28세,자전거,경상,차대차 - 측면충돌,안전운전불이행,맑음,2019-06-03_21시,ID_5952
2015,남,44세,승용차,상해없음,남,18세,자전거,경상,차대차 - 기타,안전운전불이행,맑음,2015-06-23_1시,ID_1520
2015,남,25세,승용차,상해없음,여,10세,자전거,경상,차대차 - 측면직각충돌,안전운전불이행,맑음,2015-03-09_14시,ID_1785
2018,남,57세,승용차,상해없음,여,74세,자전거,중상,차대차 - 기타,기타,맑음,2018-05-31_8시,ID_4866
2018,여,40세,승용차,상해없음,남,14세,자전거,경상,차대차 - 기타,안전운전불이행,맑음,2018-09-13_18시,ID_5573
2016,여,35세,승용차,상해없음,여,25세,자전거,중상,차대차 - 추돌 - 진행중,안전운전불이행,맑음,2016-11-19_17시,ID_2698
2015,남,77세,이륜차,기타불명,남,57세,자전거,중상,차대차 - 측면직각충돌,신호위반,맑음,2015-05-25_21시,ID_830
2020,남,65세,승용차,상해없음,여,56세,자전거,경상,차대차 - 측면충돌,안전운전불이행,맑음,2020-09-25_15시,ID_7203
2020,여,23세,자전거,상해없음,여,60세,보행자,경상,차대사람 - 보도통행중,안전운전불이행,맑음,2020-04-07_15시,ID_7200
2015,여,25세,승용차,상해없음,남,77세,자전거,경상,차대차 - 정면충돌,직진우회전진행방해,맑음,2015-11-26_16시,ID_1409
2015,남,58세,승용차,상해없음,여,20세,자전거,경상,차대차 - 측면직각충돌,신호위반,맑음,2015-02-04_21시,ID_943
2016,남,45세,승합차,상해없음,여,41세,자전거,경상,차대차 - 측면직각충돌,안전운전불이행,맑음,2016-04-25_12시,ID_3485
2017,남,17세,자전거,상해없음,여,51세,보행자,경상,차대사람 - 횡단중,안전운전불이행,맑음,2017-04-27_20시,ID_4006
2020,남,36세,이륜차,상해없음,여,25세,자전거,경상,차대차 - 기타,신호위반,맑음,2020-07-04_13시,ID_7181
2016,여,25세,승용차,상해없음,여,10세,자전거,경상,차대차 - 측면직각충돌,안전운전불이행,비,2016-05-10_15시,ID_3444
2017,남,29세,승용차,상해없음,여,65세,자전거,경상,차대차 - 기타,안전운전불이행,맑음,2017-09-29_17시,ID_4209
2017,여,48세,승용차,상해없음,남,11세,자전거,경상,차대차 - 기타,안전운전불이행,맑음,2017-10-15_18시,ID_4394
2018,남,78세,자전거,상해없음,남,60세,보행자,경상,차대사람 - 기타,중앙선침범,맑음,2018-02-12_13시,ID_5416
2015,남,46세,승용차,상해없음,남,7세,자전거,경상,차대차 - 측면직각충돌,안전운전불이행,맑음,2015-08-30_17시,ID_1795
2018,여,62세,승용차,기타불명,남,57세,자전거,경상,차대차 - 기타,안전운전불이행,맑음,2018-02-26_10시,ID_5417
2020,여,49세,승용차,상해없음,남,79세,자전거,중상,차대차 - 측면충돌,안전운전불이행,맑음,2020-12-22_13시,ID_7729
2016,남,52세,승용차,상해없음,남,61세,자전거,경상,차대차 - 측면직각충돌,신호위반,맑음,2016-12-25_11시,ID_2481
2016,남,26세,자전거,기타불명,여,25세,보행자,중상,차대사람 - 기타,안전운전불이행,맑음,2016-05-04_18시,ID_2483
2015,남,28세,자전거,상해없음,여,50세,보행자,경상,차대사람 - 횡단중,안전운전불이행,맑음,2015-12-11_17시,ID_1680
2017,남,23세,승용차,상해없음,여,26세,자전거,경상,차대차 - 측면충돌,안전운전불이행,맑음,2017-09-15_8시,ID_4095
2016,남,58세,승용차,상해없음,남,13세,자전거,경상,차대차 - 측면직각충돌,안전운전불이행,맑음,2016-11-22_18시,ID_2813
2017,남,17세,원동기장치자전거,상해없음,남,30세,자전거,중상,차대차 - 측면충돌,중앙선침범,맑음,2017-11-02_23시,ID_3596
2017,여,33세,자전거,상해없음,여,69세,보행자,중상,차대사람 - 기타,안전운전불이행,맑음,2017-08-18_8시,ID_4597
2020,여,22세,자전거,상해없음,여,29세,자전거,경상,차대차 - 기타,안전운전불이행,맑음,2020-09-19_17시,ID_7076
2020,여,47세,승용차,상해없음,남,63세,자전거,경상,차대차 - 정면충돌,안전운전불이행,맑음,2020-09-24_13시,ID_7719
2017,남,66세,화물차,상해없음,남,69세,자전거,중상,차대차 - 정면충돌,안전운전불이행,맑음,2017-06-22_17시,ID_3690
2017,남,52세,자전거,상해없음,남,75세,자전거,중상,차대차 - 정면충돌,안전운전불이행,맑음,2017-07-27_6시,ID_3751
2018,남,72세,승용차,상해없음,남,49세,자전거,중상,차대차 - 측면충돌,안전거리미확보,맑음,2018-04-19_19시,ID_5437
2017,남,45세,화물차,상해없음,남,61세,자전거,경상,차대차 - 기타,안전운전불이행,흐림,2017-07-17_5시,ID_3935
2015,남,61세,승합차,상해없음,남,22세,자전거,경상,차대차 - 추돌 - 진행중,안전운전불이행,맑음,2015-01-16_20시,ID_1067