사고년도,가해자성별,가해자연령,가해차종,가해자신체상해정도,피해자성별,피해자연령,피해차종,피해자신체상해정도,사고유형,가해자법규위반,기상상태,시각,사건번호
2015,남,27세,자전거,상해없음,남,42세,이륜차,경상,차대차 - 정면충돌,안전운전불이행,맑음,2015-12-22_18시,ID_1775
2015,남,16세,자전거,상해없음,남,72세,보행자,중상,차대사람 - 횡단중,보행자보호위반,맑음,2015-11-10_8시,ID_1421
2016,남,50세,화물차,상해없음,남,27세,자전거,중상,차대차 - 측면직각충돌,신호위반,맑음,2016-06-23_9시,ID_3105
2015,남,46세,승용차,상해없음,남,23세,자전거,중상,차대차 - 기타,안전운전불이행,맑음,2015-07-31_22시,ID_2005
2016,남,49세,원동기장치자전거,상해없음,여,22세,자전거,경상,차대차 - 정면충돌,안전운전불이행,맑음,2016-04-25_22시,ID_3197
2019,여,26세,승용차,상해없음,남,21세,자전거,경상,차대차 - 측면충돌,안전운전불이행,맑음,2019-08-18_18시,ID_6432
2017,남,46세,승용차,상해없음,여,31세,자전거,경상,차대차 - 정면충돌,안전운전불이행,맑음,2017-05-08_20시,ID_4596
2016,남,14세,자전거,부상신고,여,64세,보행자,경상,차대사람 - 차도통행중,안전운전불이행,맑음,2016-08-04_15시,ID_2385
2020,남,28세,승용차,상해없음,남,56세,자전거,경상,차대차 - 기타,신호위반,맑음,2020-05-29_18시,ID_7644
2020,남,59세,승용차,상해없음,남,28세,자전거,경상,차대차 - 측면충돌,교차로통행방법위반,맑음,2020-12-31_18시,ID_6944
2020,남,39세,자전거,경상,여,27세,자전거,경상,차대차 - 추돌,안전운전불이행,맑음,2020-05-16_20시,ID_7073
2016,여,29세,승용차,상해없음,남,57세,자전거,중상,차대차 - 측면직각충돌,안전운전불이행,맑음,2016-10-13_18시,ID_2760
2015,여,64세,승용차,상해없음,남,57세,자전거,경상,차대차 - 측면직각충돌,안전운전불이행,맑음,2015-09-18_15시,ID_893
2020,남,45세,승용차,상해없음,남,40세,자전거,경상,차대차 - 측면충돌,안전거리미확보,맑음,2020-05-23_21시,ID_6829
2015,남,43세,승용차,상해없음,여,41세,자전거,경상,차대차 - 기타,안전운전불이행,맑음,2015-07-06_7시,ID_1002
2019,남,60세,승용차,상해없음,여,69세,자전거,중상,차대차 - 기타,중앙선침범,맑음,2019-11-11_18시,ID_5868
2020,남,25세,승용차,상해없음,남,16세,자전거,경상,차대차 - 측면충돌,안전운전불이행,맑음,2020-07-17_22시,ID_7580
2016,여,59세,승용차,상해없음,남,71세,자전거,중상,차대차 - 추돌 - 진행중,안전운전불이행,맑음,2016-02-03_11시,ID_2420
2016,남,64세,승용차,상해없음,남,30세,자전거,경상,차대차 - 정면충돌,안전운전불이행,맑음,2016-04-01_21시,ID_2508
2015,남,36세,승용차,상해없음,여,55세,자전거,중상,차대차 - 기타,안전운전불이행,흐림,2015-07-08_0시,ID_96
2019,여,56세,승용차,상해없음,남,51세,자전거,경상,차대차 - 측면충돌,안전운전불이행,맑음,2019-07-31_18시,ID_6307
2016,여,30세,승용차,상해없음,남,60세,자전거,경상,차대차 - 측면직각충돌,안전운전불이행,맑음,2016-05-12_21시,ID_2750
2017,남,70세,승용차,상해없음,여,51세,자전거,경상,차대차 - 측면충돌,안전운전불이행,맑음,2017-01-05_5시,ID_3884
2019,남,79세,승용차,상해없음,남,12세,자전거,경상,차대차 - 추돌,안전운전불이행,맑음,2019-07-22_10시,ID_6778
2016,남,55세,원동기장치자전거,상해없음,남,14세,자전거,중상,차대차 - 기타,신호위반,맑음,2016-03-24_18시,ID_2258
2017,남,67세,승용차,상해없음,남,77세,자전거,중상,차대차 - 측면충돌,직진우회전진행방해,맑음,2017-09-08_14시,ID_3739
2018,여,61세,승용차,상해없음,남,67세,자전거,중상,차대차 - 측면충돌,안전운전불이행,맑음,2018-10-31_20시,ID_5152
2015,남,64세,승용차,상해없음,남,17세,자전거,경상,차대차 - 측면직각충돌,안전운전불이행,맑음,2015-04-03_7시,ID_639
2015,남,16세,자전거,상해없음,여,49세,보행자,중상,차대사람 - 횡단중,신호위반,맑음,2015-07-30_21시,ID_373
2018,남,69세,승용차,상해없음,남,55세,자전거,경상,차대차 - 측면충돌,신호위반,맑음,2018-03-22_5시,ID_4861
2019,남,39세,승용차,상해없음,남,48세,자전거,경상,차대차 - 기타,안전운전불이행,맑음,2019-10-22_19시,ID_6721
2018,남,47세,승용차,상해없음,남,63세,자전거,중상,차대차 - 측면충돌,안전운전불이행,맑음,2018-03-29_10시,ID_5170
2020,남,36세,화물차,상해없음,여,70세,자전거,중상,차대차 - 기타,교차로통행방법위반,맑음,2020-07-08_16시,ID_7107
2015,남,43세,승합차,상해없음,여,19세,자전거,경상,차대차 - 측면직각충돌,안전운전불이행,맑음,2015-06-08_11시,ID_354
2019,남,70세,승용차,상해없음,여,64세,자전거,중상,차대차 - 측면충돌,안전운전불이행,비,2019-03-20_14시,ID_5981
2015,남,44세,자전거,상해없음,남,64세,보행자,경상,차대사람 - 기타,안전운전불이행,맑음,2015-05-10_11시,ID_451
2017,남,14세,자전거,상해없음,남,35세,이륜차,경상,차대차 - 측면충돌,기타,맑음,2017-07-18_16시,ID_3869
2018,남,38세,승용차,상해없음,남,37세,자전거,경상,차대차 - 측면충돌,안전운전불이행,맑음,2018-07-20_17시,ID_5287
2017,남,59세,승용차,상해없음,남,28세,자전거,중상,차대차 - 측면충돌,안전운전불이행,맑음,2017-06-12_21시,ID_4432
2016,남,48세,승합차,상해없음,남,87세,자전거,경상,차대차 - 측면직각충돌,신호위반,맑음,2016-10-04_14시,ID_3158
2019,남,64세,승합차,상해없음,여,68세,자전거,경상,차대차 - 측면충돌,안전운전불이행,맑음,2019-06-22_12시,ID_5946
2015,남,51세,승용차,상해없음,여,52세,자전거,중상,차대차 - 추돌 - 진행중,안전운전불이행,맑음,2015-06-27_22시,ID_1624
2017,남,55세,승용차,상해없음,남,74세,자전거,중상,차대차 - 측면충돌,안전운전불이행,맑음,2017-09-29_13시,ID_4619
2019,남,22세,승용차,상해없음,남,25세,자전거,경상,차대차 - 측면충돌,기타,맑음,2019-07-19_0시,ID_6496
2019,남,70세,자전거,경상,남,27세,보행자,경상,차대사람 - 기타,안전운전불이행,맑음,2019-04-20_16시,ID_6038
2018,남,59세,화물차,상해없음,남,31세,자전거,경상,차대차 - 측면충돌,교차로통행방법위반,맑음,2018-05-28_7시,ID_5269
2015,남,49세,승용차,상해없음,남,34세,자전거,경상,차대차 - 측면직각충돌,교차로운행방법위반,맑음,2015-02-07_7시,ID_2021
2019,여,50세,승용차,상해없음,남,86세,자전거,중상,차대차 - 추돌,기타,맑음,2019-03-29_7시,ID_6412
2017,남,27세,원동기장치자전거,상해없음,남,29세,자전거,중상,차대차 - 측면충돌,신호위반,맑음,2017-02-24_13시,ID_4252
2018,남,46세,화물차,상해없음,남,83세,자전거,중상,차대차 - 측면충돌,안전운전불이행,맑음,2018-07-31_15시,ID_5696
2015,남,59세,승합차,상해없음,남,61세,자전거,중상,차대차 - 측면직각충돌,교차로운행방법위반,맑음,2015-06-10_6시,ID_365
2019,남,62세,화물차,상해없음,남,61세,자전거,경상,차대차 - 측면충돌,안전운전불이행,맑음,2019-08-02_4시,ID_5931
2016,남,62세,승용차,상해없음,여,24세,자전거,중상,차대차 - 기타,안전운전불이행,맑음,2016-10-05_14시,ID_2840
2017,남,50세,승용차,상해없음,남,18세,자전거,경상,차대차 - 측면충돌,안전운전불이행,맑음,2017-04-24_7시,ID_4794
2015,여,52세,자전거,상해없음,남,49세,이륜차,경상,차대차 - 기타,불법유턴,맑음,2015-07-19_8시,ID_1342
2016,여,39세,승용차,상해없음,남,13세,자전거,경상,차대차 - 정면충돌,안전운전불이행,맑음,2016-02-23_17시,ID_2869
2015,남,30세,승용차,상해없음,남,24세,자전거,중상,차대차 - 측면직각충돌,안전운전불이행,맑음,2015-04-10_1시,ID_1587
2015,여,14세,자전거,경상,여,18세,자전거,경상,차대차 - 측면직각충돌,안전운전불이행,맑음,2015-08-15_22시,ID_1147
2019,남,42세,승용차,상해없음,여,36세,자전거,경상,차대차 - 측면충돌,안전운전불이행,맑음,2019-05-14_12시,ID_6399
2019,여,36세,승용차,상해없음,여,72세,자전거,중상,차대차 - 기타,안전운전불이행,맑음,2019-08-28_19시,ID_6373
2019,남,52세,승합차,상해없음,남,67세,자전거,중상,차대차 - 측면충돌,안전운전불이행,맑음,2019-10-14_16시,ID_5851
2018,남,64세,승용차,상해없음,남,24세,자전거,경상,차대차 - 측면충돌,신호위반,맑음,2018-10-18_1시,ID_5126
2017,남,42세,승용차,상해없음,남,18세,자전거,경상,차대차 - 측면충돌,안전운전불이행,맑음,2017-05-29_17시,ID_4404
2015,남,67세,승용차,상해없음,여,66세,자전거,중상,차대차 - 기타,신호위반,맑음,2015-05-21_15시,ID_909
2017,남,41세,승용차,상해없음,남,51세,자전거,경상,차대차 - 측면충돌,신호위반,맑음,2017-04-23_11시,ID_4002
2015,남,67세,승용차,상해없음,남,50세,자전거,중상,차대차 - 기타,직진우회전진행방해,비,2015-04-20_9시,ID_1977
2019,남,38세,승용차,상해없음,남,71세,자전거,경상,차대차 - 기타,안전운전불이행,맑음,2019-08-06_5시,ID_5991
2016,남,42세,승용차,상해없음,남,67세,자전거,중상,차대차 - 측면직각충돌,안전운전불이행,맑음,2016-11-07_9시,ID_2942
2020,남,67세,승용차,상해없음,남,66세,자전거,경상,차대차 - 기타,기타,맑음,2020-03-01_12시,ID_6912
2019,남,57세,자전거,상해없음,여,59세,자전거,경상,차대차 - 측면충돌,안전운전불이행,맑음,2019-10-04_7시,ID_5937
2017,남,21세,이륜차,부상신고,남,9세,자전거,중상,차대차 - 측면충돌,신호위반,맑음,2017-04-23_11시,ID_3763
2020,여,62세,승용차,상해없음,여,23세,자전거,경상,차대차 - 기타,신호위반,맑음,2020-06-22_8시,ID_7256
2020,남,67세,승용차,상해없음,여,27세,자전거,중상,차대차 - 측면충돌,안전운전불이행,비,2020-09-11_19시,ID_7349
2017,남,53세,승용차,상해없음,남,51세,자전거,경상,차대차 - 기타,기타,맑음,2017-10-11_19시,ID_3656
2015,남,67세,승용차,상해없음,남,25세,자전거,경상,차대차 - 기타,신호위반,맑음,2015-07-27_0시,ID_680
2017,남,53세,자전거,상해없음,남,66세,자전거,중상,차대차 - 측면충돌,안전운전불이행,맑음,2017-09-21_6시,ID_3689
2019,남,71세,자전거,상해없음,여,89세,보행자,경상,차대사람 - 기타,안전운전불이행,맑음,2019-08-30_14시,ID_6350
2016,여,36세,승용차,상해없음,남,31세,자전거,중상,차대차 - 측면직각충돌,기타,맑음,2016-05-18_22시,ID_2220
2015,남,56세,건설기계,상해없음,여,49세,자전거,중상,차대차 - 추돌 - 진행중,중앙선침범,맑음,2015-05-13_18시,ID_237
2016,남,33세,승용차,상해없음,남,71세,자전거,경상,차대차 - 추돌 - 진행중,안전운전불이행,맑음,2016-10-15_20시,ID_3265
2019,여,59세,승용차,상해없음,남,77세,자전거,경상,차대차 - 측면충돌,안전운전불이행,맑음,2019-08-23_7시,ID_6779
2015,남,58세,자전거,상해없음,남,17세,자전거,중상,차대차 - 측면직각충돌,안전운전불이행,맑음,2015-07-10_22시,ID_41
2015,남,45세,자전거,상해없음,남,55세,자전거,중상,차대차 - 측면직각충돌,안전운전불이행,맑음,2015-08-09_10시,ID_1711
2016,남,53세,화물차,상해없음,남,73세,자전거,중상,차대차 - 측면직각충돌,안전운전불이행,맑음,2016-02-01_5시,ID_3233
2018,남,49세,화물차,상해없음,남,48세,자전거,중상,차대차 - 측면충돌,안전운전불이행,맑음,2018-06-23_8시,ID_5197
2017,남,22세,승용차,상해없음,여,52세,자전거,중상,차대차 - 기타,교차로운행방법위반,맑음,2017-03-16_19시,ID_3777
2016,여,51세,승용차,상해없음,남,77세,자전거,경상,차대차 - 측면직각충돌,안전운전불이행,맑음,2016-10-14_17시,ID_3281
2020,여,45세,승용차,상해없음,여,58세,자전거,경상,차대차 - 측면충돌,안전운전불이행,맑음,2020-11-17_10시,ID_7765
2020,남,47세,승용차,상해없음,남,28세,자전거,경상,차대차 - 측면충돌,교차로통행방법위반,맑음,2020-02-19_8시,ID_6894
2018,남,59세,화물차,상해없음,남,12세,자전거,경상,차대차 - 측면충돌,안전운전불이행,비,2018-08-28_18시,ID_5138
2015,남,22세,자전거,상해없음,남,54세,보행자,중상,차대사람 - 기타,안전운전불이행,맑음,2015-02-15_13시,ID_1185
2017,남,61세,승용차,상해없음,남,68세,자전거,경상,차대차 - 측면충돌,기타,맑음,2017-06-23_14시,ID_3993
2015,남,69세,승용차,상해없음,남,43세,자전거,중상,차대차 - 기타,신호위반,맑음,2015-07-21_9시,ID_2012
2015,남,48세,화물차,상해없음,남,71세,자전거,중상,차대차 - 측면직각충돌,안전운전불이행,맑음,2015-08-28_14시,ID_825
2016,남,18세,이륜차,상해없음,여,43세,자전거,중상,차대차 - 측면직각충돌,안전운전불이행,맑음,2016-06-11_19시,ID_2814
2015,남,55세,자전거,부상신고,남,41세,이륜차,경상,차대차 - 측면직각충돌,차로위반,맑음,2015-04-17_19시,ID_958
2015,남,34세,이륜차,상해없음,남,53세,자전거,경상,차대차 - 기타,직진우회전진행방해,맑음,2015-11-01_13시,ID_344
2017,남,50세,승용차,상해없음,남,68세,자전거,중상,차대차 - 측면충돌,안전운전불이행,맑음,2017-06-20_16시,ID_4077
2015,남,17세,원동기장치자전거,상해없음,남,17세,자전거,경상,차대차 - 기타,안전운전불이행,맑음,2015-07-29_23시,ID_293
2015,남,78세,승용차,상해없음,남,60세,자전거,경상,차대차 - 기타,안전운전불이행,맑음,2015-11-03_10시,ID_1746
2020,남,62세,화물차,상해없음,남,44세,자전거,경상,차대차 - 기타,안전운전불이행,맑음,2020-10-27_17시,ID_7612
2018,남,34세,이륜차,상해없음,남,63세,자전거,경상,차대차 - 기타,신호위반,맑음,2018-07-23_17시,ID_5374
2015,남,48세,자전거,경상,남,36세,자전거,중상,차대차 - 기타,안전운전불이행,맑음,2015-09-22_19시,ID_16
2016,남,50세,승용차,상해없음,남,61세,자전거,경상,차대차 - 측면직각충돌,안전운전불이행,맑음,2016-03-14_19시,ID_2936
2019,남,59세,승용차,상해없음,남,19세,자전거,중상,차대차 - 측면충돌,교차로통행방법위반,맑음,2019-08-11_17시,ID_6439
2015,남,63세,승용차,상해없음,남,17세,자전거,경상,차대차 - 측면직각충돌,신호위반,맑음,2015-12-01_23시,ID_1329
2016,남,52세,승용차,상해없음,여,32세,자전거,경상,차대차 - 기타,안전운전불이행,맑음,2016-06-17_18시,ID_3548
2019,여,58세,승용차,상해없음,여,31세,자전거,경상,차대차 - 기타,안전운전불이행,맑음,2019-06-04_15시,ID_5795
2016,남,77세,승용차,상해없음,여,47세,자전거,경상,차대차 - 측면직각충돌,신호위반,맑음,2016-09-22_13시,ID_2534
2017,남,51세,승용차,상해없음,남,41세,자전거,경상,차대차 - 추돌,안전운전불이행,맑음,2017-11-16_19시,ID_3883
2016,남,29세,승용차,상해없음,남,15세,자전거,경상,차대차 - 측면직각충돌,안전운전불이행,맑음,2016-04-09_20시,ID_2704
2020,여,57세,승용차,상해없음,여,36세,자전거,중상,차대차 - 후진중충돌,안전운전불이행,맑음,2020-11-23_16시,ID_7022
2015,남,37세,자전거,상해없음,여,60세,보행자,경상,차대사람 - 기타,안전운전불이행,맑음,2015-04-23_16시,ID_1193
2018,남,58세,자전거,상해없음,여,61세,보행자,경상,차대사람 - 기타,안전운전불이행,맑음,2018-02-15_15시,ID_5084
2016,남,26세,승용차,상해없음,남,11세,자전거,경상,차대차 - 측면직각충돌,신호위반,맑음,2016-09-06_15시,ID_3007
2018,여,33세,승용차,상해없음,여,55세,자전거,경상,차대차 - 측면충돌,안전운전불이행,맑음,2018-09-28_9시,ID_5272
2015,남,41세,승합차,상해없음,남,58세,자전거,중상,차대차 - 측면직각충돌,안전운전불이행,맑음,2015-03-26_10시,ID_1511
2020,남,39세,승용차,상해없음,남,55세,자전거,경상,차대차 - 측면충돌,안전운전불이행,맑음,2020-11-16_21시,ID_7480
2020,남,52세,화물차,상해없음,여,63세,자전거,중상,차대차 - 기타,교차로통행방법위반,맑음,2020-11-09_11시,ID_7777
2015,남,64세,승용차,상해없음,남,16세,자전거,경상,차대차 - 측면직각충돌,기타,맑음,2015-10-31_14시,ID_200
2017,남,58세,이륜차,상해없음,남,55세,자전거,경상,차대차 - 측면충돌,신호위반,맑음,2017-02-08_13시,ID_4099
2015,남,56세,승용차,상해없음,남,59세,자전거,경상,차대차 - 측면직각충돌,교차로운행방법위반,맑음,2015-04-06_7시,ID_882
2018,남,66세,승용차,상해없음,남,61세,자전거,중상,차대차 - 측면충돌,안전운전불이행,맑음,2018-10-12_17시,ID_5060
2018,여,58세,승용차,상해없음,여,47세,자전거,경상,차대차 - 정면충돌,교차로통행방법위반,맑음,2018-01-16_11시,ID_5513
2017,남,32세,승용차,상해없음,남,13세,자전거,경상,차대차 - 기타,교차로운행방법위반,맑음,2017-06-21_16시,ID_4024
2019,남,45세,자전거,상해없음,여,72세,보행자,중상,차대사람 - 기타,안전운전불이행,맑음,2019-09-28_14시,ID_6593
2019,남,59세,자전거,경상,남,30세,자전거,경상,차대차 - 기타,안전운전불이행,흐림,2019-07-19_18시,ID_5840
2017,남,57세,승용차,상해없음,여,50세,자전거,경상,차대차 - 기타,안전운전불이행,맑음,2017-09-29_18시,ID_4119
2015,남,51세,승용차,상해없음,여,50세,자전거,경상,차대차 - 측면직각충돌,안전운전불이행,맑음,2015-09-19_20시,ID_221
2017,남,49세,승용차,상해없음,남,19세,자전거,경상,차대차 - 기타,안전운전불이행,맑음,2017-05-03_21시,ID_3799
2016,남,23세,자전거,부상신고,남,27세,자전거,경상,차대차 - 정면충돌,안전운전불이행,맑음,2016-05-18_1시,ID_2171
2016,여,19세,승용차,상해없음,남,13세,자전거,중상,차대차 - 측면직각충돌,신호위반,맑음,2016-07-19_20시,ID_2749
2017,남,43세,화물차,상해없음,여,76세,자전거,중상,차대차 - 측면충돌,안전운전불이행,맑음,2017-03-06_12시,ID_4774
2017,남,41세,승용차,상해없음,남,12세,자전거,중상,차대차 - 정면충돌,신호위반,맑음,2017-04-30_10시,ID_4533
2019,남,66세,승용차,상해없음,여,55세,자전거,경상,차대차 - 측면충돌,신호위반,맑음,2019-02-14_8시,ID_6007
2017,여,46세,승용차,상해없음,여,21세,자전거,중상,차대차 - 추돌,신호위반,맑음,2017-09-06_0시,ID_4013
2019,남,49세,승용차,상해없음,남,61세,자전거,경상,차대차 - 기타,안전운전불이행,맑음,2019-05-19_11시,ID_6213
2020,남,43세,승용차,상해없음,남,67세,자전거,중상,차대차 - 측면충돌,안전운전불이행,맑음,2020-03-30_14시,ID_7175
2020,남,59세,자전거,경상,여,59세,자전거,경상,차대차 - 측면충돌,안전운전불이행,맑음,2020-08-31_15시,ID_7510
2016,남,17세,자전거,상해없음,여,9세,보행자,경상,차대사람 - 기타,안전운전불이행,맑음,2016-07-23_10시,ID_3083
2017,남,67세,화물차,상해없음,남,70세,자전거,경상,차대차 - 측면충돌,안전운전불이행,맑음,2017-01-24_10시,ID_4001
2017,남,48세,자전거,상해없음,여,66세,자전거,중상,차대차 - 추돌,안전운전불이행,맑음,2017-05-25_11시,ID_4510
2019,남,67세,승용차,상해없음,남,76세,자전거,경상,차대차 - 기타,안전운전불이행,맑음,2019-12-03_9시,ID_6733
2015,여,19세,자전거,상해없음,여,59세,보행자,경상,차대사람 - 보도통행중,신호위반,맑음,2015-06-14_0시,ID_381
2015,여,46세,승용차,상해없음,남,65세,자전거,경상,차대차 - 측면직각충돌,안전운전불이행,비,2015-08-08_14시,ID_573
2016,여,59세,승용차,상해없음,남,49세,자전거,경상,차대차 - 측면직각충돌,교차로운행방법위반,맑음,2016-05-14_16시,ID_3228
2016,여,43세,승용차,상해없음,남,58세,자전거,경상,차대차 - 측면직각충돌,안전운전불이행,맑음,2016-12-08_8시,ID_3410
2020,남,64세,화물차,상해없음,남,63세,자전거,경상,차대차 - 측면충돌,교차로통행방법위반,맑음,2020-08-22_8시,ID_7278
2017,남,59세,승용차,상해없음,남,43세,자전거,경상,차대차 - 정면충돌,안전운전불이행,흐림,2017-07-25_0시,ID_3930
2015,남,57세,승용차,상해없음,남,47세,자전거,중상,차대차 - 추돌 - 주정차중,신호위반,맑음,2015-10-25_22시,ID_656
2019,여,50세,승용차,상해없음,남,61세,자전거,중상,차대차 - 측면충돌,안전운전불이행,맑음,2019-12-18_11시,ID_6327
2019,남,56세,승용차,상해없음,남,86세,자전거,중상,차대차 - 기타,교차로통행방법위반,맑음,2019-06-26_8시,ID_6611
2017,남,44세,승용차,상해없음,여,69세,자전거,경상,차대차 - 정면충돌,안전운전불이행,맑음,2017-03-30_9시,ID_4202
2017,남,64세,승용차,상해없음,남,79세,자전거,경상,차대차 - 측면충돌,안전운전불이행,맑음,2017-03-22_15시,ID_4702
2015,남,43세,화물차,상해없음,남,68세,자전거,중상,차대차 - 기타,중앙선침범,맑음,2015-05-13_9시,ID_142
2020,남,34세,승용차,상해없음,남,14세,자전거,경상,차대차 - 기타,안전운전불이행,맑음,2020-06-01_16시,ID_7517
2015,남,46세,승용차,상해없음,남,25세,자전거,경상,차대차 - 기타,안전운전불이행,맑음,2015-11-12_17시,ID_1789
2017,남,47세,자전거,기타불명,남,76세,자전거,경상,차대차 - 측면충돌,안전운전불이행,맑음,2017-08-25_19시,ID_3785
2019,여,49세,승용차,상해없음,여,76세,자전거,중상,차대차 - 측면충돌,안전운전불이행,흐림,2019-08-06_20시,ID_6272
2016,여,34세,승용차,상해없음,여,26세,자전거,경상,차대차 - 정면충돌,안전운전불이행,맑음,2016-05-12_9시,ID_3149
2015,남,53세,승용차,상해없음,남,19세,자전거,경상,차대차 - 기타,안전운전불이행,맑음,2015-07-15_20시,ID_1763
2018,여,57세,승용차,상해없음,남,59세,자전거,경상,차대차 - 기타,안전운전불이행,맑음,2018-12-09_16시,ID_5304
2015,남,32세,이륜차,상해없음,남,10세,자전거,경상,차대차 - 측면직각충돌,신호위반,맑음,2015-04-25_17시,ID_1787
2020,여,65세,승용차,상해없음,남,23세,자전거,경상,차대차 - 측면충돌,안전운전불이행,맑음,2020-10-21_9시,ID_7266
2018,여,47세,승용차,상해없음,남,84세,자전거,중상,차대차 - 측면충돌,안전운전불이행,맑음,2018-02-19_14시,ID_5681
2016,여,59세,승용차,상해없음,남,54세,자전거,경상,차대차 - 정면충돌,안전운전불이행,맑음,2016-09-29_13시,ID_2071
2018,여,65세,승용차,상해없음,남,71세,자전거,경상,차대차 - 측면충돌,안전운전불이행,맑음,2018-03-14_17시,ID_5718
2016,여,29세,승용차,상해없음,남,45세,자전거,경상,차대차 - 측면직각충돌,안전거리미확보,흐림,2016-09-10_20시,ID_2254
2015,남,34세,승합차,상해없음,여,62세,자전거,경상,차대차 - 추돌 - 진행중,안전운전불이행,맑음,2015-12-31_16시,ID_337
2018,남,21세,자전거,상해없음,여,71세,보행자,중상,차대사람 - 횡단중,신호위반,맑음,2018-07-11_9시,ID_5214
2019,여,32세,승용차,상해없음,남,71세,자전거,중상,차대차 - 측면충돌,안전운전불이행,맑음,2019-05-11_15시,ID_6741
2015,여,42세,승용차,상해없음,여,23세,자전거,중상,차대차 - 측면직각충돌,안전운전불이행,맑음,2015-06-12_16시,ID_1191
2015,남,39세,자전거,상해없음,여,27세,보행자,중상,차대사람 - 기타,안전운전불이행,맑음,2015-02-12_10시,ID_2013
2020,남,60세,승용차,상해없음,남,31세,자전거,경상,차대차 - 측면충돌,안전운전불이행,맑음,2020-05-26_11시,ID_7193
2016,남,40세,승합차,상해없음,남,70세,자전거,경상,차대차 - 측면직각충돌,안전운전불이행,맑음,2016-09-21_13시,ID_2057
2019,남,68세,자전거,상해없음,여,43세,보행자,경상,차대사람 - 보도통행중,기타,맑음,2019-11-05_18시,ID_6446
2019,남,59세,승합차,상해없음,여,46세,자전거,중상,차대차 - 기타,안전운전불이행,맑음,2019-10-14_11시,ID_6406
2019,남,34세,승용차,상해없음,남,33세,자전거,중상,차대차 - 측면충돌,안전운전불이행,맑음,2019-06-15_11시,ID_6090
2015,남,29세,승용차,상해없음,여,19세,자전거,경상,차대차 - 기타,안전운전불이행,맑음,2015-12-18_22시,ID_1484
2019,여,47세,승용차,기타불명,남,23세,자전거,중상,차대차 - 측면충돌,안전운전불이행,맑음,2019-05-08_9시,ID_6296
2015,여,52세,승용차,상해없음,남,45세,자전거,경상,차대차 - 기타,교차로운행방법위반,맑음,2015-08-03_0시,ID_2023
2020,남,23세,원동기장치자전거,상해없음,남,55세,자전거,경상,차대차 - 기타,신호위반,맑음,2020-07-20_14시,ID_7544
2015,남,30세,승용차,상해없음,남,72세,자전거,경상,차대차 - 측면직각충돌,교차로운행방법위반,맑음,2015-03-15_19시,ID_1671
2017,남,58세,자전거,상해없음,여,36세,보행자,경상,차대사람 - 기타,안전운전불이행,맑음,2017-10-06_17시,ID_4048
2016,남,66세,승용차,상해없음,남,16세,자전거,중상,차대차 - 측면직각충돌,신호위반,맑음,2016-05-14_22시,ID_3348
2017,남,45세,화물차,상해없음,여,41세,자전거,경상,차대차 - 측면충돌,신호위반,비,2017-10-11_7시,ID_3770
2016,남,64세,승용차,상해없음,남,68세,자전거,중상,차대차 - 측면직각충돌,안전운전불이행,흐림,2016-03-25_20시,ID_2770
2019,남,18세,이륜차,상해없음,남,21세,자전거,경상,차대차 - 기타,신호위반,맑음,2019-06-23_18시,ID_6584
2020,남,38세,승용차,상해없음,남,53세,자전거,경상,차대차 - 기타,안전거리미확보,맑음,2020-07-09_18시,ID_7525
2015,남,32세,승합차,상해없음,남,65세,자전거,경상,차대차 - 기타,기타,흐림,2015-08-11_20시,ID_79
2019,남,17세,이륜차,기타불명,남,48세,자전거,경상,차대차 - 측면충돌,안전운전불이행,맑음,2019-02-24_17시,ID_6455
2018,남,16세,자전거,상해없음,남,78세,보행자,중상,차대사람 - 횡단중,신호위반,맑음,2018-11-26_13시,ID_5265
2020,남,38세,승용차,상해없음,남,45세,자전거,경상,차대차 - 측면충돌,교차로통행방법위반,맑음,2020-11-29_15시,ID_7586
2018,남,30세,승용차,상해없음,남,11세,자전거,경상,차대차 - 기타,안전운전불이행,맑음,2018-03-11_15시,ID_5179
2016,남,43세,자전거,상해없음,여,61세,보행자,경상,차대사람 - 길가장자리구역통행중,기타,맑음,2016-07-11_19시,ID_2967
2015,남,27세,승용차,상해없음,여,53세,자전거,경상,차대차 - 측면직각충돌,안전운전불이행,맑음,2015-01-29_10시,ID_932
2016,여,41세,승용차,상해없음,여,59세,자전거,중상,차대차 - 기타,안전운전불이행,맑음,2016-10-22_12시,ID_2765
2018,남,38세,승용차,상해없음,여,24세,자전거,경상,차대차 - 기타,안전운전불이행,맑음,2018-11-02_18시,ID_5010
2017,남,49세,화물차,상해없음,남,58세,자전거,경상,차대차 - 측면충돌,신호위반,비,2017-04-05_13시,ID_4263
2016,여,40세,승용차,상해없음,남,18세,자전거,경상,차대차 - 추돌 - 진행중,안전운전불이행,맑음,2016-09-12_19시,ID_3235
2017,남,20세,화물차,상해없음,남,53세,자전거,중상,차대차 - 기타,신호위반,맑음,2017-08-01_21시,ID_4665