사고년도,가해자성별,가해자연령,가해차종,가해자신체상해정도,피해자성별,피해자연령,피해차종,피해자신체상해정도,사고유형,가해자법규위반,기상상태,시각,사건번호
2020,남,62세,자전거,상해없음,남,36세,자전거,경상,차대차 - 정면충돌,안전운전불이행,맑음,2020-07-05_17시,ID_7642
2015,남,64세,승용차,기타불명,남,14세,자전거,중상,차대차 - 기타,안전운전불이행,맑음,2015-03-13_18시,ID_156
2015,여,41세,승용차,상해없음,남,17세,자전거,경상,차대차 - 기타,신호위반,맑음,2015-06-26_18시,ID_1360
2018,여,61세,승용차,상해없음,남,85세,자전거,경상,차대차 - 기타,신호위반,맑음,2018-08-21_18시,ID_5145
2015,여,54세,승용차,상해없음,남,68세,자전거,경상,차대차 - 정면충돌,안전운전불이행,맑음,2015-09-10_19시,ID_359
2018,남,24세,승용차,상해없음,남,15세,자전거,경상,차대차 - 측면충돌,안전운전불이행,맑음,2018-08-10_18시,ID_5352
2015,여,38세,승용차,상해없음,남,16세,자전거,중상,차대차 - 측면직각충돌,신호위반,맑음,2015-12-07_17시,ID_1621
2017,남,59세,승용차,상해없음,남,24세,자전거,경상,차대차 - 측면충돌,안전운전불이행,맑음,2017-01-14_16시,ID_4210
2016,여,26세,승용차,상해없음,남,15세,자전거,경상,차대차 - 측면직각충돌,안전운전불이행,맑음,2016-05-31_17시,ID_2858
2016,남,44세,승합차,상해없음,남,12세,자전거,경상,차대차 - 측면직각충돌,안전운전불이행,맑음,2016-03-18_8시,ID_3001
2016,여,59세,승용차,상해없음,남,64세,자전거,중상,차대차 - 측면직각충돌,안전운전불이행,맑음,2016-08-19_6시,ID_2382
2019,여,62세,승용차,상해없음,남,68세,자전거,중상,차대차 - 측면충돌,교차로통행방법위반,맑음,2019-02-11_13시,ID_6377
2020,여,54세,승용차,상해없음,여,26세,자전거,중상,차대차 - 측면충돌,안전운전불이행,맑음,2020-07-11_17시,ID_7600
2015,남,71세,승용차,상해없음,남,13세,자전거,경상,차대차 - 측면직각충돌,안전운전불이행,맑음,2015-10-06_18시,ID_157
2017,여,54세,승용차,상해없음,남,72세,자전거,중상,차대차 - 정면충돌,안전운전불이행,맑음,2017-01-02_2시,ID_4429
2020,남,40세,승용차,상해없음,남,13세,자전거,중상,차대차 - 측면충돌,안전운전불이행,맑음,2020-10-19_8시,ID_7484
2015,여,25세,자전거,상해없음,남,10세,자전거,경상,차대차 - 측면직각충돌,안전운전불이행,맑음,2015-08-12_21시,ID_445
2018,여,35세,승용차,상해없음,남,76세,자전거,중상,차대차 - 측면충돌,안전운전불이행,맑음,2018-06-27_19시,ID_5595
2015,남,49세,승용차,상해없음,여,55세,자전거,경상,차대차 - 추돌 - 진행중,안전운전불이행,맑음,2015-09-13_14시,ID_1393
2016,여,26세,승용차,상해없음,남,17세,자전거,경상,차대차 - 기타,신호위반,맑음,2016-06-23_21시,ID_3577
2015,여,41세,승용차,상해없음,남,74세,자전거,경상,차대차 - 기타,안전운전불이행,맑음,2015-11-05_16시,ID_1854
2018,남,29세,승용차,상해없음,남,38세,자전거,경상,차대차 - 측면충돌,교차로통행방법위반,맑음,2018-06-11_20시,ID_5451
2015,여,44세,승용차,상해없음,남,74세,자전거,경상,차대차 - 측면직각충돌,안전운전불이행,맑음,2015-07-16_7시,ID_2043
2015,남,67세,승용차,상해없음,남,9세,자전거,경상,차대차 - 기타,안전운전불이행,맑음,2015-01-05_14시,ID_1121
2018,남,35세,승용차,상해없음,여,63세,자전거,중상,차대차 - 기타,안전운전불이행,맑음,2018-05-04_9시,ID_5530
2016,남,43세,승용차,상해없음,여,17세,자전거,경상,차대차 - 측면직각충돌,안전운전불이행,맑음,2016-12-07_7시,ID_2938
2019,여,68세,승용차,상해없음,남,68세,자전거,경상,차대차 - 측면충돌,교차로통행방법위반,맑음,2019-01-27_8시,ID_6321
2019,남,45세,승용차,상해없음,남,87세,자전거,중상,차대차 - 측면충돌,안전운전불이행,맑음,2019-12-16_14시,ID_6769
2017,남,47세,승용차,상해없음,여,67세,자전거,중상,차대차 - 기타,안전운전불이행,맑음,2017-11-20_11시,ID_4284
2016,여,51세,승용차,기타불명,남,48세,자전거,경상,차대차 - 측면직각충돌,신호위반,맑음,2016-03-31_9시,ID_3184
2017,남,27세,승용차,상해없음,남,21세,자전거,중상,차대차 - 측면충돌,안전운전불이행,흐림,2017-07-29_13시,ID_4108
2016,남,23세,화물차,상해없음,여,66세,자전거,중상,차대차 - 측면직각충돌,직진우회전진행방해,맑음,2016-07-14_10시,ID_3525
2015,남,49세,승용차,상해없음,여,70세,자전거,경상,차대차 - 측면직각충돌,안전운전불이행,맑음,2015-03-09_13시,ID_213
2015,남,24세,승용차,상해없음,여,7세,자전거,중상,차대차 - 기타,안전운전불이행,맑음,2015-10-05_17시,ID_1608
2018,남,23세,승용차,상해없음,남,15세,자전거,중상,차대차 - 정면충돌,신호위반,맑음,2018-09-10_18시,ID_5496
2016,여,44세,승용차,상해없음,남,61세,자전거,경상,차대차 - 측면직각충돌,안전운전불이행,맑음,2016-08-09_10시,ID_3217
2017,남,64세,승용차,상해없음,남,23세,자전거,경상,차대차 - 기타,안전운전불이행,맑음,2017-09-25_20시,ID_3976
2015,남,32세,승합차,상해없음,여,46세,자전거,경상,차대차 - 기타,안전운전불이행,맑음,2015-09-18_14시,ID_1004
2020,남,31세,자전거,경상,여,62세,보행자,경상,차대사람 - 차도통행중,안전운전불이행,맑음,2020-05-13_15시,ID_6834
2015,남,58세,자전거,상해없음,여,80세,보행자,중상,차대사람 - 기타,안전운전불이행,맑음,2015-08-17_19시,ID_937
2019,남,40세,승용차,상해없음,남,54세,자전거,경상,차대차 - 측면충돌,안전운전불이행,맑음,2019-05-16_21시,ID_6578
2016,남,29세,화물차,상해없음,남,76세,자전거,중상,차대차 - 기타,안전운전불이행,맑음,2016-06-28_18시,ID_2227
2015,남,66세,자전거,경상,남,49세,원동기장치자전거,중상,차대차 - 측면직각충돌,안전운전불이행,맑음,2015-06-22_21시,ID_42
2019,남,68세,승용차,상해없음,남,49세,자전거,경상,차대차 - 측면충돌,안전운전불이행,맑음,2019-01-23_6시,ID_6087
2018,여,45세,승용차,상해없음,여,47세,자전거,경상,차대차 - 기타,안전운전불이행,흐림,2018-02-23_21시,ID_5631
2020,남,21세,이륜차,상해없음,남,70세,자전거,중상,차대차 - 기타,신호위반,맑음,2020-11-07_15시,ID_7671
2017,여,55세,승용차,상해없음,남,63세,자전거,경상,차대차 - 기타,안전운전불이행,맑음,2017-10-21_8시,ID_4792
2015,여,48세,자전거,상해없음,남,44세,보행자,경상,차대사람 - 기타,중앙선침범,맑음,2015-08-11_0시,ID_312
2016,남,79세,승용차,상해없음,여,63세,자전거,중상,차대차 - 측면직각충돌,안전운전불이행,맑음,2016-07-27_8시,ID_2510
2020,남,45세,자전거,경상,여,64세,보행자,중상,차대사람 - 횡단중,안전운전불이행,맑음,2020-05-26_13시,ID_7674
2017,남,77세,승용차,상해없음,여,65세,자전거,중상,차대차 - 측면충돌,신호위반,맑음,2017-04-24_9시,ID_4264
2016,남,52세,승용차,상해없음,여,52세,자전거,경상,차대차 - 측면직각충돌,안전운전불이행,맑음,2016-05-09_16시,ID_3332
2020,남,54세,승용차,상해없음,여,56세,자전거,경상,차대차 - 측면충돌,신호위반,맑음,2020-10-11_9시,ID_7311
2019,남,22세,승용차,상해없음,남,15세,자전거,경상,차대차 - 기타,안전운전불이행,맑음,2019-12-12_19시,ID_6326
2015,남,66세,승용차,상해없음,남,18세,자전거,경상,차대차 - 기타,안전운전불이행,맑음,2015-08-27_6시,ID_561
2018,남,53세,승용차,상해없음,남,68세,자전거,경상,차대차 - 측면충돌,안전운전불이행,맑음,2018-06-09_18시,ID_5257
2015,남,34세,승용차,상해없음,남,68세,자전거,중상,차대차 - 기타,교차로운행방법위반,맑음,2015-03-11_17시,ID_25
2019,남,35세,승용차,상해없음,남,22세,자전거,경상,차대차 - 측면충돌,교차로통행방법위반,맑음,2019-03-30_9시,ID_6587
2015,여,50세,승용차,상해없음,남,11세,자전거,중상,차대차 - 정면충돌,안전운전불이행,맑음,2015-12-11_16시,ID_999
2018,남,65세,승용차,상해없음,여,29세,자전거,경상,차대차 - 기타,신호위반,맑음,2018-06-02_21시,ID_4944
2015,여,37세,승용차,상해없음,여,61세,자전거,중상,차대차 - 기타,안전운전불이행,맑음,2015-10-16_8시,ID_1093
2015,남,40세,승용차,상해없음,남,15세,자전거,경상,차대차 - 측면직각충돌,안전운전불이행,맑음,2015-04-10_7시,ID_965
2016,남,76세,이륜차,상해없음,여,57세,자전거,중상,차대차 - 추돌 - 진행중,안전운전불이행,맑음,2016-07-20_10시,ID_3291
2015,여,46세,승용차,상해없음,여,68세,자전거,중상,차대차 - 측면직각충돌,신호위반,맑음,2015-07-06_13시,ID_1466
2015,남,46세,화물차,상해없음,남,67세,자전거,경상,차대차 - 기타,교차로운행방법위반,맑음,2015-05-28_16시,ID_922
2016,남,40세,화물차,부상신고,여,74세,자전거,중상,차대차 - 추돌 - 진행중,기타,맑음,2016-08-22_7시,ID_3495
2016,남,54세,자전거,상해없음,여,24세,보행자,경상,차대사람 - 기타,안전운전불이행,맑음,2016-07-22_11시,ID_3107
2016,남,26세,승용차,기타불명,여,50세,자전거,중상,차대차 - 측면직각충돌,안전운전불이행,맑음,2016-03-15_21시,ID_3187
2018,남,60세,승용차,상해없음,남,37세,자전거,중상,차대차 - 측면충돌,안전운전불이행,맑음,2018-04-21_7시,ID_5068
2015,여,54세,승용차,상해없음,남,9세,자전거,경상,차대차 - 측면직각충돌,안전운전불이행,맑음,2015-06-29_16시,ID_1638
2017,남,57세,승용차,상해없음,여,43세,자전거,경상,차대차 - 추돌,안전운전불이행,맑음,2017-10-30_9시,ID_4183
2017,여,54세,승용차,상해없음,남,24세,자전거,중상,차대차 - 측면충돌,안전운전불이행,맑음,2017-09-23_20시,ID_4509
2016,여,70세,승용차,상해없음,남,50세,자전거,경상,차대차 - 기타,안전운전불이행,맑음,2016-07-22_12시,ID_2757
2015,남,45세,승용차,상해없음,남,55세,자전거,경상,차대차 - 측면직각충돌,안전운전불이행,맑음,2015-04-01_17시,ID_1234
2020,남,72세,승용차,상해없음,남,82세,자전거,경상,차대차 - 측면충돌,안전운전불이행,맑음,2020-10-03_13시,ID_7453
2015,남,75세,승용차,상해없음,남,70세,자전거,경상,차대차 - 측면직각충돌,신호위반,맑음,2015-04-27_10시,ID_1848
2018,여,31세,승용차,상해없음,남,77세,자전거,중상,차대차 - 정면충돌,안전운전불이행,맑음,2018-11-26_16시,ID_5429
2017,남,73세,승용차,상해없음,남,55세,자전거,중상,차대차 - 정면충돌,교차로운행방법위반,맑음,2017-01-18_17시,ID_3981
2015,여,58세,승용차,상해없음,남,13세,자전거,경상,차대차 - 기타,교차로운행방법위반,맑음,2015-06-13_11시,ID_1018
2015,여,55세,승용차,상해없음,남,57세,자전거,중상,차대차 - 기타,안전운전불이행,맑음,2015-09-17_16시,ID_1876
2015,남,60세,승용차,상해없음,남,53세,자전거,경상,차대차 - 기타,안전운전불이행,맑음,2015-01-22_8시,ID_112
2016,남,64세,승용차,상해없음,남,11세,자전거,경상,차대차 - 기타,안전운전불이행,맑음,2016-06-19_19시,ID_2924
2016,남,60세,승용차,상해없음,남,40세,자전거,경상,차대차 - 기타,기타,맑음,2016-09-21_22시,ID_2342
2015,남,67세,승용차,상해없음,남,42세,자전거,경상,차대차 - 측면직각충돌,기타,맑음,2015-05-31_12시,ID_2
2017,여,24세,승용차,상해없음,남,66세,자전거,경상,차대차 - 측면충돌,안전운전불이행,맑음,2017-01-30_14시,ID_4777
2019,남,39세,이륜차,상해없음,남,77세,자전거,경상,차대차 - 측면충돌,신호위반,비,2019-08-21_18시,ID_5879
2015,여,54세,자전거,상해없음,여,57세,보행자,중상,차대사람 - 기타,안전운전불이행,맑음,2015-08-16_14시,ID_594
2018,남,12세,자전거,경상,남,47세,자전거,경상,차대차 - 측면충돌,안전운전불이행,맑음,2018-03-10_15시,ID_5104
2018,남,25세,승용차,상해없음,남,44세,자전거,경상,차대차 - 기타,안전운전불이행,맑음,2018-08-28_10시,ID_5658
2015,여,54세,승용차,상해없음,여,54세,자전거,경상,차대차 - 측면직각충돌,안전운전불이행,맑음,2015-10-27_19시,ID_923
2016,남,62세,승용차,상해없음,남,25세,자전거,중상,차대차 - 기타,기타,맑음,2016-07-31_1시,ID_2373
2015,여,35세,승용차,상해없음,남,59세,자전거,경상,차대차 - 추돌 - 진행중,안전운전불이행,맑음,2015-10-20_18시,ID_1948
2016,남,67세,승용차,상해없음,남,48세,자전거,경상,차대차 - 정면충돌,신호위반,맑음,2016-10-26_19시,ID_2318
2018,남,57세,승용차,상해없음,여,69세,자전거,중상,차대차 - 기타,안전운전불이행,비,2018-08-27_1시,ID_5333
2015,여,33세,자전거,상해없음,여,62세,보행자,경상,차대사람 - 기타,안전운전불이행,맑음,2015-06-29_17시,ID_61
2015,남,61세,승용차,상해없음,남,15세,자전거,경상,차대차 - 측면직각충돌,안전운전불이행,맑음,2015-10-08_16시,ID_638
2016,남,72세,승용차,상해없음,여,35세,자전거,경상,차대차 - 기타,기타,맑음,2016-04-26_17시,ID_2223
2015,남,61세,승용차,상해없음,여,68세,자전거,경상,차대차 - 측면직각충돌,안전운전불이행,맑음,2015-06-28_9시,ID_821
2017,남,71세,승용차,상해없음,남,13세,자전거,중상,차대차 - 기타,신호위반,맑음,2017-11-15_17시,ID_4251
2017,여,51세,승용차,상해없음,여,59세,자전거,경상,차대차 - 추돌,안전운전불이행,맑음,2017-01-08_11시,ID_4778
2018,여,26세,자전거,상해없음,남,26세,자전거,중상,차대차 - 측면충돌,기타,맑음,2018-04-21_13시,ID_4826
2017,남,43세,승용차,상해없음,남,23세,자전거,경상,차대차 - 측면충돌,안전운전불이행,맑음,2017-04-24_1시,ID_3861
2015,남,58세,승용차,상해없음,남,55세,자전거,중상,차대차 - 측면직각충돌,신호위반,맑음,2015-07-25_22시,ID_1796
2015,여,65세,승용차,상해없음,남,57세,자전거,경상,차대차 - 측면직각충돌,안전운전불이행,맑음,2015-09-15_17시,ID_1468
2016,남,65세,승합차,상해없음,남,62세,자전거,경상,차대차 - 추돌 - 진행중,신호위반,비,2016-05-02_22시,ID_3082
2018,남,50세,자전거,상해없음,여,80세,보행자,경상,차대사람 - 보도통행중,안전운전불이행,맑음,2018-06-19_12시,ID_5051
2016,남,68세,자전거,상해없음,여,62세,보행자,경상,차대사람 - 횡단중,안전운전불이행,흐림,2016-04-12_14시,ID_3436
2019,남,35세,승용차,상해없음,남,41세,자전거,경상,차대차 - 기타,중앙선침범,비,2019-12-26_8시,ID_6002
2016,남,57세,승용차,상해없음,남,20세,자전거,중상,차대차 - 기타,신호위반,맑음,2016-02-19_10시,ID_2564
2015,남,53세,승용차,상해없음,남,12세,자전거,중상,차대차 - 측면직각충돌,신호위반,맑음,2015-06-18_15시,ID_53
2015,남,26세,자전거,상해없음,남,36세,자전거,중상,차대차 - 추돌 - 진행중,안전운전불이행,맑음,2015-07-11_17시,ID_440
2018,남,58세,승용차,상해없음,남,21세,자전거,경상,차대차 - 추돌,안전운전불이행,맑음,2018-05-23_18시,ID_5095
2015,남,51세,승용차,상해없음,남,22세,자전거,경상,차대차 - 측면직각충돌,안전운전불이행,맑음,2015-06-22_22시,ID_989
2015,여,55세,승용차,상해없음,남,29세,자전거,중상,차대차 - 측면직각충돌,신호위반,맑음,2015-02-17_16시,ID_1057
2016,남,49세,승용차,상해없음,남,35세,자전거,경상,차대차 - 측면직각충돌,신호위반,맑음,2016-02-18_6시,ID_2388
2017,남,24세,자전거,경상,여,56세,승용차,경상,차대차 - 측면충돌,안전운전불이행,맑음,2017-07-18_13시,ID_4753
2020,여,47세,승용차,상해없음,여,58세,자전거,경상,차대차 - 기타,안전운전불이행,맑음,2020-11-20_15시,ID_7322
2019,남,69세,승용차,상해없음,남,64세,자전거,중상,차대차 - 측면충돌,안전운전불이행,맑음,2019-07-06_12시,ID_6185
2015,남,54세,승용차,상해없음,남,14세,자전거,경상,차대차 - 기타,직진우회전진행방해,맑음,2015-04-15_16시,ID_26
2015,남,46세,자전거,상해없음,여,4세,보행자,경상,차대사람 - 기타,안전운전불이행,맑음,2015-06-19_18시,ID_1402
2019,남,14세,자전거,상해없음,여,40세,보행자,경상,차대사람 - 길가장자리구역통행중,안전운전불이행,맑음,2019-03-08_14시,ID_5872
2016,남,45세,화물차,상해없음,남,65세,자전거,중상,차대차 - 측면직각충돌,교차로운행방법위반,맑음,2016-05-19_19시,ID_3496
2015,남,61세,자전거,상해없음,여,58세,보행자,경상,차대사람 - 보도통행중,기타,흐림,2015-08-20_11시,ID_220
2015,남,65세,승용차,상해없음,남,19세,자전거,경상,차대차 - 기타,안전운전불이행,맑음,2015-10-20_22시,ID_1870
2015,여,43세,자전거,상해없음,여,31세,보행자,중상,차대사람 - 보도통행중,기타,맑음,2015-05-08_9시,ID_1544
2016,남,34세,승용차,상해없음,남,11세,자전거,중상,차대차 - 측면직각충돌,신호위반,맑음,2016-05-04_15시,ID_2812
2015,여,57세,승용차,상해없음,남,20세,자전거,경상,차대차 - 추돌 - 진행중,안전운전불이행,맑음,2015-07-13_7시,ID_1090
2015,남,20세,승용차,상해없음,남,60세,자전거,경상,차대차 - 기타,안전운전불이행,맑음,2015-01-18_13시,ID_1757
2015,남,32세,이륜차,상해없음,남,25세,자전거,중상,차대차 - 측면직각충돌,직진우회전진행방해,맑음,2015-01-29_11시,ID_532
2016,여,61세,승용차,상해없음,남,7세,자전거,경상,차대차 - 정면충돌,안전운전불이행,맑음,2016-08-08_18시,ID_3258
2017,남,71세,승용차,상해없음,남,8세,자전거,경상,차대차 - 측면충돌,안전운전불이행,맑음,2017-04-30_15시,ID_4247
2015,여,52세,승용차,상해없음,남,15세,자전거,중상,차대차 - 기타,안전운전불이행,맑음,2015-10-13_20시,ID_1016
2016,남,30세,승용차,상해없음,여,59세,자전거,중상,차대차 - 측면직각충돌,안전운전불이행,맑음,2016-07-20_8시,ID_2935
2018,남,36세,화물차,상해없음,남,63세,자전거,경상,차대차 - 측면충돌,신호위반,맑음,2018-02-19_11시,ID_5042
2018,여,58세,승용차,상해없음,남,54세,자전거,경상,차대차 - 기타,안전운전불이행,맑음,2018-09-25_15시,ID_4996
2019,남,48세,승합차,기타불명,남,17세,자전거,경상,차대차 - 기타,안전운전불이행,맑음,2019-11-25_16시,ID_6814
2015,남,35세,화물차,상해없음,남,81세,자전거,경상,차대차 - 측면직각충돌,직진우회전진행방해,맑음,2015-09-24_11시,ID_873
2015,남,64세,승용차,상해없음,여,21세,자전거,경상,차대차 - 기타,기타,맑음,2015-06-27_23시,ID_202
2017,남,28세,승용차,상해없음,남,41세,자전거,경상,차대차 - 기타,교차로운행방법위반,맑음,2017-10-22_10시,ID_4386
2015,남,58세,화물차,상해없음,남,54세,자전거,경상,차대차 - 추돌 - 주정차중,기타,비,2015-06-20_13시,ID_598
2017,남,68세,승용차,상해없음,남,73세,자전거,경상,차대차 - 측면충돌,안전운전불이행,맑음,2017-07-20_16시,ID_4751
2020,여,58세,승용차,상해없음,여,62세,자전거,중상,차대차 - 측면충돌,안전운전불이행,맑음,2020-03-26_7시,ID_7189
2019,여,65세,승용차,상해없음,여,38세,자전거,경상,차대차 - 기타,기타,맑음,2019-01-11_8시,ID_5791
2019,남,69세,승합차,상해없음,남,62세,자전거,중상,차대차 - 측면충돌,안전운전불이행,맑음,2019-09-30_17시,ID_5837
2016,남,24세,자전거,상해없음,여,6세,보행자,경상,차대사람 - 횡단중,안전운전불이행,맑음,2016-06-05_17시,ID_2430
2016,여,49세,승용차,상해없음,남,76세,자전거,중상,차대차 - 측면직각충돌,안전운전불이행,맑음,2016-03-21_15시,ID_2680
2018,여,56세,승용차,상해없음,여,60세,자전거,경상,차대차 - 측면충돌,교차로통행방법위반,맑음,2018-04-17_17시,ID_5440
2018,여,45세,화물차,상해없음,남,75세,자전거,경상,차대차 - 측면충돌,교차로통행방법위반,맑음,2018-11-13_14시,ID_5280
2018,남,61세,자전거,상해없음,남,36세,이륜차,중상,차대차 - 측면충돌,중앙선침범,맑음,2018-01-04_8시,ID_5237
2017,남,49세,화물차,상해없음,여,11세,자전거,경상,차대차 - 측면충돌,신호위반,맑음,2017-08-31_18시,ID_4661
2016,남,36세,승용차,상해없음,남,13세,자전거,경상,차대차 - 측면직각충돌,교차로운행방법위반,맑음,2016-05-12_18시,ID_3327
2017,여,50세,승용차,상해없음,남,17세,자전거,경상,차대차 - 측면충돌,신호위반,맑음,2017-09-20_8시,ID_3956
2017,남,53세,승용차,상해없음,여,62세,자전거,경상,차대차 - 측면충돌,안전운전불이행,맑음,2017-07-15_11시,ID_4367
2017,남,74세,승용차,상해없음,여,27세,자전거,중상,차대차 - 측면충돌,안전운전불이행,맑음,2017-02-16_8시,ID_4213
2016,남,18세,원동기장치자전거,상해없음,남,26세,자전거,경상,차대차 - 기타,안전운전불이행,맑음,2016-10-30_18시,ID_2333
2015,남,29세,승용차,상해없음,남,51세,자전거,중상,차대차 - 측면직각충돌,안전운전불이행,맑음,2015-09-30_21시,ID_529
2020,남,27세,자전거,상해없음,여,64세,보행자,경상,차대사람 - 기타,안전운전불이행,맑음,2020-06-08_17시,ID_7127
2018,남,27세,승용차,상해없음,남,70세,자전거,중상,차대차 - 측면충돌,안전운전불이행,맑음,2018-04-15_19시,ID_5544
2020,남,56세,승합차,상해없음,남,63세,자전거,경상,차대차 - 측면충돌,안전운전불이행,맑음,2020-03-16_10시,ID_6949
2017,여,36세,승용차,상해없음,여,64세,자전거,중상,차대차 - 측면충돌,안전운전불이행,맑음,2017-08-30_15시,ID_4155
2015,남,50세,승용차,상해없음,남,61세,자전거,경상,차대차 - 기타,안전운전불이행,맑음,2015-10-30_22시,ID_1230
2015,남,72세,승용차,상해없음,남,79세,자전거,중상,차대차 - 기타,안전운전불이행,맑음,2015-09-21_9시,ID_1923
2019,남,37세,화물차,상해없음,남,52세,자전거,경상,차대차 - 측면충돌,안전운전불이행,맑음,2019-12-09_11시,ID_6763
2016,남,50세,승용차,상해없음,여,50세,자전거,경상,차대차 - 측면직각충돌,신호위반,비,2016-07-02_3시,ID_2298
2019,남,53세,승용차,상해없음,여,76세,자전거,중상,차대차 - 기타,교차로통행방법위반,맑음,2019-01-31_9시,ID_6102
2017,남,32세,승용차,상해없음,여,43세,자전거,경상,차대차 - 측면충돌,안전운전불이행,맑음,2017-01-06_19시,ID_3943
2020,여,55세,승용차,상해없음,남,10세,자전거,경상,차대차 - 기타,신호위반,맑음,2020-09-28_18시,ID_7493
2019,남,21세,이륜차,상해없음,여,9세,자전거,중상,차대차 - 측면충돌,신호위반,맑음,2019-05-29_20시,ID_6646
2015,남,16세,자전거,상해없음,여,23세,보행자,중상,차대사람 - 횡단중,안전운전불이행,맑음,2015-08-09_21시,ID_447
2015,여,50세,승용차,상해없음,여,61세,자전거,중상,차대차 - 측면직각충돌,중앙선침범,맑음,2015-05-10_19시,ID_336
2020,여,39세,승용차,상해없음,여,38세,자전거,경상,차대차 - 측면충돌,안전운전불이행,맑음,2020-03-17_9시,ID_7068
2015,남,51세,승용차,상해없음,남,78세,자전거,중상,차대차 - 측면직각충돌,교차로운행방법위반,비,2015-07-07_11시,ID_1881
2019,여,60세,승용차,상해없음,남,79세,자전거,경상,차대차 - 추돌,안전운전불이행,맑음,2019-05-30_16시,ID_5857
2018,남,62세,승용차,상해없음,남,71세,자전거,경상,차대차 - 측면충돌,안전운전불이행,맑음,2018-07-27_15시,ID_5250
2015,남,39세,승용차,상해없음,남,12세,자전거,경상,차대차 - 정면충돌,미분류,흐림,2015-06-04_22시,ID_620
2018,여,31세,화물차,상해없음,여,52세,자전거,경상,차대차 - 기타,안전운전불이행,맑음,2018-08-17_20시,ID_5116
2019,여,54세,승용차,상해없음,남,64세,자전거,경상,차대차 - 기타,신호위반,맑음,2019-10-01_15시,ID_6532
2016,남,52세,승용차,상해없음,남,23세,자전거,경상,차대차 - 측면직각충돌,기타,맑음,2016-11-06_17시,ID_2321
2020,남,38세,승용차,상해없음,남,15세,자전거,경상,차대차 - 기타,신호위반,맑음,2020-02-11_22시,ID_7620
2017,남,42세,승용차,상해없음,여,44세,자전거,경상,차대차 - 측면충돌,안전운전불이행,맑음,2017-10-31_8시,ID_4564
2018,남,62세,승용차,상해없음,남,69세,자전거,경상,차대차 - 기타,신호위반,맑음,2018-05-04_17시,ID_5348
2015,여,40세,승용차,상해없음,여,71세,자전거,중상,차대차 - 기타,안전운전불이행,맑음,2015-10-20_11시,ID_957
2017,남,25세,승용차,상해없음,여,53세,자전거,중상,차대차 - 기타,신호위반,비,2017-12-24_15시,ID_3922
2018,남,46세,화물차,상해없음,남,54세,자전거,경상,차대차 - 측면충돌,안전운전불이행,맑음,2018-10-30_6시,ID_5052
2018,남,63세,화물차,상해없음,여,12세,자전거,경상,차대차 - 측면충돌,안전운전불이행,맑음,2018-05-18_7시,ID_5731
2016,남,41세,자전거,상해없음,여,74세,보행자,경상,차대사람 - 횡단중,안전운전불이행,비,2016-04-18_17시,ID_2360
2017,남,32세,승용차,상해없음,남,72세,자전거,경상,차대차 - 측면충돌,안전운전불이행,맑음,2017-11-15_14시,ID_4070
2015,남,61세,승용차,상해없음,남,48세,자전거,경상,차대차 - 정면충돌,안전운전불이행,맑음,2015-11-29_11시,ID_2027
2016,남,28세,자전거,상해없음,여,20세,보행자,경상,차대사람 - 횡단중,안전운전불이행,맑음,2016-07-02_22시,ID_2431
2016,남,45세,승용차,상해없음,남,66세,자전거,중상,차대차 - 정면충돌,신호위반,맑음,2016-06-23_10시,ID_2325
2018,남,49세,승용차,상해없음,남,81세,자전거,중상,차대차 - 측면충돌,신호위반,맑음,2018-06-30_5시,ID_5596
2017,남,64세,화물차,상해없음,남,14세,자전거,경상,차대차 - 측면충돌,안전운전불이행,비,2017-07-24_18시,ID_4023
2018,남,65세,승합차,상해없음,남,14세,자전거,경상,차대차 - 기타,교차로통행방법위반,흐림,2018-05-29_7시,ID_4844
2019,남,53세,승용차,상해없음,여,24세,자전거,경상,차대차 - 기타,안전운전불이행,맑음,2019-08-22_8시,ID_6521
2020,남,56세,승용차,상해없음,남,60세,자전거,경상,차대차 - 측면충돌,안전운전불이행,맑음,2020-11-08_13시,ID_7454
2019,남,63세,승용차,상해없음,남,65세,자전거,중상,차대차 - 측면충돌,교차로통행방법위반,맑음,2019-05-17_16시,ID_6212
2017,여,60세,승용차,상해없음,남,13세,자전거,경상,차대차 - 추돌,신호위반,맑음,2017-06-14_16시,ID_4444
2018,여,62세,승용차,상해없음,여,76세,자전거,중상,차대차 - 측면충돌,기타,맑음,2018-11-28_13시,ID_5736
2020,남,44세,승용차,상해없음,여,76세,자전거,경상,차대차 - 측면충돌,기타,맑음,2020-10-30_13시,ID_7537
2016,남,61세,승용차,상해없음,남,27세,자전거,경상,차대차 - 기타,기타,맑음,2016-08-05_22시,ID_2236
2015,남,73세,승합차,상해없음,남,76세,자전거,경상,차대차 - 측면직각충돌,기타,맑음,2015-04-11_10시,ID_1877